Country,Period,Sex,Education,EduProp,Age,mx,ax,qx,px,lx,dx,Lx,Tx,ex
Denmark,1991-1995,Female,High,0.249265965,30,0.000404374,2.5,0.002019828,0.997980172,1.00E+05,201.9827505,499495.0431,5111936.616,51.11936616
Denmark,1991-1995,Female,High,0.276142706,35,0.000688994,2.5,0.003439048,0.996560952,99798.01725,343.2101788,498132.0608,4612441.572,46.21776764
Denmark,1991-1995,Female,High,0.268893297,40,0.001316649,2.5,0.006561648,0.993438352,99454.80707,652.587481,495642.5667,4114309.512,41.36863398
Denmark,1991-1995,Female,High,0.210352582,45,0.002001376,2.5,0.009957062,0.990042938,98802.21959,983.7798165,491551.6484,3618666.945,36.62536085
Denmark,1991-1995,Female,High,0.164213664,50,0.003341462,2.5,0.016568899,0.983431101,97818.43977,1620.743823,485040.3393,3127115.297,31.9685665
Denmark,1991-1995,Female,High,0.130312745,55,0.006015993,2.5,0.029634267,0.970365733,96197.69595,2850.748202,473861.6092,2642074.957,27.46505445
Denmark,1991-1995,Female,High,0.101821619,60,0.009252454,2.5,0.045216364,0.954783636,93346.94775,4220.809584,456182.7148,2168213.348,23.22746914
Denmark,1991-1995,Female,High,0.082052789,65,0.014552205,2.5,0.070206865,0.929793135,89126.13816,6257.266785,429987.5239,1712030.633,19.20907456
Denmark,1991-1995,Female,High,0.078227976,70,0.023116403,2.5,0.109267344,0.890732656,82868.87138,9054.861492,391707.2032,1282043.109,15.47074418
Denmark,1991-1995,Female,High,0.07934133,75,0.037605136,2.5,0.17186789,0.82813211,73814.00989,12686.2581,337354.4042,890335.9062,12.06188239
Denmark,1991-1995,Female,High,0.080564495,80,0.065345136,2.5,0.280845896,0.719154104,61127.75179,17167.47824,262720.0633,552981.502,9.046324882
Denmark,1991-1995,Female,High,0.081344534,85,0.116528234,2.5,0.451197928,0.548802072,43960.27355,19834.78432,170214.4069,290261.4386,6.602812385
Denmark,1991-1995,Female,High,0.081884037,90,0.200966978,4.975941857,1,0,24125.48923,24125.48923,120047.0317,120047.0317,4.975941857
Denmark,1991-1995,Female,Middle,0.371819808,30,0.000495034,2.5,0.00247211,0.99752789,1.00E+05,247.2110474,499381.9724,4987991.27,49.8799127
Denmark,1991-1995,Female,Middle,0.319938865,35,0.000881645,2.5,0.004398532,0.995601468,99752.78895,438.7658771,497667.0301,4488609.298,44.99733135
Denmark,1991-1995,Female,Middle,0.366881498,40,0.001637833,2.5,0.008155769,0.991844231,99314.02308,809.9822323,494545.1598,3990942.268,40.18508307
Denmark,1991-1995,Female,Middle,0.380814152,45,0.002494693,2.5,0.012396153,0.987603847,98504.04084,1221.071152,489467.5263,3496397.108,35.4949612
Denmark,1991-1995,Female,Middle,0.33406118,50,0.004051635,2.5,0.020055033,0.979944967,97282.96969,1951.013207,481537.3154,3006929.582,30.90910558
Denmark,1991-1995,Female,Middle,0.279952697,55,0.006393915,2.5,0.031466587,0.968533413,95331.95648,2999.771264,469160.3543,2525392.266,26.49051125
Denmark,1991-1995,Female,Middle,0.238357812,60,0.010672997,2.5,0.051978081,0.948021919,92332.18522,4799.249778,449662.8017,2056231.912,22.26993661
Denmark,1991-1995,Female,Middle,0.200386465,65,0.016885777,2.5,0.081009131,0.918990869,87532.93544,7090.967011,419937.2597,1606569.11,18.35388134
Denmark,1991-1995,Female,Middle,0.196985153,70,0.026315787,2.5,0.123456778,0.876543222,80441.96843,9931.106258,377382.0765,1186631.851,14.75140245
Denmark,1991-1995,Female,Middle,0.195482067,75,0.042033451,2.5,0.190182218,0.809817782,70510.86217,13409.91218,319029.5304,809249.7741,11.47695191
Denmark,1991-1995,Female,Middle,0.194779764,80,0.071761453,2.5,0.304227707,0.695772293,57100.94999,17371.69109,242075.5222,490220.2436,8.585150399
Denmark,1991-1995,Female,Middle,0.194394558,85,0.125829208,2.5,0.478593451,0.521406549,39729.2589,19014.16314,151110.8867,248144.7214,6.245893537
Denmark,1991-1995,Female,Middle,0.19414126,90,0.213483223,4.684208842,1,0,20715.09576,20715.09576,97033.83474,97033.83474,4.684208842
Denmark,1991-1995,Female,Low,0.378914227,30,0.000965748,2.5,0.00481711,0.99518289,1.00E+05,481.7109635,498795.7226,4774694.307,47.74694307
Denmark,1991-1995,Female,Low,0.403918429,35,0.001547304,2.5,0.007706707,0.992293293,99518.28904,766.9583063,495674.0494,4275898.585,42.96595758
Denmark,1991-1995,Female,Low,0.364225205,40,0.002271045,2.5,0.011291118,0.988708882,98751.33073,1115.012935,490969.1213,3780224.535,38.28023893
Denmark,1991-1995,Female,Low,0.408833266,45,0.003630042,2.5,0.017986976,0.982013024,97636.3178,1756.182144,483791.1336,3289255.414,33.68885153
Denmark,1991-1995,Female,Low,0.501725156,50,0.005516039,2.5,0.027205033,0.972794967,95880.13565,2608.422257,472879.6226,2805464.28,29.26012006
Denmark,1991-1995,Female,Low,0.589734558,55,0.008471414,2.5,0.041478615,0.958521385,93271.71339,3868.781454,456686.6133,2332584.658,25.00848942
Denmark,1991-1995,Female,Low,0.659820569,60,0.013412633,2.5,0.064887388,0.935112612,89402.93194,5801.122741,432511.8529,1875898.044,20.98251147
Denmark,1991-1995,Female,Low,0.717560746,65,0.019707753,2.5,0.093911789,0.906088211,83601.8092,7851.195494,398381.0573,1443386.192,17.26501143
Denmark,1991-1995,Female,Low,0.724786871,70,0.030268141,2.5,0.140694315,0.859305685,75750.61371,10657.68071,352108.8668,1045005.134,13.79533555
Denmark,1991-1995,Female,Low,0.725176603,75,0.04818884,2.5,0.215038106,0.784961894,65092.933,13997.46102,290471.0124,692896.2676,10.64472341
Denmark,1991-1995,Female,Low,0.724655741,80,0.079698307,2.5,0.332285128,0.667714872,51095.47198,16978.26544,213031.6963,402425.2552,7.875947507
Denmark,1991-1995,Female,Low,0.724260908,85,0.137320544,2.5,0.511130817,0.488869183,34117.20654,17438.35563,126990.1436,189393.5589,5.551262196
Denmark,1991-1995,Female,Low,0.723974703,90,0.267274649,3.7414697,1,0,16678.8509,16678.8509,62403.41529,62403.41529,3.7414697
Sweden,1991-1995,Female,High,0.241359961,30,0.000133515,2.5,0.000667353,0.999332647,1.00E+05,66.73533636,499833.1617,5486568.821,54.86568821
Sweden,1991-1995,Female,High,0.280561713,35,0.000481848,2.5,0.002406339,0.997593661,99933.26466,240.4732964,499065.1401,4986735.66,49.90065797
Sweden,1991-1995,Female,High,0.282962146,40,0.000819388,2.5,0.004088562,0.995911438,99692.79137,407.6002003,497444.9563,4487670.52,45.01499515
Sweden,1991-1995,Female,High,0.251803535,45,0.001371629,2.5,0.00683471,0.99316529,99285.19117,678.5855292,494729.492,3990225.563,40.18953397
Sweden,1991-1995,Female,High,0.208293559,50,0.002224524,2.5,0.011061106,0.988938894,98606.60564,1090.698113,490306.2829,3495496.071,35.44890374
Sweden,1991-1995,Female,High,0.159935924,55,0.003190863,2.5,0.01582805,0.98417195,97515.90752,1543.486668,483720.821,3005189.788,30.81743138
Sweden,1991-1995,Female,High,0.114802954,60,0.005544715,2.5,0.027344533,0.972655467,95972.42086,2624.321039,473301.3017,2521468.967,26.27284948
Sweden,1991-1995,Female,High,0.075889261,65,0.007875875,2.5,0.038618981,0.961381019,93348.09982,3605.008458,457727.9779,2048167.666,21.9411822
Sweden,1991-1995,Female,High,0.055424582,70,0.0137515,2.5,0.066472267,0.933527733,89743.09136,5965.426698,433801.8901,1590439.688,17.72214065
Sweden,1991-1995,Female,High,0.045068801,75,0.024743615,2.5,0.116510825,0.883489175,83777.66466,9761.004857,394485.8112,1156637.798,13.8060401
Sweden,1991-1995,Female,High,0.044639757,80,0.049757696,2.5,0.221264458,0.778735542,74016.6598,16377.25611,329140.1587,762151.9866,10.29703297
Sweden,1991-1995,Female,High,0.044730136,85,0.095141161,2.5,0.384299141,0.615700859,57639.40369,22150.77332,232820.0852,433011.8279,7.512427266
Sweden,1991-1995,Female,High,0.044734994,90,0.177273198,5.641010674,1,0,35488.63037,35488.63037,200191.7427,200191.7427,5.641010674
Sweden,1991-1995,Female,Middle,0.568090858,30,0.000229368,2.5,0.001146184,0.998853816,1.00E+05,114.618407,499713.454,5296844.608,52.96844608
Sweden,1991-1995,Female,Middle,0.506555571,35,0.000665817,2.5,0.00332355,0.99667645,99885.38159,331.9740975,498596.9727,4797131.154,48.02635859
Sweden,1991-1995,Female,Middle,0.481048092,40,0.001025229,2.5,0.00511304,0.99488696,99553.4075,509.0205835,496494.486,4298534.181,43.17817229
Sweden,1991-1995,Female,Middle,0.451099108,45,0.001866169,2.5,0.009287517,0.990712483,99044.38691,919.8764036,492922.2436,3802039.695,38.38723035
Sweden,1991-1995,Female,Middle,0.406793789,50,0.002802584,2.5,0.013915423,0.986084577,98124.51051,1365.44407,487208.9424,3309117.452,33.72365818
Sweden,1991-1995,Female,Middle,0.356554288,55,0.00417613,2.5,0.020664902,0.979335098,96759.06644,1999.516654,478796.5406,2821908.509,29.16428003
Sweden,1991-1995,Female,Middle,0.306284948,60,0.006493902,2.5,0.031950798,0.968049202,94759.54978,3027.643221,466228.6409,2343111.969,24.72692171
Sweden,1991-1995,Female,Middle,0.263563495,65,0.010264343,2.5,0.050037706,0.949962294,91731.90656,4590.054213,447184.3973,1876883.328,20.46052893
Sweden,1991-1995,Female,Middle,0.223724195,70,0.016949357,2.5,0.081301753,0.918698247,87141.85235,7084.785358,417997.2984,1429698.931,16.40657034
Sweden,1991-1995,Female,Middle,0.175326183,75,0.031118655,2.5,0.144362368,0.855637632,80057.06699,11557.22779,371392.2655,1011701.632,12.63725578
Sweden,1991-1995,Female,Middle,0.167360439,80,0.060066984,2.5,0.261122777,0.738877223,68499.8392,17886.86824,297782.0254,640309.3667,9.347603938
Sweden,1991-1995,Female,Middle,0.167322326,85,0.110522318,2.5,0.43297742,0.56702258,50612.97097,21914.2736,198279.1708,342527.3413,6.767580221
Sweden,1991-1995,Female,Middle,0.16730863,90,0.198953632,5.02629679,1,0,28698.69736,28698.69736,144248.1704,144248.1704,5.02629679
Sweden,1991-1995,Female,Low,0.190549181,30,0.000411765,2.5,0.002056706,0.997943294,1.00E+05,205.6706332,499485.8234,5118568.635,51.18568635
Sweden,1991-1995,Female,Low,0.212882716,35,0.0010573,2.5,0.005272566,0.994727434,99794.32937,526.17214,497656.2165,4619082.812,46.28602488
Sweden,1991-1995,Female,Low,0.235989762,40,0.001612491,2.5,0.008030086,0.991969914,99268.15723,797.1318268,494347.9566,4121426.595,41.51811327
Sweden,1991-1995,Female,Low,0.297097357,45,0.002352465,2.5,0.011693551,0.988306449,98471.0254,1151.475992,489476.437,3627078.639,36.83396841
Sweden,1991-1995,Female,Low,0.384912651,50,0.003518294,2.5,0.017438088,0.982561912,97319.54941,1697.066829,482355.08,3137602.202,32.24020478
Sweden,1991-1995,Female,Low,0.483509789,55,0.005229147,2.5,0.025808344,0.974191656,95622.48258,2467.857924,471942.7681,2655247.122,27.76802118
Sweden,1991-1995,Female,Low,0.578912097,60,0.007966181,2.5,0.039053145,0.960946855,93154.62465,3637.981064,456678.1706,2183304.354,23.43742312
Sweden,1991-1995,Female,Low,0.660547244,65,0.012397899,2.5,0.06012591,0.93987409,89516.64359,5382.269638,434127.5439,1726626.183,19.28832577
Sweden,1991-1995,Female,Low,0.720851223,70,0.020545443,2.5,0.097708551,0.902291449,84134.37395,8220.647789,400120.2503,1292498.639,15.36231362
Sweden,1991-1995,Female,Low,0.779605016,75,0.0371113,2.5,0.169802521,0.830197479,75913.72616,12890.34207,347342.7756,892378.389,11.75516516
Sweden,1991-1995,Female,Low,0.787999803,80,0.069260622,2.5,0.29519043,0.70480957,63023.38409,18603.89983,268607.1709,545035.6133,8.648148955
Sweden,1991-1995,Female,Low,0.787947538,85,0.124295053,2.5,0.474141619,0.525858381,44419.48426,21061.1262,169444.6058,276428.4424,6.223134893
Sweden,1991-1995,Female,Low,0.787956376,90,0.218335393,4.580109456,1,0,23358.35806,23358.35806,106983.8366,106983.8366,4.580109456
Denmark,1996-2000,Female,High,0.250157174,30,0.000389402,2.5,0.001945115,0.998054885,1.00E+05,194.5114623,499513.7213,5232860.142,52.32860142
Denmark,1996-2000,Female,High,0.269312766,35,0.000505931,2.5,0.002526459,0.997473541,99805.48854,252.1544627,498397.0565,4733346.421,47.42571265
Denmark,1996-2000,Female,High,0.293045526,40,0.001036979,2.5,0.00517149,0.99482851,99553.33408,514.8391069,496479.5726,4234949.364,42.53950311
Denmark,1996-2000,Female,High,0.277887101,45,0.001780569,2.5,0.008863393,0.991136607,99038.49497,877.8170759,492997.9322,3738469.791,37.7476434
Denmark,1996-2000,Female,High,0.215909191,50,0.002882595,2.5,0.014309852,0.985690148,98160.67789,1404.664778,487291.7275,3245471.859,33.06285092
Denmark,1996-2000,Female,High,0.16723244,55,0.004754749,2.5,0.023494472,0.976505528,96756.01311,2273.231401,478096.9871,2758180.132,28.50655006
Denmark,1996-2000,Female,High,0.131746877,60,0.007806343,2.5,0.03828456,0.96171544,94482.78171,3617.231747,463370.8292,2280083.145,24.13226096
Denmark,1996-2000,Female,High,0.103596476,65,0.013773462,2.5,0.066574895,0.933425105,90865.54997,6049.364409,439204.3388,1816712.315,19.99341132
Denmark,1996-2000,Female,High,0.084130962,70,0.020772193,2.5,0.098733679,0.901266321,84816.18556,8374.214027,403145.3927,1377507.977,16.24109794
Denmark,1996-2000,Female,High,0.080849867,75,0.033983142,2.5,0.156610425,0.843389575,76441.97153,11971.60962,352280.8336,974362.5839,12.74643451
Denmark,1996-2000,Female,High,0.082015501,80,0.059245595,2.5,0.258012688,0.741987312,64470.36191,16634.17135,280766.3812,622081.7503,9.649112118
Denmark,1996-2000,Female,High,0.083374984,85,0.104298194,2.5,0.413636993,0.586363007,47836.19056,19786.81802,189713.9078,341315.3692,7.135086744
Denmark,1996-2000,Female,High,0.083949857,90,0.185020463,5.404807583,1,0,28049.37254,28049.37254,151601.4614,151601.4614,5.404807583
Denmark,1996-2000,Female,Middle,0.473522199,30,0.000374405,2.5,0.001870275,0.998129725,1.00E+05,187.0275012,499532.4312,5081047.539,50.81047539
Denmark,1996-2000,Female,Middle,0.408790331,35,0.0006537,2.5,0.003263166,0.996736834,99812.9725,325.7062961,498250.5968,4581515.108,45.90099857
Denmark,1996-2000,Female,Middle,0.326079044,40,0.001295279,2.5,0.006455491,0.993544509,99487.2662,642.2391151,495830.7332,4083264.511,41.04308689
Denmark,1996-2000,Female,Middle,0.370677783,45,0.002262796,2.5,0.011250337,0.988749663,98845.02709,1112.03988,491445.0357,3587433.778,36.29351808
Denmark,1996-2000,Female,Middle,0.382956078,50,0.003632007,2.5,0.017996624,0.982003376,97732.98721,1758.863848,484267.7764,3095988.742,31.67803247
Denmark,1996-2000,Female,Middle,0.335427551,55,0.005722419,2.5,0.028208545,0.971791455,95974.12336,2707.290337,473102.391,2611720.965,27.21276188
Denmark,1996-2000,Female,Middle,0.281060682,60,0.009855558,2.5,0.048092837,0.951907163,93266.83302,4485.466611,455120.4986,2138618.574,22.93010822
Denmark,1996-2000,Female,Middle,0.23954766,65,0.016337192,2.5,0.078480577,0.921519423,88781.36641,6967.612875,426487.7999,1683498.076,18.96229067
Denmark,1996-2000,Female,Middle,0.202207407,70,0.024325135,2.5,0.114653284,0.885346716,81813.75354,9380.215496,385618.2289,1257010.276,15.3642905
Denmark,1996-2000,Female,Middle,0.199481967,75,0.038851599,2.5,0.177060306,0.822939694,72433.53804,12825.10442,330104.9291,871392.0471,12.03022896
Denmark,1996-2000,Female,Middle,0.197802186,80,0.066219953,2.5,0.284071725,0.715928275,59608.43362,16933.07054,255709.4917,541287.1179,9.080713669
Denmark,1996-2000,Female,Middle,0.196957457,85,0.114111838,2.5,0.443918346,0.556081654,42675.36308,18944.37659,166015.8739,285577.6262,6.691861663
Denmark,1996-2000,Female,Middle,0.196666867,90,0.198483094,5.038212478,1,0,23730.98649,23730.98649,119561.7522,119561.7522,5.038212478
Denmark,1996-2000,Female,Low,0.276320628,30,0.001029391,2.5,0.005133742,0.994866258,1.00E+05,513.3742429,498716.5644,4814353.767,48.14353767
Denmark,1996-2000,Female,Low,0.321896903,35,0.001634071,2.5,0.008137114,0.991862886,99486.62576,809.5340382,495409.2937,4315637.203,43.37906899
Denmark,1996-2000,Female,Low,0.38087543,40,0.002358992,2.5,0.011725806,0.988274194,98677.09172,1157.068416,490492.7876,3820227.909,38.71443556
Denmark,1996-2000,Female,Low,0.351435116,45,0.003695826,2.5,0.018309952,0.981690048,97520.0233,1785.586943,483136.1492,3329735.121,34.14411737
Denmark,1996-2000,Female,Low,0.40113473,50,0.005202391,2.5,0.025677986,0.974322014,95734.43636,2458.267539,472526.513,2846598.972,29.73432633
Denmark,1996-2000,Female,Low,0.497340009,55,0.00770332,2.5,0.037788852,0.962211148,93276.16882,3524.799342,457568.8458,2374072.459,25.45207945
Denmark,1996-2000,Female,Low,0.58719244,60,0.012786931,2.5,0.061954147,0.938045853,89751.36948,5560.469525,434855.6736,1916503.613,21.35347488
Denmark,1996-2000,Female,Low,0.656855865,65,0.020035695,2.5,0.095399962,0.904600038,84190.89995,8031.808653,400874.9781,1481647.94,17.59867089
Denmark,1996-2000,Female,Low,0.713661632,70,0.029760062,2.5,0.138496171,0.861503829,76159.0913,10547.74254,354426.1002,1080772.962,14.19099077
Denmark,1996-2000,Female,Low,0.719668166,75,0.046457286,2.5,0.208115254,0.791884746,65611.34876,13654.72252,293919.9375,726346.8616,11.07044552
Denmark,1996-2000,Female,Low,0.720182313,80,0.077125257,2.5,0.323291445,0.676708555,51956.62624,16797.1328,217790.2992,432426.9241,8.322844562
Denmark,1996-2000,Female,Low,0.719667558,85,0.129489249,2.5,0.489110023,0.510889977,35159.49344,17196.86064,132805.3156,214636.6249,6.104656352
Denmark,1996-2000,Female,Low,0.719383276,90,0.21950807,4.555641162,1,0,17962.6328,17962.6328,81831.30935,81831.30935,4.555641162
Sweden,1996-2000,Female,High,0.233676308,30,0.000122334,2.5,0.000611482,0.999388518,1.00E+05,61.14820014,499847.1295,5562948.48,55.6294848
Sweden,1996-2000,Female,High,0.268222617,35,0.000340495,2.5,0.001701027,0.998298973,99938.8518,169.9986397,499269.2624,5063101.351,50.6619924
Sweden,1996-2000,Female,High,0.299901361,40,0.000644863,2.5,0.003219126,0.996780874,99768.85316,321.1684622,498041.3446,4563832.088,45.74405683
Sweden,1996-2000,Female,High,0.295325114,45,0.001067001,2.5,0.005320812,0.994679188,99447.6847,529.1424033,495915.5675,4065790.744,40.88371445
Sweden,1996-2000,Female,High,0.257762897,50,0.001918345,2.5,0.009545945,0.990454055,98918.54229,944.270969,492232.0341,3569875.176,36.08903946
Sweden,1996-2000,Female,High,0.210913404,55,0.003092898,2.5,0.015345831,0.984654169,97974.27133,1503.49664,486112.615,3077643.142,31.41276889
Sweden,1996-2000,Female,High,0.161088236,60,0.004330923,2.5,0.021422664,0.978577336,96470.77469,2066.660953,477187.221,2591530.527,26.86337428
Sweden,1996-2000,Female,High,0.11610574,65,0.007414582,2.5,0.036398216,0.963601784,94404.11373,3436.141338,463430.2153,2114343.306,22.39672852
Sweden,1996-2000,Female,High,0.077893001,70,0.0123752,2.5,0.06001913,0.93998087,90967.97239,5459.818525,441190.3157,1650913.091,18.14828942
Sweden,1996-2000,Female,High,0.057771042,75,0.019706432,2.5,0.093905792,0.906094208,85508.15387,8029.710874,407466.4922,1209722.775,14.14745519
Sweden,1996-2000,Female,High,0.047792713,80,0.048912571,2.5,0.217915801,0.782084199,77478.443,16883.77698,345182.7725,802256.283,10.35457415
Sweden,1996-2000,Female,High,0.047585664,85,0.095192682,2.5,0.384467239,0.615532761,60594.66602,23296.66395,244731.6702,457073.5104,7.543131112
Sweden,1996-2000,Female,High,0.04769537,90,0.175650743,5.693115676,1,0,37298.00206,37298.00206,212341.8402,212341.8402,5.693115676
Sweden,1996-2000,Female,Middle,0.614109413,30,0.000203784,2.5,0.001018399,0.998981601,1.00E+05,101.8398901,499745.4003,5348543.456,53.48543456
Sweden,1996-2000,Female,Middle,0.556740903,35,0.000582843,2.5,0.002909976,0.997090024,99898.16011,290.7012738,498764.0474,4848798.055,48.537411
Sweden,1996-2000,Female,Middle,0.502418135,40,0.000963012,2.5,0.004803497,0.995196503,99607.45884,478.4641353,496841.1338,4350034.008,43.67176975
Sweden,1996-2000,Female,Middle,0.480597952,45,0.001670585,2.5,0.008318183,0.991681817,99128.9947,824.573127,493583.5407,3853192.874,38.87049279
Sweden,1996-2000,Female,Middle,0.4546879,50,0.002650635,2.5,0.013165929,0.986834071,98304.42157,1294.269073,488286.4352,3359609.333,34.17556687
Sweden,1996-2000,Female,Middle,0.412698976,55,0.004155807,2.5,0.020565369,0.979434631,97010.1525,1995.049561,480063.1386,2871322.898,29.5981691
Sweden,1996-2000,Female,Middle,0.3616595,60,0.006271399,2.5,0.030872954,0.969127046,95015.10294,2933.396949,467742.0223,2391259.76,25.16715433
Sweden,1996-2000,Female,Middle,0.308768328,65,0.009535412,2.5,0.04656697,0.95343303,92081.70599,4287.966051,449688.6148,1923517.737,20.88924957
Sweden,1996-2000,Female,Middle,0.2667132,70,0.015759709,2.5,0.075811624,0.924188376,87793.73994,6655.786021,422329.2346,1473829.123,16.78740561
Sweden,1996-2000,Female,Middle,0.227372193,75,0.028688488,2.5,0.133843052,0.866156948,81137.95392,10859.75141,378540.3911,1051499.888,12.95940848
Sweden,1996-2000,Female,Middle,0.180719873,80,0.056918352,2.5,0.249140145,0.750859855,70278.20251,17509.12154,307618.2087,672959.4968,9.575650383
Sweden,1996-2000,Female,Middle,0.17314102,85,0.107569703,2.5,0.423861796,0.576138204,52769.08097,22366.79745,207928.4112,365341.2881,6.923396834
Sweden,1996-2000,Female,Middle,0.173071619,90,0.193137208,5.177666238,1,0,30402.28351,30402.28351,157412.8769,157412.8769,5.177666238
Sweden,1996-2000,Female,Low,0.152214279,30,0.000467424,2.5,0.002334394,0.997665606,1.00E+05,233.4393537,499416.4016,5164818,51.64818
Sweden,1996-2000,Female,Low,0.175036479,35,0.001039583,2.5,0.005184442,0.994815558,99766.56065,517.2339415,497539.7184,4665401.598,46.76317965
Sweden,1996-2000,Female,Low,0.197680504,40,0.001570927,2.5,0.007823906,0.992176094,99249.3267,776.517425,494305.34,4167861.88,41.99385546
Sweden,1996-2000,Female,Low,0.224076935,45,0.002334991,2.5,0.011607196,0.988392804,98472.80928,1142.993215,489506.5634,3673556.54,37.3052883
Sweden,1996-2000,Female,Low,0.287549203,50,0.003443658,2.5,0.01707132,0.98292868,97329.81606,1661.548453,482495.2092,3184049.977,32.71402439
Sweden,1996-2000,Female,Low,0.37638762,55,0.005165152,2.5,0.025496527,0.974503473,95668.26761,2439.208531,472243.3167,2701554.767,28.23877587
Sweden,1996-2000,Female,Low,0.477252264,60,0.007781791,2.5,0.038166446,0.961833554,93229.05908,3558.221813,457249.7409,2229311.451,23.91219511
Sweden,1996-2000,Female,Low,0.575125932,65,0.011630906,2.5,0.056511334,0.943488666,89670.83727,5067.418654,435685.6397,1772061.71,19.76185083
Sweden,1996-2000,Female,Low,0.6553938,70,0.019334046,2.5,0.0922131,0.9077869,84603.41861,7801.543538,403513.2342,1336376.07,15.79576915
Sweden,1996-2000,Female,Low,0.714856765,75,0.034436348,2.5,0.158533456,0.841466544,76801.87508,12175.66665,353570.2088,932862.8359,12.14635495
Sweden,1996-2000,Female,Low,0.771487413,80,0.064455017,2.5,0.277551172,0.722448828,64626.20842,17937.07987,278288.3424,579292.6271,8.96374151
Sweden,1996-2000,Female,Low,0.779273315,85,0.118837893,2.5,0.458092575,0.541907425,46689.12855,21387.94311,179975.785,301004.2847,6.446988711
Sweden,1996-2000,Female,Low,0.779233012,90,0.209051467,4.783511033,1,0,25301.18544,25301.18544,121028.4997,121028.4997,4.783511033
Denmark,2001-2005,Female,High,0.318238224,30,0.000330739,2.5,0.001652329,0.998347671,1.00E+05,165.2329186,499586.9177,5365026.286,53.65026286
Denmark,2001-2005,Female,High,0.30092237,35,0.000431039,2.5,0.002152877,0.997847123,99834.76708,214.9319662,498636.5055,4865439.369,48.73491982
Denmark,2001-2005,Female,High,0.300160345,40,0.000820961,2.5,0.004096397,0.995903603,99619.83512,408.0824406,497078.9695,4366802.863,43.83467267
Denmark,2001-2005,Female,High,0.312770416,45,0.001466022,2.5,0.007303345,0.992696655,99211.75267,724.5776156,494247.3193,3869723.894,39.00469238
Denmark,2001-2005,Female,High,0.288961502,50,0.002515554,2.5,0.012499163,0.987500837,98487.17506,1231.007265,489358.3571,3375476.574,34.27326017
Denmark,2001-2005,Female,High,0.221491817,55,0.003843892,2.5,0.019036524,0.980963476,97256.16779,1851.419364,481652.2906,2886118.217,29.67542607
Denmark,2001-2005,Female,High,0.170338657,60,0.006205197,2.5,0.030552031,0.969447969,95404.74843,2914.808842,469736.72,2404465.927,25.20279091
Denmark,2001-2005,Female,High,0.134235213,65,0.010306073,2.5,0.050236025,0.949763975,92489.93959,4646.326944,450833.8806,1934729.207,20.91826652
Denmark,2001-2005,Female,High,0.106864762,70,0.018041947,2.5,0.086316444,0.913683556,87843.61264,7582.348274,420262.1925,1483895.326,16.89246698
Denmark,2001-2005,Female,High,0.087573995,75,0.031244783,2.5,0.144905096,0.855094904,80261.26437,11630.2662,372230.6564,1063633.134,13.25213529
Denmark,2001-2005,Female,High,0.084571144,80,0.054093426,2.5,0.238248003,0.761751997,68630.99817,16351.19826,302276.9952,691402.4773,10.0742011
Denmark,2001-2005,Female,High,0.08578923,85,0.098071627,2.5,0.393805316,0.606194684,52279.79991,20588.06311,209928.8418,389125.4821,7.443132581
Denmark,2001-2005,Female,High,0.086791744,90,0.176854526,5.654364776,1,0,31691.7368,31691.7368,179196.6403,179196.6403,5.654364776
Denmark,2001-2005,Female,Middle,0.46522017,30,0.000371042,2.5,0.001853491,0.998146509,1.00E+05,185.3491112,499536.6272,5159115.377,51.59115377
Denmark,2001-2005,Female,Middle,0.472568064,35,0.00067278,2.5,0.003358251,0.996641749,99814.65089,335.2026587,498235.2478,4659578.75,46.68231275
Denmark,2001-2005,Female,Middle,0.416780004,40,0.001021474,2.5,0.005094358,0.994905642,99479.44823,506.7839662,496130.2812,4161343.502,41.83118801
Denmark,2001-2005,Female,Middle,0.341859733,45,0.002187213,2.5,0.010876594,0.989123406,98972.66426,1076.485449,492172.1077,3665213.221,37.03258115
Denmark,2001-2005,Female,Middle,0.381297008,50,0.003524793,2.5,0.01747002,0.98252998,97896.17881,1710.248174,485205.2736,3173041.113,32.41230814
Denmark,2001-2005,Female,Middle,0.389238845,55,0.005193212,2.5,0.025633262,0.974366738,96185.93064,2465.559173,474765.7553,2687835.839,27.94416836
Denmark,2001-2005,Female,Middle,0.338963205,60,0.007914136,2.5,0.038802951,0.961197049,93720.37147,3636.626966,459510.2899,2213070.084,23.61354367
Denmark,2001-2005,Female,Middle,0.282923351,65,0.013191354,2.5,0.063851063,0.936148937,90083.7445,5751.942836,436038.8654,1753559.794,19.46588482
Denmark,2001-2005,Female,Middle,0.242132358,70,0.022749683,2.5,0.107627201,0.892372799,84331.80166,9076.395775,398968.0189,1317520.929,15.62306156
Denmark,2001-2005,Female,Middle,0.205849272,75,0.037939375,2.5,0.173263135,0.826736865,75255.40589,13038.98756,343679.5606,918552.9099,12.20580633
Denmark,2001-2005,Female,Middle,0.203045808,80,0.063551908,2.5,0.274195433,0.725804567,62216.41833,17059.45779,268433.4472,574873.3494,9.23989784
Denmark,2001-2005,Female,Middle,0.201138682,85,0.111729123,2.5,0.436672912,0.563327088,45156.96054,19718.82144,176487.7491,306439.9022,6.786105587
Denmark,2001-2005,Female,Middle,0.200523413,90,0.19575004,5.108555801,1,0,25438.1391,25438.1391,129952.1531,129952.1531,5.108555801
Denmark,2001-2005,Female,Low,0.216541606,30,0.001069348,2.5,0.005332486,0.994667514,1.00E+05,533.2485824,498666.8785,4888870.105,48.88870105
Denmark,2001-2005,Female,Low,0.226509566,35,0.001463902,2.5,0.007292822,0.992707178,99466.75142,725.3933519,495520.2737,4390203.227,44.1373943
Denmark,2001-2005,Female,Low,0.283059651,40,0.002244929,2.5,0.011162001,0.988837999,98741.35807,1102.151113,490951.4125,3894682.953,39.44327918
Denmark,2001-2005,Female,Low,0.345369851,45,0.003518099,2.5,0.017437131,0.982562869,97639.20695,1702.547659,483939.6656,3403731.541,34.86029482
Denmark,2001-2005,Female,Low,0.32974149,50,0.005241393,2.5,0.025868005,0.974131995,95936.65929,2481.689951,473479.0716,2919791.875,30.4345794
Denmark,2001-2005,Female,Low,0.389269338,55,0.007422893,2.5,0.036438274,0.963561726,93454.96934,3405.337767,458761.5023,2446312.803,26.17638014
Denmark,2001-2005,Female,Low,0.490698138,60,0.010830201,2.5,0.052723491,0.947276509,90049.63158,4747.730927,438378.8306,1987551.301,22.07173163
Denmark,2001-2005,Female,Low,0.582841436,65,0.01757662,2.5,0.084183929,0.915816071,85301.90065,7181.049128,408556.8804,1549172.471,18.16105455
Denmark,2001-2005,Female,Low,0.65100288,70,0.028520774,2.5,0.133112679,0.866887321,78120.85152,10398.87581,364607.0681,1140615.59,14.60065486
Denmark,2001-2005,Female,Low,0.706576734,75,0.043452144,2.5,0.195972191,0.804027809,67721.97571,13271.62398,305430.8186,776008.5221,11.45874015
Denmark,2001-2005,Female,Low,0.712383049,80,0.071564147,2.5,0.303518186,0.696481814,54450.35173,16526.672,230935.0787,470577.7035,8.642326239
Denmark,2001-2005,Female,Low,0.713072088,85,0.123299155,2.5,0.471237739,0.528762261,37923.67973,17871.0691,144940.7259,239642.6248,6.319076275
Denmark,2001-2005,Female,Low,0.712684842,90,0.211744546,4.722671809,1,0,20052.61063,20052.61063,94701.89893,94701.89893,4.722671809
Sweden,2001-2005,Female,High,0.331649178,30,0.00011168,2.5,0.000558245,0.999441755,1.00E+05,55.82448781,499860.4388,5642198.27,56.4219827
Sweden,2001-2005,Female,High,0.297767628,35,0.000345738,2.5,0.001727196,0.998272804,99944.17551,172.6231552,499289.3197,5142337.832,51.45210119
Sweden,2001-2005,Female,High,0.309474699,40,0.000524313,2.5,0.002618132,0.997381868,99771.55236,261.2151057,498204.724,4643048.512,46.53679734
Sweden,2001-2005,Female,High,0.321935557,45,0.000987866,2.5,0.004927161,0.995072839,99510.33725,490.3034208,496325.9277,4144843.788,41.65239414
Sweden,2001-2005,Female,High,0.303179496,50,0.001720281,2.5,0.008564571,0.991435429,99020.03383,848.064143,492980.0088,3648517.86,36.84625948
Sweden,2001-2005,Female,High,0.261176813,55,0.002808423,2.5,0.013944211,0.986055789,98171.96969,1368.930655,487437.5218,3155537.851,32.1429616
Sweden,2001-2005,Female,High,0.213320821,60,0.004464839,2.5,0.02207776,0.97792224,96803.03903,2137.194305,478672.2094,2668100.33,27.56215462
Sweden,2001-2005,Female,High,0.163805474,65,0.006738185,2.5,0.03313279,0.96686721,94665.84473,3136.543568,465487.8647,2189428.12,23.12796264
Sweden,2001-2005,Female,High,0.118979499,70,0.011953409,2.5,0.058032819,0.941967181,91529.30116,5311.703354,444367.2474,1723940.255,18.8348456
Sweden,2001-2005,Female,High,0.080733806,75,0.019047619,2.5,0.090909091,0.909090909,86217.59781,7837.963437,411493.0804,1279573.008,14.84120459
Sweden,2001-2005,Female,High,0.061364344,80,0.035007484,2.5,0.160951179,0.839048821,78379.63437,12615.29459,360359.9354,868079.9276,11.07532505
Sweden,2001-2005,Female,High,0.052328888,85,0.091545569,2.5,0.372480498,0.627519502,65764.33977,24495.93404,267581.8638,507719.9923,7.720293308
Sweden,2001-2005,Female,High,0.052569525,90,0.171852783,5.818933982,1,0,41268.40573,41268.40573,240138.1285,240138.1285,5.818933982
Sweden,2001-2005,Female,Middle,0.563682301,30,0.000174831,2.5,0.000873774,0.999126226,1.00E+05,87.37737114,499781.5566,5387569.811,53.87569811
Sweden,2001-2005,Female,Middle,0.589743091,35,0.00051412,2.5,0.002567301,0.997432699,99912.62263,256.5058058,498921.8486,4887788.254,48.9206281
Sweden,2001-2005,Female,Middle,0.551812998,40,0.00084353,2.5,0.004208773,0.995791227,99656.11682,419.4299264,497232.0093,4388866.405,44.04011058
Sweden,2001-2005,Female,Middle,0.510526834,45,0.001492892,2.5,0.007436704,0.992563296,99236.6869,737.993818,494338.4499,3891634.396,39.2156824
Sweden,2001-2005,Female,Middle,0.492982819,50,0.002329111,2.5,0.01157814,0.98842186,98498.69308,1140.431637,489642.3863,3397295.946,34.49077181
Sweden,2001-2005,Female,Middle,0.465362419,55,0.004081796,2.5,0.02020282,0.97979718,97358.26144,1966.911425,481874.0286,2907653.56,29.86550414
Sweden,2001-2005,Female,Middle,0.418020917,60,0.006133854,2.5,0.030206071,0.969793929,95391.35002,2881.397872,469753.2554,2425779.531,25.42976413
Sweden,2001-2005,Female,Middle,0.363289001,65,0.009696096,2.5,0.047333115,0.952666885,92509.95215,4378.784184,451602.8003,1956026.276,21.14395511
Sweden,2001-2005,Female,Middle,0.310732755,70,0.01548944,2.5,0.074559971,0.925440029,88131.16796,6571.057296,424228.1966,1504423.475,17.0702773
Sweden,2001-2005,Female,Middle,0.269969298,75,0.027140972,2.5,0.127082034,0.872917966,81560.11066,10364.82477,381888.4914,1080195.279,13.24416152
Sweden,2001-2005,Female,Middle,0.232716084,80,0.052464534,2.5,0.231905619,0.768094381,71195.28589,16510.58686,314699.9623,698306.7875,9.808329004
Sweden,2001-2005,Female,Middle,0.189429424,85,0.105069042,2.5,0.416058134,0.583941866,54684.69903,22752.01385,216543.4606,383606.8252,7.01488409
Sweden,2001-2005,Female,Middle,0.184198604,90,0.191141159,5.231735562,1,0,31932.68519,31932.68519,167063.3647,167063.3647,5.231735562
Sweden,2001-2005,Female,Low,0.104668521,30,0.000385461,2.5,0.00192545,0.99807455,1.00E+05,192.545035,499518.6374,5182414.37,51.8241437
Sweden,2001-2005,Female,Low,0.112489281,35,0.000943096,2.5,0.004704389,0.995295611,99807.45496,469.5330933,497863.4421,4682895.732,46.9192981
Sweden,2001-2005,Female,Low,0.138712303,40,0.001427516,2.5,0.0071122,0.9928878,99337.92187,706.5111572,494923.3315,4185032.29,42.12925146
Sweden,2001-2005,Female,Low,0.167537609,45,0.002514464,2.5,0.012493784,0.987506216,98631.41071,1232.279534,490076.3547,3690108.959,37.41312156
Sweden,2001-2005,Female,Low,0.203837685,50,0.003862331,2.5,0.019126969,0.980873031,97399.13118,1862.950134,482338.2806,3200032.604,32.85483726
Sweden,2001-2005,Female,Low,0.273460768,55,0.005291788,2.5,0.02611347,0.97388653,95536.18105,2494.781223,471443.9522,2717694.323,28.44675487
Sweden,2001-2005,Female,Low,0.368658261,60,0.007587046,2.5,0.037229083,0.962770917,93041.39982,3463.846006,456547.3841,2246250.371,24.14248255
Sweden,2001-2005,Female,Low,0.472905525,65,0.011711836,2.5,0.056893367,0.943106633,89577.55382,5096.368686,435146.8474,1789702.987,19.97936884
Sweden,2001-2005,Female,Low,0.570287746,70,0.018628256,2.5,0.088996651,0.911003349,84481.18513,7518.542557,403609.5693,1354556.14,16.03382028
Sweden,2001-2005,Female,Low,0.649296896,75,0.032336831,2.5,0.149590917,0.850409083,76962.64257,11512.91224,356030.9323,950946.5706,12.35595009
Sweden,2001-2005,Female,Low,0.705919572,80,0.061708495,2.5,0.267305001,0.732694999,65449.73033,17495.04021,283511.0511,594915.6383,9.089657593
Sweden,2001-2005,Female,Low,0.758241688,85,0.116988881,2.5,0.452577939,0.547422061,47954.69012,21703.23483,185515.3635,311404.5872,6.493725356
Sweden,2001-2005,Female,Low,0.763231871,90,0.208528217,4.795514087,1,0,26251.45529,26251.45529,125889.2237,125889.2237,4.795514087
Denmark,2006-2010,Female,High,0.403187454,30,0.000254485,2.5,0.001271615,0.998728385,1.00E+05,127.1614923,499682.0963,5473902.786,54.73902786
Denmark,2006-2010,Female,High,0.380010568,35,0.000383031,2.5,0.001913323,0.998086677,99872.83851,191.0889884,498886.4701,4974220.69,49.80554037
Denmark,2006-2010,Female,High,0.331292869,40,0.000634423,2.5,0.003167094,0.996832906,99681.74952,315.7014371,497619.494,4475334.22,44.89622465
Denmark,2006-2010,Female,High,0.321047304,45,0.001169794,2.5,0.005831913,0.994168087,99366.04808,579.4941945,495381.5049,3977714.726,40.03092407
Denmark,2006-2010,Female,High,0.326793332,50,0.002198432,2.5,0.010932077,0.989067923,98786.55389,1079.942251,491232.9138,3482333.221,35.25108513
Denmark,2006-2010,Female,High,0.296984421,55,0.003596182,2.5,0.017820695,0.982179305,97706.61164,1741.199745,484180.0588,2991100.307,30.61307988
Denmark,2006-2010,Female,High,0.22631964,60,0.005522909,2.5,0.027238458,0.972761542,95965.41189,2613.949855,473292.1848,2506920.248,26.12316457
Denmark,2006-2010,Female,High,0.173851515,65,0.008541796,2.5,0.04181602,0.95818398,93351.46204,3903.586648,456998.3436,2033628.063,21.78464074
Denmark,2006-2010,Female,High,0.13871143,70,0.014486043,2.5,0.069898822,0.930101178,89447.87539,6252.301099,431608.6242,1576629.72,17.62624001
Denmark,2006-2010,Female,High,0.111717553,75,0.029228112,2.5,0.136189177,0.863810823,83195.57429,11330.33678,387652.0295,1145021.095,13.76300489
Denmark,2006-2010,Female,High,0.092488071,80,0.050009812,2.5,0.222260985,0.777739015,71865.23751,15972.83848,319394.0914,757369.066,10.53874018
Denmark,2006-2010,Female,High,0.089931623,85,0.091501583,2.5,0.372334846,0.627665154,55892.39903,20810.6878,227435.2757,437974.9746,7.836038213
Denmark,2006-2010,Female,High,0.091020255,90,0.166627536,6.001409041,1,0,35081.71123,35081.71123,210539.699,210539.699,6.001409041
Denmark,2006-2010,Female,Middle,0.4176042,30,0.000285814,2.5,0.001428047,0.998571953,1.00E+05,142.8047167,499642.9882,5254426.048,52.54426048
Denmark,2006-2010,Female,Middle,0.435325743,35,0.00055807,2.5,0.002786461,0.997213539,99857.19528,278.2481715,498590.356,4754783.059,47.61582824
Denmark,2006-2010,Female,Middle,0.465736734,40,0.000938088,2.5,0.004679463,0.995320537,99578.94711,465.9760215,496729.7955,4256192.703,42.74189301
Denmark,2006-2010,Female,Middle,0.420062123,45,0.001755556,2.5,0.008739422,0.991260578,99112.97109,866.1900827,493399.3802,3759462.908,37.9310888
Denmark,2006-2010,Female,Middle,0.350579046,50,0.003200803,2.5,0.015876968,0.984123032,98246.78101,1559.860968,487334.2526,3266063.528,33.24346604
Denmark,2006-2010,Female,Middle,0.388316012,55,0.004983589,2.5,0.024611313,0.975388687,96686.92004,2379.592069,477485.62,2778729.275,28.73945384
Denmark,2006-2010,Female,Middle,0.393400498,60,0.007129637,2.5,0.035023914,0.964976086,94307.32797,3303.011708,463279.1106,2301243.655,24.40153596
Denmark,2006-2010,Female,Middle,0.341711321,65,0.011306479,2.5,0.054978364,0.945021636,91004.31626,5003.268443,442513.4102,1837964.544,20.19645463
Denmark,2006-2010,Female,Middle,0.285909956,70,0.019184584,2.5,0.091532871,0.908467129,86001.04782,7871.922823,410325.432,1395451.134,16.22597828
Denmark,2006-2010,Female,Middle,0.246134166,75,0.034452132,2.5,0.158600358,0.841399642,78129.125,12391.30722,359667.3569,985125.7023,12.60894324
Denmark,2006-2010,Female,Middle,0.209966622,80,0.060602415,2.5,0.263144148,0.736855852,65737.81777,17298.52206,285442.7837,625458.3453,9.514437298
Denmark,2006-2010,Female,Middle,0.207482198,85,0.106914015,2.5,0.421823079,0.578176921,48439.29571,20432.81286,191114.4464,340015.5616,7.019415882
Denmark,2006-2010,Female,Middle,0.2058567,90,0.188087798,5.316666001,1,0,28006.48285,28006.48285,148901.1152,148901.1152,5.316666001
Denmark,2006-2010,Female,Low,0.179208347,30,0.000993193,2.5,0.004953663,0.995046337,1.00E+05,495.3662855,498761.5843,4948592.132,49.48592132
Denmark,2006-2010,Female,Low,0.184663689,35,0.001270227,2.5,0.00633103,0.99366897,99504.63371,629.9668331,495948.2515,4449830.547,44.71983245
Denmark,2006-2010,Female,Low,0.202970397,40,0.00232992,2.5,0.011582138,0.988417862,98874.66688,1145.180055,491510.3843,3953882.296,39.98883051
Denmark,2006-2010,Female,Low,0.258890573,45,0.003429544,2.5,0.017001945,0.982998055,97729.48683,1661.591402,484493.4556,3462371.912,35.42811923
Denmark,2006-2010,Female,Low,0.322627622,50,0.005177524,2.5,0.025556818,0.974443182,96067.89542,2455.189709,474201.5028,2977878.456,30.99764435
Denmark,2006-2010,Female,Low,0.314699567,55,0.007689399,2.5,0.037721851,0.962278149,93612.70572,3531.244504,459235.4173,2503676.953,26.74505489
Denmark,2006-2010,Female,Low,0.380279861,60,0.010887154,2.5,0.052993402,0.947006598,90081.46121,4773.723086,438472.9983,2044441.536,22.69547483
Denmark,2006-2010,Female,Low,0.484437163,65,0.015633068,2.5,0.075225332,0.924774668,85307.73812,6417.302963,410495.4332,1605968.537,18.82559042
Denmark,2006-2010,Female,Low,0.575378614,70,0.024697613,2.5,0.116306814,0.883693186,78890.43516,9175.495159,371513.4379,1195473.104,15.1535874
Denmark,2006-2010,Female,Low,0.642148282,75,0.041490259,2.5,0.187955492,0.812044508,69714.94,13103.30582,315816.4355,823959.6662,11.81898265
Denmark,2006-2010,Female,Low,0.697545306,80,0.067083793,2.5,0.287245217,0.712754783,56611.63418,16261.42115,242404.618,508143.2308,8.975950582
Denmark,2006-2010,Female,Low,0.702586179,85,0.116774675,2.5,0.451936522,0.548063478,40350.21303,18235.73495,156161.7278,265738.6127,6.585804455
Denmark,2006-2010,Female,Low,0.703123045,90,0.201816999,4.954983993,1,0,22114.47809,22114.47809,109576.8849,109576.8849,4.954983993
Sweden,2006-2010,Female,High,0.441462383,30,0.000104191,2.5,0.000520819,0.999479181,1.00E+05,52.0819163,499869.7952,5714392.345,57.14392345
Sweden,2006-2010,Female,High,0.382333114,35,0.000316905,2.5,0.00158327,0.99841673,99947.91808,158.2445293,499343.9791,5214522.55,52.17239789
Sweden,2006-2010,Female,High,0.3360329,40,0.000497344,2.5,0.002483631,0.997516369,99789.67355,247.8407299,498328.7659,4715178.571,47.25116741
Sweden,2006-2010,Female,High,0.331424506,45,0.000917947,2.5,0.004579225,0.995420775,99541.83282,455.824419,496569.6031,4216849.805,42.36258953
Sweden,2006-2010,Female,High,0.330399054,50,0.001537948,2.5,0.007660285,0.992339715,99086.00841,759.0270826,493532.4743,3720280.202,37.54596902
Sweden,2006-2010,Female,High,0.30649727,55,0.002457812,2.5,0.012214009,0.987785991,98326.98132,1200.966586,488632.4901,3226747.728,32.81650351
Sweden,2006-2010,Female,High,0.263373911,60,0.004040364,2.5,0.019999803,0.980000197,97126.01474,1942.501133,480773.8209,2738115.238,28.19136814
Sweden,2006-2010,Female,High,0.215583289,65,0.006637608,2.5,0.032646307,0.967353693,95183.5136,3107.390197,468149.0925,2257341.417,23.7156765
Sweden,2006-2010,Female,High,0.167278721,70,0.010679998,2.5,0.052011288,0.947988712,92076.12341,4788.997732,448408.1227,1789192.324,19.43166435
Sweden,2006-2010,Female,High,0.12310958,75,0.019154166,2.5,0.091394371,0.908605629,87287.12568,7977.551926,416491.7486,1340784.202,15.36061809
Sweden,2006-2010,Female,High,0.085281845,80,0.036792688,2.5,0.16846751,0.83153249,79309.57375,13361.0864,363145.1528,924292.453,11.65423554
Sweden,2006-2010,Female,High,0.06709341,85,0.078113944,2.5,0.326758696,0.673241304,65948.48735,21549.24172,275869.3325,561147.3003,8.508872952
Sweden,2006-2010,Female,High,0.063753373,90,0.155635032,6.425288622,1,0,44399.24564,44399.24564,285277.9678,285277.9678,6.425288622
Sweden,2006-2010,Female,Middle,0.457686066,30,0.000170996,2.5,0.000854615,0.999145385,1.00E+05,85.46149959,499786.3463,5431684.478,54.31684478
Sweden,2006-2010,Female,Middle,0.519852078,35,0.00048846,2.5,0.002439323,0.997560677,99914.5385,243.7238696,498963.3828,4931898.132,49.36116611
Sweden,2006-2010,Female,Middle,0.558337377,40,0.000821479,2.5,0.004098975,0.995901025,99670.81463,408.5481809,497332.7027,4432934.749,44.47575517
Sweden,2006-2010,Female,Middle,0.536294096,45,0.001315179,2.5,0.006554343,0.993445657,99262.26645,650.5989142,494684.835,3935602.047,39.64852091
Sweden,2006-2010,Female,Middle,0.507605386,50,0.002326202,2.5,0.011563759,0.988436241,98611.66754,1140.321531,490207.5338,3440917.212,34.89361145
Sweden,2006-2010,Female,Middle,0.492874947,55,0.003593854,2.5,0.017809259,0.982190741,97471.346,1735.892492,483016.9988,2950709.678,30.27258573
Sweden,2006-2010,Female,Middle,0.464008975,60,0.006042971,2.5,0.02976518,0.97023482,95735.45351,2849.582969,471553.3101,2467692.679,25.77616326
Sweden,2006-2010,Female,Middle,0.417294265,65,0.009408028,2.5,0.045959176,0.954040824,92885.87054,4268.958047,453756.9576,1996139.369,21.49023697
Sweden,2006-2010,Female,Middle,0.364163052,70,0.014929268,2.5,0.071960544,0.928039456,88616.9125,6376.92123,427142.2594,1542382.411,17.40505698
Sweden,2006-2010,Female,Middle,0.313917779,75,0.025500689,2.5,0.119862033,0.880137967,82239.99127,9857.452532,386556.325,1115240.152,13.56080095
Sweden,2006-2010,Female,Middle,0.275411572,80,0.049734857,2.5,0.221174126,0.778825874,72382.53873,16009.14473,321889.8319,728683.8269,10.06712171
Sweden,2006-2010,Female,Middle,0.240647977,85,0.099462641,2.5,0.398278602,0.601721398,56373.39401,22452.31657,225736.1786,406793.9951,7.216063574
Sweden,2006-2010,Female,Middle,0.218290592,90,0.187349423,5.337619855,1,0,33921.07744,33921.07744,181057.8164,181057.8164,5.337619855
Sweden,2006-2010,Female,Low,0.100851551,30,0.00050373,2.5,0.002515484,0.997484516,1.00E+05,251.5483823,499371.129,5218880.401,52.18880401
Sweden,2006-2010,Female,Low,0.097814808,35,0.001054213,2.5,0.005257209,0.994742791,99748.45162,524.3984524,497431.262,4719509.272,47.3141106
Sweden,2006-2010,Female,Low,0.105629723,40,0.00142981,2.5,0.007123588,0.992876412,99224.05317,706.8313161,494353.1875,4222078.01,42.55095287
Sweden,2006-2010,Female,Low,0.132281398,45,0.002459726,2.5,0.012223466,0.987776534,98517.22185,1204.22196,489575.5543,3727724.823,37.83830636
Sweden,2006-2010,Female,Low,0.16199556,50,0.003492398,2.5,0.01731085,0.98268915,97312.99989,1684.570721,482353.5726,3238149.268,33.27560831
Sweden,2006-2010,Female,Low,0.200627783,55,0.005167399,2.5,0.025507477,0.974492523,95628.42917,2439.239967,472044.0459,2755795.696,28.81774509
Sweden,2006-2010,Female,Low,0.272617115,60,0.007643104,2.5,0.037498996,0.962501004,93189.1892,3494.501071,457209.6933,2283751.65,24.50661573
Sweden,2006-2010,Female,Low,0.367122447,65,0.011473771,2.5,0.05576915,0.94423085,89694.68813,5002.196517,435967.9494,1826541.956,20.3639925
Sweden,2006-2010,Female,Low,0.468558227,70,0.017779721,2.5,0.085115289,0.914884711,84692.49161,7208.625866,405440.8934,1390574.007,16.41909431
Sweden,2006-2010,Female,Low,0.562972641,75,0.030586588,2.5,0.142069394,0.857930606,77483.86575,11008.08587,359899.1141,985133.1135,12.71404187
Sweden,2006-2010,Female,Low,0.639306583,80,0.056626699,2.5,0.248021849,0.751978151,66475.77987,16487.44582,291160.2848,625233.9995,9.405440608
Sweden,2006-2010,Female,Low,0.692258613,85,0.11125192,2.5,0.435213701,0.564786299,49988.33405,21755.60786,195552.6506,334073.7147,6.683033572
Sweden,2006-2010,Female,Low,0.717956034,90,0.203815401,4.906400578,1,0,28232.72619,28232.72619,138521.0641,138521.0641,4.906400578
Denmark,2011-2015,Female,High,0.451744487,30,0.000141714,2.5,0.000708318,0.999291682,1.00E+05,70.83178553,499822.9205,5606822.869,56.06822869
Denmark,2011-2015,Female,High,0.446732157,35,0.000278611,2.5,0.001392084,0.998607916,99929.16821,139.109803,499298.0666,5106999.948,51.10619891
Denmark,2011-2015,Female,High,0.403824394,40,0.000602676,2.5,0.003008846,0.996991154,99790.05841,300.2528855,498199.6598,4607701.882,46.17395716
Denmark,2011-2015,Female,High,0.347878138,45,0.000917189,2.5,0.004575456,0.995424544,99489.80553,455.2111981,496310.9996,4109502.222,41.30576193
Denmark,2011-2015,Female,High,0.332021547,50,0.001824927,2.5,0.009083193,0.990916807,99034.59433,899.5503257,492924.0958,3613191.222,36.4841321
Denmark,2011-2015,Female,High,0.333257619,55,0.002851531,2.5,0.014156732,0.985843268,98135.044,1389.271519,487202.0412,3120267.126,31.79564607
Denmark,2011-2015,Female,High,0.300915543,60,0.004871812,2.5,0.024065947,0.975934053,96745.77248,2328.278662,477908.1658,2633065.085,27.21633222
Denmark,2011-2015,Female,High,0.229927027,65,0.007351323,2.5,0.036093281,0.963906719,94417.49382,3407.83711,463567.8763,2155156.919,22.82582212
Denmark,2011-2015,Female,High,0.178256698,70,0.012561325,2.5,0.060894341,0.939105659,91009.65671,5541.97304,441193.351,1691589.043,18.58691818
Denmark,2011-2015,Female,High,0.144751497,75,0.022153952,2.5,0.104956745,0.895043255,85467.68367,8970.409844,404912.3937,1250395.692,14.63004072
Denmark,2011-2015,Female,High,0.118250005,80,0.046536717,2.5,0.208434001,0.791565999,76497.27383,15944.63282,342624.7871,845483.2983,11.05246313
Denmark,2011-2015,Female,High,0.099603583,85,0.084357753,2.5,0.348328285,0.651671715,60552.64101,21092.19757,250032.7111,502858.5112,8.304485201
Denmark,2011-2015,Female,High,0.097719285,90,0.156077597,6.407069409,1,0,39460.44344,39460.44344,252825.8,252825.8,6.407069409
Denmark,2011-2015,Female,Middle,0.354038025,30,0.000348253,2.5,0.001739749,0.998260251,1.00E+05,173.9749064,499565.0627,5404953.968,54.04953968
Denmark,2011-2015,Female,Middle,0.378085784,35,0.000450479,2.5,0.002249861,0.997750139,99826.02509,224.5946575,498568.6388,4905388.905,49.13937924
Denmark,2011-2015,Female,Middle,0.418221424,40,0.000735459,2.5,0.003670547,0.996329453,99601.43044,365.5917793,497093.1727,4406820.266,44.24454797
Denmark,2011-2015,Female,Middle,0.456745241,45,0.001352557,2.5,0.006739996,0.993260004,99235.83866,668.8491545,494507.0704,3909727.094,39.3983378
Denmark,2011-2015,Female,Middle,0.418088491,50,0.002428064,2.5,0.01206707,0.98793293,98566.9895,1189.41473,489861.4107,3415220.023,34.64872003
Denmark,2011-2015,Female,Middle,0.353508651,55,0.004361889,2.5,0.021574186,0.978425814,97377.57477,2100.841932,481635.769,2925358.613,30.04139936
Denmark,2011-2015,Female,Middle,0.391231954,60,0.006543482,2.5,0.032190812,0.967809188,95276.73284,3067.03542,468716.0757,2443722.844,25.64868432
Denmark,2011-2015,Female,Middle,0.395675504,65,0.009578006,2.5,0.046770117,0.953229883,92209.69742,4312.658337,450266.8413,1975006.768,21.41864493
Denmark,2011-2015,Female,Middle,0.344467399,70,0.015493918,2.5,0.074580723,0.925419277,87897.03908,6555.424719,423096.6336,1524739.927,17.34688611
Denmark,2011-2015,Female,Middle,0.290763241,75,0.028368319,2.5,0.132448257,0.867551743,81341.61437,10773.55504,379774.1842,1101643.293,13.54341565
Denmark,2011-2015,Female,Middle,0.250696749,80,0.055099318,2.5,0.242141949,0.757858051,70568.05933,17087.48746,310121.578,721869.1089,10.22940287
Denmark,2011-2015,Female,Middle,0.215828005,85,0.093980678,2.5,0.380503458,0.619496542,53480.57187,20349.54255,216529.003,411747.5309,7.699011369
Denmark,2011-2015,Female,Middle,0.214466019,90,0.169712525,5.892317017,1,0,33131.02932,33131.02932,195218.5279,195218.5279,5.892317017
Denmark,2011-2015,Female,Low,0.194217487,30,0.000817952,2.5,0.004081412,0.995918588,1.00E+05,408.1411861,498979.647,5066612.264,50.66612264
Denmark,2011-2015,Female,Low,0.175182059,35,0.000947314,2.5,0.004725381,0.995274619,99591.85881,470.6095126,496782.7703,4567632.617,45.86351406
Denmark,2011-2015,Female,Low,0.177954182,40,0.001868122,2.5,0.00929719,0.99070281,99121.2493,921.5491212,493302.3737,4070849.846,41.06939607
Denmark,2011-2015,Female,Low,0.195376621,45,0.003286061,2.5,0.016296429,0.983703571,98199.70018,1600.304461,486997.7397,3577547.473,36.43134822
Denmark,2011-2015,Female,Low,0.249889962,50,0.004726737,2.5,0.02335767,0.97664233,96599.39572,2256.33684,477356.1365,3090549.733,31.99346859
Denmark,2011-2015,Female,Low,0.31323373,55,0.006898325,2.5,0.033906876,0.966093124,94343.05888,3198.878355,463718.0985,2613193.596,27.69884322
Denmark,2011-2015,Female,Low,0.307852503,60,0.010526008,2.5,0.051280589,0.948719411,91144.18052,4673.927237,444036.0845,2149475.498,23.58324454
Denmark,2011-2015,Female,Low,0.374397469,65,0.014470449,2.5,0.069826203,0.930173797,86470.25329,6037.889437,417256.5428,1705439.413,19.72284512
Denmark,2011-2015,Female,Low,0.477275903,70,0.021403181,2.5,0.101580539,0.898419461,80432.36385,8170.362854,381735.9121,1288182.871,16.01572811
Denmark,2011-2015,Female,Low,0.564485262,75,0.035974528,2.5,0.165030412,0.834969588,72262.001,11925.42778,331496.4355,906446.9584,12.54389508
Denmark,2011-2015,Female,Low,0.631053246,80,0.0622528,2.5,0.26934526,0.73065474,60336.57322,16251.37002,261054.441,574950.5229,9.52905497
Denmark,2011-2015,Female,Low,0.684568412,85,0.104655459,2.5,0.414760038,0.585239962,44085.2032,18284.78056,174714.0646,313896.0818,7.120214019
Denmark,2011-2015,Female,Low,0.687814696,90,0.185371811,5.39456346,1,0,25800.42264,25800.42264,139182.0172,139182.0172,5.39456346
Sweden,2011-2015,Female,High,0.493288271,30,0.000124442,2.5,0.000622015,0.999377985,1.00E+05,62.20152876,499844.4962,5673846.23,56.7384623
Sweden,2011-2015,Female,High,0.475588002,35,0.000300557,2.5,0.001501656,0.998498344,99937.79847,150.0722267,499313.8118,5174001.734,51.77222045
Sweden,2011-2015,Female,High,0.407079707,40,0.000415074,2.5,0.002073219,0.997926781,99787.72624,206.8818424,498421.4266,4674687.922,46.84632167
Sweden,2011-2015,Female,High,0.35284233,45,0.000754511,2.5,0.00376545,0.99623455,99580.8444,374.9667341,496966.8052,4176266.496,41.93845233
Sweden,2011-2015,Female,High,0.34019627,50,0.001357676,2.5,0.006765415,0.993234585,99205.87767,671.1689525,494351.466,3679299.69,37.08751716
Sweden,2011-2015,Female,High,0.334389433,55,0.002151957,2.5,0.01070221,0.98929779,98534.70872,1054.539192,490037.1956,3184948.225,32.32310996
Sweden,2011-2015,Female,High,0.309390227,60,0.003435852,2.5,0.017032951,0.982967049,97480.16952,1660.374995,483249.9101,2694911.029,27.64573597
Sweden,2011-2015,Female,High,0.266681822,65,0.006018041,2.5,0.029644207,0.970355793,95819.79453,2840.501809,471997.7181,2211661.119,23.0814638
Sweden,2011-2015,Female,High,0.219762347,70,0.010368297,2.5,0.050531669,0.949468331,92979.29272,4698.398824,453150.4665,1739663.401,18.71022407
Sweden,2011-2015,Female,High,0.17277804,75,0.01847012,2.5,0.0882745,0.9117255,88280.8939,7792.951751,421922.0901,1286512.934,14.57294866
Sweden,2011-2015,Female,High,0.130100226,80,0.039024653,2.5,0.177778868,0.822221132,80487.94214,14309.05521,366667.0727,864590.844,10.74186792
Sweden,2011-2015,Female,High,0.092647961,85,0.081462141,2.5,0.338394794,0.661605206,66178.88693,22394.59081,274907.9577,497923.7713,7.523906708
Sweden,2011-2015,Female,High,0.074114413,90,0.196328213,5.09351145,1,0,43784.29613,43784.29613,223015.8137,223015.8137,5.09351145
Sweden,2011-2015,Female,Middle,0.391431527,30,0.000200875,2.5,0.001003871,0.998996129,1.00E+05,100.3871068,499749.0322,5448364.455,54.48364455
Sweden,2011-2015,Female,Middle,0.426030198,35,0.000499413,2.5,0.002493952,0.997506048,99899.61289,249.1448752,498875.2023,4948615.423,49.53588187
Sweden,2011-2015,Female,Middle,0.496487784,40,0.000741382,2.5,0.003700051,0.996299949,99650.46802,368.711803,497330.5606,4449740.22,44.6534804
Sweden,2011-2015,Female,Middle,0.543417293,45,0.001229259,2.5,0.006127465,0.993872535,99281.75622,608.3454574,494887.9174,3952409.66,39.81002966
Sweden,2011-2015,Female,Middle,0.529793052,50,0.00209746,2.5,0.010432596,0.989567404,98673.41076,1029.419792,490793.5043,3457521.742,35.04005502
Sweden,2011-2015,Female,Middle,0.504614819,55,0.003401685,2.5,0.016865004,0.983134996,97643.99097,1646.766277,484103.0391,2966728.238,30.38311123
Sweden,2011-2015,Female,Middle,0.48596502,60,0.005505009,2.5,0.027151371,0.972848629,95997.22469,2606.456309,473469.9827,2482625.199,25.8614268
Sweden,2011-2015,Female,Middle,0.459358989,65,0.008980435,2.5,0.043916207,0.956083793,93390.76838,4101.368352,456700.421,2009155.216,21.5134242
Sweden,2011-2015,Female,Middle,0.417032972,70,0.014442381,2.5,0.069695481,0.930304519,89289.40003,6223.067695,430889.3309,1552454.795,17.38677598
Sweden,2011-2015,Female,Middle,0.366027798,75,0.025240756,2.5,0.11871278,0.88128722,83066.33233,9861.035272,390679.0735,1121565.464,13.50204629
Sweden,2011-2015,Female,Middle,0.317823269,80,0.048395484,2.5,0.215860711,0.784139289,73205.29706,15802.14745,326521.1167,730886.3909,9.984064271
Sweden,2011-2015,Female,Middle,0.281789136,85,0.093886493,2.5,0.380194616,0.619805384,57403.14961,21824.36845,232454.8269,404365.2742,7.044304658
Sweden,2011-2015,Female,Middle,0.245462147,90,0.206961134,4.831825084,1,0,35578.78116,35578.78116,171910.4473,171910.4473,4.831825084
Sweden,2011-2015,Female,Low,0.115280201,30,0.000347017,2.5,0.001733579,0.998266421,1.00E+05,173.3578824,499566.6053,5231693.367,52.31693367
Sweden,2011-2015,Female,Low,0.098381799,35,0.000930675,2.5,0.004642572,0.995357428,99826.64212,463.4523787,497974.5796,4732126.761,47.40344522
Sweden,2011-2015,Female,Low,0.096432508,40,0.001413478,2.5,0.007042505,0.992957495,99363.18974,699.7657531,495066.5343,4234152.182,42.61288504
Sweden,2011-2015,Female,Low,0.103740376,45,0.002419099,2.5,0.012022782,0.987977218,98663.42399,1186.208824,490351.5979,3739085.647,37.89738382
Sweden,2011-2015,Female,Low,0.130010677,50,0.003552602,2.5,0.017606637,0.982393363,97477.21516,1716.245911,483095.461,3248734.049,33.3281377
Sweden,2011-2015,Female,Low,0.160995747,55,0.005181302,2.5,0.025575228,0.974424772,95760.96925,2449.108664,472682.0746,2765638.588,28.88064532
Sweden,2011-2015,Female,Low,0.204644753,60,0.007512346,2.5,0.036869293,0.963130707,93311.86059,3440.342303,457958.4472,2292956.514,24.57304462
Sweden,2011-2015,Female,Low,0.273959189,65,0.011560307,2.5,0.056177949,0.943822051,89871.51828,5048.797607,436735.5974,1834998.067,20.41801565
Sweden,2011-2015,Female,Low,0.36320468,70,0.0175418,2.5,0.084024164,0.915975836,84822.72068,7127.158204,406295.7079,1398262.469,16.48452747
Sweden,2011-2015,Female,Low,0.461194162,75,0.029074533,2.5,0.135522064,0.864477936,77695.56247,10529.46301,362154.1549,991966.7614,12.76735414
Sweden,2011-2015,Female,Low,0.552076505,80,0.053739954,2.5,0.236875564,0.763124436,67166.09947,15910.00769,296055.4781,629812.6065,9.376941813
Sweden,2011-2015,Female,Low,0.625562903,85,0.104255477,2.5,0.413502607,0.586497393,51256.09177,21194.52756,203294.14,333757.1284,6.511560223
Sweden,2011-2015,Female,Low,0.68042344,90,0.230422165,4.339860277,1,0,30061.56422,30061.56422,130462.9884,130462.9884,4.339860277
Denmark,1991-1995,Male,High,0.192378292,30,0.000694906,2.5,0.003468503,0.996531497,1.00E+05,346.8503066,499132.8742,4740437.419,47.40437419
Denmark,1991-1995,Male,High,0.212308015,35,0.001024408,2.5,0.005108958,0.994891042,99653.14969,509.1237182,496992.9392,4241304.545,42.56066725
Denmark,1991-1995,Male,High,0.231149859,40,0.001641211,2.5,0.008172523,0.991827477,99144.02598,810.2568603,493694.4877,3744311.606,37.76638651
Denmark,1991-1995,Male,High,0.22634265,45,0.002661866,2.5,0.013221348,0.986778652,98333.76911,1300.104935,488418.5832,3250617.118,33.05697673
Denmark,1991-1995,Male,High,0.193577216,50,0.004181528,2.5,0.020691338,0.979308662,97033.66418,2007.756365,480148.93,2762198.535,28.46639419
Denmark,1991-1995,Male,High,0.161382338,55,0.007529947,2.5,0.036954081,0.963045919,95025.90781,3511.595115,466350.5513,2282049.605,24.01502556
Denmark,1991-1995,Male,High,0.140601801,60,0.01367941,2.5,0.06613532,0.93386468,91514.3127,6052.328356,442440.7426,1815699.053,19.84060197
Denmark,1991-1995,Male,High,0.126920886,65,0.022638862,2.5,0.107131,0.892869,85461.98434,9155.627819,404420.8522,1373258.311,16.06864527
Denmark,1991-1995,Male,High,0.128609607,70,0.03728779,2.5,0.17054119,0.82945881,76306.35652,13013.37687,348998.3404,968837.4585,12.69668089
Denmark,1991-1995,Male,High,0.139309347,75,0.060242448,2.5,0.261785711,0.738214289,63292.97966,16569.1977,275041.904,619839.118,9.793173294
Denmark,1991-1995,Male,High,0.148251471,80,0.096128826,2.5,0.387515583,0.612484417,46723.78196,18106.19362,188353.4257,344797.214,7.37947999
Denmark,1991-1995,Male,High,0.15711003,85,0.15341489,2.5,0.554429932,0.445570068,28617.58833,15866.44755,103421.8228,156443.7883,5.466700634
Denmark,1991-1995,Male,High,0.164453398,90,0.240487894,4.158213477,1,0,12751.14079,12751.14079,53021.96548,53021.96548,4.158213477
Denmark,1991-1995,Male,Middle,0.479660268,30,0.001167087,2.5,0.005818456,0.994181544,1.00E+05,581.8455925,498545.386,4457364.835,44.57364835
Denmark,1991-1995,Male,Middle,0.479369706,35,0.001620041,2.5,0.008067533,0.991932467,99418.15441,802.0592513,495085.6239,3958819.449,39.81988473
Denmark,1991-1995,Male,Middle,0.497405275,40,0.002649342,2.5,0.013159549,0.986840451,98616.09516,1297.743384,489836.1173,3463733.825,35.12341286
Denmark,1991-1995,Male,Middle,0.460252486,45,0.003967398,2.5,0.01964217,0.98035783,97318.35177,1911.54359,481812.8999,2973897.707,30.55844713
Denmark,1991-1995,Male,Middle,0.426535809,50,0.006281128,2.5,0.030920106,0.969079894,95406.80818,2949.988663,469659.0693,2492084.807,26.12061817
Denmark,1991-1995,Male,Middle,0.405767543,55,0.010880676,2.5,0.052962703,0.947037297,92456.81952,4896.763057,450042.19,2022425.738,21.8742733
Denmark,1991-1995,Male,Middle,0.368772882,60,0.018846424,2.5,0.089992049,0.910007951,87560.05646,7879.708933,418101.01,1572383.548,17.95777221
Denmark,1991-1995,Male,Middle,0.316989436,65,0.029687059,2.5,0.138179906,0.861820094,79680.34753,11010.22289,370876.1804,1154282.538,14.48641446
Denmark,1991-1995,Male,Middle,0.314225326,70,0.047189619,2.5,0.211049706,0.788950294,68670.12464,14492.80961,307118.5992,783406.3578,11.40825595
Denmark,1991-1995,Male,Middle,0.308427578,75,0.073697618,2.5,0.311158913,0.688841087,54177.31503,16857.75446,228742.189,476287.7587,8.791276541
Denmark,1991-1995,Male,Middle,0.304310008,80,0.113847476,2.5,0.443117777,0.556882223,37319.56057,16536.96072,145255.4011,247545.5697,6.633131952
Denmark,1991-1995,Male,Middle,0.300787677,85,0.176111501,2.5,0.611379918,0.388620082,20782.59985,12706.06419,72147.8388,102290.1686,4.921913972
Denmark,1991-1995,Male,Middle,0.298037412,90,0.267946629,3.732086509,1,0,8076.535665,8076.535665,30142.3298,30142.3298,3.732086509
Denmark,1991-1995,Male,Low,0.32796144,30,0.002604969,2.5,0.012940569,0.987059431,1.00E+05,1294.056944,496764.8576,4226408.059,42.26408059
Denmark,1991-1995,Male,Low,0.308322279,35,0.003379031,2.5,0.016753629,0.983246371,98705.94306,1653.682765,489395.5084,3729643.201,37.78539656
Denmark,1991-1995,Male,Low,0.271444866,40,0.004606979,2.5,0.022772611,0.977227389,97052.26029,2210.133363,479735.968,3240247.693,33.38662781
Denmark,1991-1995,Male,Low,0.313404864,45,0.005739245,2.5,0.028290314,0.971709686,94842.12693,2683.113528,467502.8508,2760511.725,29.10638779
Denmark,1991-1995,Male,Low,0.379886975,50,0.008333501,2.5,0.040817129,0.959182871,92159.0134,3761.666322,451390.9012,2293008.874,24.88100501
Denmark,1991-1995,Male,Low,0.432850119,55,0.013352972,2.5,0.064608086,0.935391914,88397.34708,5711.183425,427708.7768,1841617.973,20.83340772
Denmark,1991-1995,Male,Low,0.490625316,60,0.021296225,2.5,0.101098581,0.898901419,82686.16365,8359.453823,392532.1837,1413909.196,17.0997073
Denmark,1991-1995,Male,Low,0.556089678,65,0.033373633,2.5,0.154017831,0.845982169,74326.70983,11447.6386,343014.4526,1021377.012,13.74172238
Denmark,1991-1995,Male,Low,0.557165068,70,0.052279506,2.5,0.231182292,0.768817708,62879.07123,14536.52781,278054.0366,678362.5596,10.78836799
Denmark,1991-1995,Male,Low,0.552263076,75,0.080614133,2.5,0.335463015,0.664536985,48342.54342,16217.13537,201169.8787,400308.5229,8.280667392
Denmark,1991-1995,Male,Low,0.547438522,80,0.122952962,2.5,0.470225703,0.529774297,32125.40805,15106.19257,122861.5588,199138.6443,6.198789568
Denmark,1991-1995,Male,Low,0.542102293,85,0.202424065,2.5,0.672031802,0.327968198,17019.21548,11437.45404,56502.4423,76277.08545,4.481821476
Denmark,1991-1995,Male,Low,0.53750919,90,0.28226863,3.542724526,1,0,5581.761439,5581.761439,19774.64315,19774.64315,3.542724526
Sweden,1991-1995,Male,High,0.165574078,30,0.000228837,2.5,0.001143529,0.998856471,1.00E+05,114.352893,499714.1178,5011933.777,50.11933777
Sweden,1991-1995,Male,High,0.194465301,35,0.000648653,2.5,0.003238015,0.996761985,99885.64711,323.4311871,498619.6576,4512219.659,45.1738542
Sweden,1991-1995,Male,High,0.208156386,40,0.000975708,2.5,0.004866667,0.995133333,99562.21592,484.5361477,496599.7392,4013600.002,40.31248164
Sweden,1991-1995,Male,High,0.205465915,45,0.001707694,2.5,0.008502174,0.991497826,99077.67977,842.3756401,493282.4598,3517000.262,35.49740235
Sweden,1991-1995,Male,High,0.179834844,50,0.002872331,2.5,0.014259263,0.985740737,98235.30413,1400.763057,487674.613,3023717.803,30.78035773
Sweden,1991-1995,Male,High,0.153637971,55,0.004875709,2.5,0.024084969,0.975915031,96834.54107,2332.256882,478342.0632,2536043.19,26.18944812
Sweden,1991-1995,Male,High,0.133518445,60,0.009182709,2.5,0.044883172,0.955116828,94502.28419,4241.562252,461907.5153,2057701.126,21.77408879
Sweden,1991-1995,Male,High,0.109825907,65,0.015052242,2.5,0.072531794,0.927468206,90260.72194,6546.772049,434936.6796,1595793.611,17.67982326
Sweden,1991-1995,Male,High,0.091689259,70,0.02770389,2.5,0.129547057,0.870452943,83713.94989,10844.89586,391457.5098,1160856.932,13.8669473
Sweden,1991-1995,Male,High,0.074741512,75,0.049122877,2.5,0.218750279,0.781249721,72869.05403,15940.12588,324494.9555,769399.4218,10.55865802
Sweden,1991-1995,Male,High,0.072599324,80,0.084876965,2.5,0.350096916,0.649903084,56928.92815,19930.64216,234818.0354,444904.4663,7.815085945
Sweden,1991-1995,Male,High,0.072823592,85,0.144063208,2.5,0.529582615,0.470417385,36998.28599,19593.64903,136007.3074,210086.4309,5.678274691
Sweden,1991-1995,Male,High,0.07288862,90,0.234946583,4.256286628,1,0,17404.63696,17404.63696,74079.12356,74079.12356,4.256286628
Sweden,1991-1995,Male,Middle,0.600945374,30,0.000452409,2.5,0.00225949,0.99774051,1.00E+05,225.9489996,499435.1275,4780074.156,47.80074156
Sweden,1991-1995,Male,Middle,0.533060496,35,0.001232002,2.5,0.006141095,0.993858905,99774.051,612.7219668,497338.4501,4280639.029,42.90332993
Sweden,1991-1995,Male,Middle,0.494053795,40,0.001767296,2.5,0.008797609,0.991202391,99161.32903,872.3826097,493625.6886,3783300.578,38.15298378
Sweden,1991-1995,Male,Middle,0.451014402,45,0.002716869,2.5,0.013492701,0.986507299,98288.94642,1326.183361,488129.2737,3289674.89,33.46942876
Sweden,1991-1995,Male,Middle,0.407787806,50,0.004217926,2.5,0.020869562,0.979130438,96962.76306,2023.570392,479754.8893,2801545.616,28.89300519
Sweden,1991-1995,Male,Middle,0.360769574,55,0.007234594,2.5,0.035530351,0.964469649,94939.19267,3373.222863,466262.9062,2321790.727,24.45555583
Sweden,1991-1995,Male,Middle,0.320388573,60,0.01186181,2.5,0.057600923,0.942399077,91565.96981,5274.284383,444644.1381,1855527.821,20.26438233
Sweden,1991-1995,Male,Middle,0.297911894,65,0.020017887,2.5,0.095319212,0.904680788,86291.68542,8225.255464,410895.2885,1410883.683,16.35016949
Sweden,1991-1995,Male,Middle,0.274067178,70,0.033176146,2.5,0.153176238,0.846823762,78066.42996,11957.92205,360437.3447,999988.3941,12.80945465
Sweden,1991-1995,Male,Middle,0.228014297,75,0.058815807,2.5,0.256380909,0.743619091,66108.50791,16948.95934,288170.1412,639551.0494,9.674262355
Sweden,1991-1995,Male,Middle,0.2192208,80,0.098603512,2.5,0.395518721,0.604481279,49159.54857,19443.52177,197188.9384,351380.9082,7.147765152
Sweden,1991-1995,Male,Middle,0.219184168,85,0.162649825,2.5,0.578156494,0.421843506,29716.0268,17180.51386,105628.8493,154191.9698,5.188848792
Sweden,1991-1995,Male,Middle,0.219163791,90,0.258128243,3.874043341,1,0,12535.51294,12535.51294,48563.12042,48563.12042,3.874043341
Sweden,1991-1995,Male,Low,0.233480548,30,0.000800016,2.5,0.003992095,0.996007905,1.00E+05,399.2095367,499001.9762,4606716.589,46.06716589
Sweden,1991-1995,Male,Low,0.272474203,35,0.001726858,2.5,0.008597173,0.991402827,99600.79046,856.285232,495863.2392,4107714.613,41.24178728
Sweden,1991-1995,Male,Low,0.297789819,40,0.002500754,2.5,0.012426085,0.987573915,98744.50523,1227.007601,490655.0072,3611851.374,36.57774542
Sweden,1991-1995,Male,Low,0.343519683,45,0.003531996,2.5,0.01750541,0.98249459,97517.49763,1707.083745,483319.7788,3121196.366,32.00652644
Sweden,1991-1995,Male,Low,0.412377349,50,0.005578759,2.5,0.027510113,0.972489887,95810.41389,2635.755358,472462.681,2637876.588,27.53225334
Sweden,1991-1995,Male,Low,0.485592455,55,0.009012672,2.5,0.044070379,0.955929621,93174.65853,4106.242555,455607.6863,2165413.907,23.24037395
Sweden,1991-1995,Male,Low,0.546092982,60,0.014551291,2.5,0.070202608,0.929797392,89068.41597,6252.835085,429709.9922,1709806.22,19.1965491
Sweden,1991-1995,Male,Low,0.592262199,65,0.023694583,2.5,0.111847466,0.888152534,82815.58089,9262.712864,390921.1223,1280096.228,15.45719072
Sweden,1991-1995,Male,Low,0.634243563,70,0.039025203,2.5,0.177781149,0.822218851,73552.86802,13076.31341,335073.5566,889175.106,12.08892501
Sweden,1991-1995,Male,Low,0.697244191,75,0.065593337,2.5,0.281762352,0.718237648,60476.55462,17040.01626,259782.7324,554101.5494,9.162253916
Sweden,1991-1995,Male,Low,0.708179876,80,0.107436776,2.5,0.423448915,0.576551085,43436.53836,18393.15505,171199.8042,294318.8169,6.775835
Sweden,1991-1995,Male,Low,0.70799224,85,0.174637253,2.5,0.607817373,0.392182627,25043.38331,15221.80346,87162.40789,123119.0127,4.916229217
Sweden,1991-1995,Male,Low,0.707947589,90,0.273150924,3.66097974,1,0,9821.579848,9821.579848,35956.60484,35956.60484,3.66097974
Denmark,1996-2000,Male,High,0.206621895,30,0.000545096,2.5,0.002721771,0.997278229,1.00E+05,272.1770532,499319.5574,4874920.985,48.74920985
Denmark,1996-2000,Male,High,0.21571251,35,0.000580912,2.5,0.00290035,0.99709965,99727.82295,289.2455696,497916.0008,4375601.427,43.87543313
Denmark,1996-2000,Male,High,0.227937435,40,0.001373114,2.5,0.006842083,0.993157917,99438.57738,680.3670141,495491.9694,3877685.426,38.99578543
Denmark,1996-2000,Male,High,0.238947866,45,0.002205051,2.5,0.010964812,0.989035188,98758.21036,1082.865223,491083.8888,3382193.457,34.24721291
Denmark,1996-2000,Male,High,0.230841752,50,0.00386169,2.5,0.019123822,0.980876178,97675.34514,1867.925925,483706.9109,2891109.568,29.59917433
Denmark,1996-2000,Male,High,0.196946161,55,0.006141613,2.5,0.0302437,0.9697563,95807.41921,2897.570888,471793.1689,2407402.657,25.12751807
Denmark,1996-2000,Male,High,0.164936487,60,0.011113946,2.5,0.054067471,0.945932529,92909.84833,5023.400513,451990.7404,1935609.489,20.83320039
Denmark,1996-2000,Male,High,0.144882545,65,0.020181621,2.5,0.096061418,0.903938582,87886.44781,8442.496814,418325.997,1483618.748,16.88108673
Denmark,1996-2000,Male,High,0.13284856,70,0.03213764,2.5,0.148737981,0.851262019,79443.951,11816.33287,367678.9228,1065292.751,13.40936267
Denmark,1996-2000,Male,High,0.13633969,75,0.053744028,2.5,0.236891394,0.763108606,67627.61813,16020.40072,298087.0888,697613.8284,10.31551676
Denmark,1996-2000,Male,High,0.148074907,80,0.087914607,2.5,0.360368824,0.639631176,51607.21741,18597.63226,211542.0064,399526.7396,7.741683424
Denmark,1996-2000,Male,High,0.158448257,85,0.143600618,2.5,0.528331328,0.471668672,33009.58515,17439.99797,121447.9308,187984.7332,5.694852944
Denmark,1996-2000,Male,High,0.168562076,90,0.233999631,4.273511018,1,0,15569.58718,15569.58718,66536.80235,66536.80235,4.273511018
Denmark,1996-2000,Male,Middle,0.509623167,30,0.000894885,2.5,0.004464437,0.995535563,1.00E+05,446.4437089,498883.8907,4553935.701,45.53935701
Denmark,1996-2000,Male,Middle,0.481904261,35,0.00123305,2.5,0.006146305,0.993853695,99553.55629,611.8865606,496238.0651,4055051.81,40.73236518
Denmark,1996-2000,Male,Middle,0.473102851,40,0.00240627,2.5,0.011959408,0.988040592,98941.66973,1183.283797,491750.1392,3558813.745,35.96880621
Denmark,1996-2000,Male,Middle,0.494535724,45,0.003837257,2.5,0.019003976,0.980996024,97758.38593,1857.797974,484147.4347,3067063.606,31.37391822
Denmark,1996-2000,Male,Middle,0.4602075,50,0.005860891,2.5,0.02888128,0.97111872,95900.58796,2769.731772,472578.6104,2582916.171,26.93326731
Denmark,1996-2000,Male,Middle,0.427450028,55,0.009305855,2.5,0.0454714,0.9545286,93130.85619,4234.790456,455067.3048,2110337.561,22.65991796
Denmark,1996-2000,Male,Middle,0.405510754,60,0.016235852,2.5,0.078012749,0.921987251,88896.06573,6935.026479,427142.7625,1655270.256,18.62028699
Denmark,1996-2000,Male,Middle,0.368352244,65,0.027161713,2.5,0.127172976,0.872827024,81961.03925,10423.22926,383747.1231,1228127.493,14.98428405
Denmark,1996-2000,Male,Middle,0.317557079,70,0.043279801,2.5,0.195270802,0.804729198,71537.80999,13969.24552,322765.9362,844380.3704,11.80327397
Denmark,1996-2000,Male,Middle,0.315085146,75,0.069206062,2.5,0.294992191,0.705007809,57568.56447,16982.27697,245387.1299,521614.4342,9.060751107
Denmark,1996-2000,Male,Middle,0.308632305,80,0.108543492,2.5,0.426879877,0.573120123,40586.2875,17325.46943,159617.7639,276227.3043,6.805926861
Denmark,1996-2000,Male,Middle,0.303696725,85,0.170336851,2.5,0.597320165,0.402679835,23260.81807,13894.15569,81568.70114,116609.5404,5.013131524
Denmark,1996-2000,Male,Middle,0.299734782,90,0.267307022,3.741016574,1,0,9366.662383,9366.662383,35040.83922,35040.83922,3.741016574
Denmark,1996-2000,Male,Low,0.283754938,30,0.00264832,2.5,0.013154505,0.986845495,1.00E+05,1315.450532,496711.3737,4297369.609,42.97369609
Denmark,1996-2000,Male,Low,0.302383229,35,0.002920909,2.5,0.014498671,0.985501329,98684.54947,1430.794843,489845.7602,3800658.235,38.51320451
Denmark,1996-2000,Male,Low,0.298959714,40,0.004414769,2.5,0.021832877,0.978167123,97253.75462,2123.329267,480960.45,3310812.475,34.04302988
Denmark,1996-2000,Male,Low,0.26651641,45,0.006133748,2.5,0.030205555,0.969794445,95130.42536,2873.467321,468468.4585,2829852.025,29.74707634
Denmark,1996-2000,Male,Low,0.308950749,50,0.008014576,2.5,0.039285734,0.960714266,92256.95804,3624.382327,452223.8344,2361383.567,25.59572326
Denmark,1996-2000,Male,Low,0.375603811,55,0.012606945,2.5,0.061108739,0.938891261,88632.57571,5416.224961,429622.3161,1909159.732,21.54015854
Denmark,1996-2000,Male,Low,0.429552759,60,0.019013694,2.5,0.090754524,0.909245476,83216.35075,7552.260318,397201.103,1479537.416,17.77940757
Denmark,1996-2000,Male,Low,0.486765211,65,0.030775559,2.5,0.142884424,0.857115576,75664.09043,10811.21999,351292.4022,1082336.313,14.30449117
Denmark,1996-2000,Male,Low,0.54959436,70,0.047651872,2.5,0.212897007,0.787102993,64852.87044,13806.982,289746.8972,731043.911,11.27234471
Denmark,1996-2000,Male,Low,0.548575164,75,0.075311138,2.5,0.316891955,0.683108045,51045.88845,16176.0314,214789.3637,441297.0137,8.645103987
Denmark,1996-2000,Male,Low,0.543292788,80,0.116703999,2.5,0.451724774,0.548275226,34869.85705,15751.5783,134970.3395,226507.65,6.495800934
Denmark,1996-2000,Male,Low,0.537855018,85,0.180896846,2.5,0.622819171,0.377180829,19118.27875,11907.23052,65823.31743,91537.31049,4.787947268
Denmark,1996-2000,Male,Low,0.531703142,90,0.280432845,3.565916113,1,0,7211.048226,7211.048226,25713.99306,25713.99306,3.565916113
Sweden,1996-2000,Male,High,0.163379193,30,0.00022481,2.5,0.00112342,0.99887658,1.00E+05,112.3419616,499719.1451,5120518.834,51.20518834
Sweden,1996-2000,Male,High,0.186342101,35,0.000460924,2.5,0.002301969,0.997698031,99887.65804,229.9382638,498863.4445,4620799.689,46.25996624
Sweden,1996-2000,Male,High,0.20712306,40,0.000733555,2.5,0.00366106,0.99633894,99657.71977,364.8528946,497376.4666,4121936.244,41.36093274
Sweden,1996-2000,Male,High,0.215837389,45,0.001350891,2.5,0.00673172,0.99326828,99292.86688,668.4118056,494793.3049,3624559.778,36.50372772
Sweden,1996-2000,Male,High,0.210250398,50,0.002567836,2.5,0.012757284,0.987242716,98624.45507,1258.18018,489976.8249,3129766.473,31.73418267
Sweden,1996-2000,Male,High,0.183763102,55,0.004167656,2.5,0.020623404,0.979376596,97366.27489,2008.024006,481811.3145,2639789.648,27.11195073
Sweden,1996-2000,Male,High,0.157231322,60,0.007176943,2.5,0.035252208,0.964747792,95358.25089,3361.588885,468387.2822,2157978.333,22.63022143
Sweden,1996-2000,Male,High,0.1369447,65,0.013611975,2.5,0.065820025,0.934179975,91996.662,6055.22263,444845.2534,1689591.051,18.36578648
Sweden,1996-2000,Male,High,0.114613393,70,0.024016321,2.5,0.113280171,0.886719829,85941.43937,9735.460925,405368.5446,1244745.798,14.48365081
Sweden,1996-2000,Male,High,0.0967056,75,0.04199058,2.5,0.190006676,0.809993324,76205.97845,14479.64465,344830.7806,839377.253,11.01458534
Sweden,1996-2000,Male,High,0.081324945,80,0.079930948,2.5,0.333093533,0.666906467,61726.3338,20560.64263,257230.0624,494546.4724,8.011920391
Sweden,1996-2000,Male,High,0.07972448,85,0.1397397,2.5,0.517804044,0.482195956,41165.69117,21315.76136,152539.0524,237316.41,5.7649077
Sweden,1996-2000,Male,High,0.080060779,90,0.234141879,4.270914726,1,0,19849.92981,19849.92981,84777.35754,84777.35754,4.270914726
Sweden,1996-2000,Male,Middle,0.657326383,30,0.000342589,2.5,0.001711479,0.998288521,1.00E+05,171.1479359,499572.1302,4885718.297,48.85718297
Sweden,1996-2000,Male,Middle,0.595878224,35,0.000983475,2.5,0.004905314,0.995094686,99828.85206,489.691882,497920.0306,4386146.167,43.93665835
Sweden,1996-2000,Male,Middle,0.534540032,40,0.001457498,2.5,0.007261032,0.992738968,99339.16018,721.3047803,494892.539,3888226.136,39.14092015
Sweden,1996-2000,Male,Middle,0.496779272,45,0.002288497,2.5,0.011377394,0.988622606,98617.8554,1122.014214,490284.2415,3393333.597,34.40891696
Sweden,1996-2000,Male,Middle,0.452978774,50,0.003912831,2.5,0.019374633,0.980625367,97495.84119,1888.946166,482756.8405,2903049.356,29.77613527
Sweden,1996-2000,Male,Middle,0.409891438,55,0.006141681,2.5,0.030244031,0.969755969,95606.89502,2891.537879,470805.6304,2420292.515,25.3150415
Sweden,1996-2000,Male,Middle,0.362420366,60,0.010791161,2.5,0.052538426,0.947461574,92715.35714,4871.118972,451398.9883,1949486.885,21.02658011
Sweden,1996-2000,Male,Middle,0.321867653,65,0.01749599,2.5,0.08381393,0.91618607,87844.23817,7362.570843,420814.7637,1498087.896,17.05391187
Sweden,1996-2000,Male,Middle,0.302221404,70,0.029265434,2.5,0.136351226,0.863648774,80481.66733,10973.77403,374973.9016,1077273.133,13.38532325
Sweden,1996-2000,Male,Middle,0.280183117,75,0.051558254,2.5,0.228357044,0.771642956,69507.8933,15872.61703,307857.9239,702299.231,10.10387738
Sweden,1996-2000,Male,Middle,0.235591419,80,0.092640938,2.5,0.376099228,0.623900772,53635.27627,20172.18601,217745.9163,394441.3071,7.354139561
Sweden,1996-2000,Male,Middle,0.226184205,85,0.157489611,2.5,0.56499568,0.43500432,33463.09026,18906.50144,120049.1977,176695.3908,5.28030703
Sweden,1996-2000,Male,Middle,0.226117901,90,0.256973824,3.89144694,1,0,14556.58883,14556.58883,56646.19304,56646.19304,3.89144694
Sweden,1996-2000,Male,Low,0.179294424,30,0.000812702,2.5,0.004055272,0.995944728,1.00E+05,405.5272357,498986.1819,4694567.604,46.94567604
Sweden,1996-2000,Male,Low,0.217779675,35,0.001647327,2.5,0.008202851,0.991797149,99594.47276,816.9585811,495929.9674,4195581.422,42.12664925
Sweden,1996-2000,Male,Low,0.258336909,40,0.002279982,2.5,0.011335298,0.988664702,98777.51418,1119.672571,491088.3895,3699651.454,37.45438914
Sweden,1996-2000,Male,Low,0.287383339,45,0.003183906,2.5,0.015793813,0.984206187,97657.84161,1542.389682,484433.2339,3208563.065,32.85515031
Sweden,1996-2000,Male,Low,0.336770828,50,0.004874983,2.5,0.024081423,0.975918577,96115.45193,2314.596882,474790.7674,2724129.831,28.34226731
Sweden,1996-2000,Male,Low,0.40634546,55,0.007787064,2.5,0.038191814,0.961808186,93800.85505,3582.424764,460048.2133,2249339.064,23.979942
Sweden,1996-2000,Male,Low,0.480348312,60,0.012970126,2.5,0.06281387,0.93718613,90218.43028,5666.968729,436924.7296,1789290.85,19.832875
Sweden,1996-2000,Male,Low,0.541187647,65,0.021461969,2.5,0.101845339,0.898154661,84551.46156,8611.172281,401229.3771,1352366.121,15.99459188
Sweden,1996-2000,Male,Low,0.583165203,70,0.035438385,2.5,0.162771065,0.837228935,75940.28927,12360.88175,348799.242,951136.7435,12.52479748
Sweden,1996-2000,Male,Low,0.623111283,75,0.060245659,2.5,0.261797837,0.738202163,63579.40753,16644.95135,276284.6593,602337.5015,9.473782864
Sweden,1996-2000,Male,Low,0.683083636,80,0.102042547,2.5,0.406509559,0.593490441,46934.45618,19079.3051,186974.0182,326052.8422,6.946982426
Sweden,1996-2000,Male,Low,0.694091314,85,0.169700265,2.5,0.595752802,0.404247198,27855.15108,16594.78431,97788.79461,139078.8241,4.992930166
Sweden,1996-2000,Male,Low,0.69382132,90,0.272713943,3.666845881,1,0,11260.36676,11260.36676,41290.02949,41290.02949,3.666845881
Denmark,2001-2005,Male,High,0.25957578,30,0.000359547,2.5,0.001796121,0.998203879,1.00E+05,179.612077,499550.9698,4987170.04,49.8717004
Denmark,2001-2005,Male,High,0.250095631,35,0.000578694,2.5,0.002889288,0.997110712,99820.38792,288.409885,498380.9149,4487619.07,44.95693879
Denmark,2001-2005,Male,High,0.239875885,40,0.000996108,2.5,0.00496817,0.99503183,99531.97804,494.4917486,496423.6608,3989238.155,40.07996459
Denmark,2001-2005,Male,High,0.242263602,45,0.001837261,2.5,0.009144302,0.990855698,99037.48629,905.6286639,492923.3598,3492814.494,35.26760043
Denmark,2001-2005,Male,High,0.248323798,50,0.003522008,2.5,0.017456335,0.982543665,98131.85763,1713.022553,486376.7317,2999891.135,30.57000252
Denmark,2001-2005,Male,High,0.237148752,55,0.005613463,2.5,0.027678879,0.972321121,96418.83507,2668.765253,475422.2622,2513514.403,26.06870744
Denmark,2001-2005,Male,High,0.202779395,60,0.008980566,2.5,0.043916837,0.956083163,93750.06982,4117.206545,458457.3327,2038092.141,21.73963331
Denmark,2001-2005,Male,High,0.170049217,65,0.016449946,2.5,0.07900083,0.92099917,89632.86327,7081.07062,430461.6398,1579634.808,17.6233889
Denmark,2001-2005,Male,High,0.151449684,70,0.027815003,2.5,0.130032856,0.869967144,82551.79265,10734.44538,385922.8498,1149173.168,13.9206325
Denmark,2001-2005,Male,High,0.142258023,75,0.049962456,2.5,0.222073887,0.777926113,71817.34727,15948.7575,319214.8426,763250.3183,10.62765957
Denmark,2001-2005,Male,High,0.146206259,80,0.083674624,2.5,0.345995508,0.654004492,55868.58978,19330.28112,231017.2461,444035.4757,7.947855449
Denmark,2001-2005,Male,High,0.159479837,85,0.138799412,2.5,0.515217384,0.484782616,36538.30865,18825.17178,135628.6138,213018.2296,5.829996995
Denmark,2001-2005,Male,High,0.170345486,90,0.228882605,4.369051987,1,0,17713.13687,17713.13687,77389.61582,77389.61582,4.369051987
Denmark,2001-2005,Male,Middle,0.484478661,30,0.000887817,2.5,0.004429252,0.995570748,1.00E+05,442.9252202,498892.6869,4675211.457,46.75211457
Denmark,2001-2005,Male,Middle,0.495157194,35,0.001101268,2.5,0.00549122,0.99450878,99557.07478,546.6898207,496418.6493,4176318.77,41.94899036
Denmark,2001-2005,Male,Middle,0.476674527,40,0.001928613,2.5,0.009596793,0.990403207,99010.38496,950.1821958,492676.4693,3679900.121,37.16680954
Denmark,2001-2005,Male,Middle,0.472154104,45,0.003491411,2.5,0.017305997,0.982694003,98060.20276,1697.029609,486058.4398,3187223.651,32.50272344
Denmark,2001-2005,Male,Middle,0.494036459,50,0.005747479,2.5,0.028330325,0.971669675,96363.17315,2729.999998,474990.8658,2701165.212,28.03109448
Denmark,2001-2005,Male,Middle,0.460591369,55,0.008552013,2.5,0.041864991,0.958135009,93633.17316,3919.951922,458365.986,2226174.346,23.77548758
Denmark,2001-2005,Male,Middle,0.428789786,60,0.013456813,2.5,0.065094166,0.934905834,89713.22123,5839.807317,433966.5879,1767808.36,19.70510406
Denmark,2001-2005,Male,Middle,0.405465825,65,0.022544327,2.5,0.106707512,0.893292488,83873.41392,8949.923288,396992.2614,1333841.772,15.90303422
Denmark,2001-2005,Male,Middle,0.369047429,70,0.037478128,2.5,0.171337152,0.828662848,74923.49063,12837.17748,342524.5094,936849.5105,12.50408253
Denmark,2001-2005,Male,Middle,0.318774749,75,0.061683903,2.5,0.267212709,0.732787291,62086.31314,16590.25194,268955.9359,594325.0011,9.572560698
Denmark,2001-2005,Male,Middle,0.31645044,80,0.099786419,2.5,0.399316249,0.600683751,45496.0612,18167.31651,182062.0147,325369.0652,7.151587558
Denmark,2001-2005,Male,Middle,0.309198213,85,0.160153006,2.5,0.571818787,0.428181213,27328.74469,15627.08965,97575.99932,143307.0505,5.243821189
Denmark,2001-2005,Male,Middle,0.303951435,90,0.255879861,3.908084029,1,0,11701.65504,11701.65504,45731.05117,45731.05117,3.908084029
Denmark,2001-2005,Male,Low,0.255945559,30,0.001950067,2.5,0.009703032,0.990296968,1.00E+05,970.3032,497574.242,4390207.765,43.90207765
Denmark,2001-2005,Male,Low,0.254747176,35,0.00278199,2.5,0.013813874,0.986186126,99029.6968,1367.983769,491728.5246,3892633.523,39.30773948
Denmark,2001-2005,Male,Low,0.283449588,40,0.003757691,2.5,0.018613595,0.981386405,97661.71303,1817.835577,483763.9762,3400904.998,34.82331912
Denmark,2001-2005,Male,Low,0.285582294,45,0.005911317,2.5,0.029126153,0.970873847,95843.87745,2791.563392,472240.4788,2917141.022,30.43638362
Denmark,2001-2005,Male,Low,0.257639744,50,0.008900982,2.5,0.043536122,0.956463878,93052.31406,4051.136932,455133.728,2444900.543,26.27447332
Denmark,2001-2005,Male,Low,0.30225988,55,0.012065575,2.5,0.058561433,0.941438567,89001.17713,5212.036465,431975.7945,1989766.815,22.35663482
Denmark,2001-2005,Male,Low,0.368430819,60,0.017405263,2.5,0.083397429,0.916602571,83789.14067,6987.798931,401476.206,1557791.021,18.5918009
Denmark,2001-2005,Male,Low,0.424484958,65,0.026317261,2.5,0.123463269,0.876536731,76801.34173,9482.144751,360301.3468,1156314.815,15.05591945
Denmark,2001-2005,Male,Low,0.479502886,70,0.04243211,2.5,0.191812976,0.808187024,67319.19698,12912.69554,304314.2461,796013.4681,11.8244647
Denmark,2001-2005,Male,Low,0.538967228,75,0.068628817,2.5,0.292892004,0.707107996,54406.50144,15935.22922,232194.4342,491699.222,9.037508551
Denmark,2001-2005,Male,Low,0.537343301,80,0.109508052,2.5,0.429857983,0.570142017,38471.27222,16537.1835,151013.4024,259504.7879,6.745417369
Denmark,2001-2005,Male,Low,0.53132195,85,0.173006832,2.5,0.603856089,0.396143911,21934.08872,13245.03302,76557.86105,108491.3855,4.946245402
Denmark,2001-2005,Male,Low,0.525703079,90,0.272098237,3.675143255,1,0,8689.055697,8689.055697,31933.52444,31933.52444,3.675143255
Sweden,2001-2005,Male,High,0.247804352,30,0.000120935,2.5,0.000604492,0.999395508,1.00E+05,60.44915005,499848.8771,5219776.912,52.19776912
Sweden,2001-2005,Male,High,0.210316748,35,0.000486246,2.5,0.002428277,0.997571723,99939.55085,242.6809201,499091.0519,4719928.035,47.22782917
Sweden,2001-2005,Male,High,0.207799912,40,0.000722477,2.5,0.00360587,0.99639413,99696.86993,359.4939943,497585.6147,4220836.983,42.33670512
Sweden,2001-2005,Male,High,0.218409529,45,0.001209675,2.5,0.006030138,0.993969862,99337.37594,599.0181237,495189.3344,3723251.369,37.48087096
Sweden,2001-2005,Male,High,0.221516139,50,0.001861302,2.5,0.009263406,0.990736594,98738.35781,914.6535006,491405.1553,3228062.034,32.69309016
Sweden,2001-2005,Male,High,0.214181825,55,0.003764126,2.5,0.018645175,0.981354825,97823.70431,1823.940132,484558.6712,2736656.879,27.97539613
Sweden,2001-2005,Male,High,0.187275494,60,0.006389198,2.5,0.031443739,0.968556261,95999.76418,3018.591546,472452.342,2252098.208,23.45941396
Sweden,2001-2005,Male,High,0.161242944,65,0.012158416,2.5,0.058998751,0.941001249,92981.17263,5485.773037,451191.4306,1779645.866,19.13985181
Sweden,2001-2005,Male,High,0.141869993,70,0.021674484,2.5,0.102801971,0.897198029,87495.3996,8994.699489,414990.2493,1328454.435,15.18313467
Sweden,2001-2005,Male,High,0.120621408,75,0.037702145,2.5,0.172273064,0.827726936,78500.70011,13523.55612,358694.6102,913464.1858,11.63638266
Sweden,2001-2005,Male,High,0.105078062,80,0.066862477,2.5,0.286433288,0.713566712,64977.14398,18611.61703,278356.6774,554769.5756,8.537918745
Sweden,2001-2005,Male,High,0.092685934,85,0.133194589,2.5,0.49960968,0.50039032,46365.52696,23164.66608,173915.9696,276412.8982,5.961603725
Sweden,2001-2005,Male,High,0.092300017,90,0.226356645,4.417807132,1,0,23200.86087,23200.86087,102496.9286,102496.9286,4.417807132
Sweden,2001-2005,Male,Middle,0.629336938,30,0.000331304,2.5,0.001655151,0.998344849,1.00E+05,165.5150631,499586.2123,4969393.646,49.69393646
Sweden,2001-2005,Male,Middle,0.643076198,35,0.000804428,2.5,0.004014068,0.995985932,99834.48494,400.7424378,498170.5686,4469807.433,44.77217904
Sweden,2001-2005,Male,Middle,0.602958168,40,0.001326119,2.5,0.006608684,0.993391316,99433.7425,657.1262263,495525.8969,3971636.865,39.94254631
Sweden,2001-2005,Male,Middle,0.547222179,45,0.002193585,2.5,0.010908104,0.989091896,98776.61627,1077.46563,491189.4173,3476110.968,35.19163846
Sweden,2001-2005,Male,Middle,0.509930141,50,0.003580578,2.5,0.017744056,0.982255944,97699.15064,1733.579249,484161.8051,2984921.551,30.55217503
Sweden,2001-2005,Male,Middle,0.463011692,55,0.005805442,2.5,0.028611949,0.971388051,95965.57139,2745.762004,472963.452,2500759.746,26.05892623
Sweden,2001-2005,Male,Middle,0.416474548,60,0.009462902,2.5,0.046221046,0.953778954,93219.80939,4308.717134,455327.2541,2027796.294,21.75284746
Sweden,2001-2005,Male,Middle,0.365522321,65,0.016378597,2.5,0.078671659,0.921328341,88911.09226,6994.78311,427068.5035,1572469.04,17.68585898
Sweden,2001-2005,Male,Middle,0.325078504,70,0.026599065,2.5,0.124702877,0.875297123,81916.30915,10215.19944,384043.5471,1145400.536,13.98257011
Sweden,2001-2005,Male,Middle,0.308850222,75,0.045116221,2.5,0.202716589,0.797283411,71701.1097,14535.0044,322168.0375,761356.9889,10.61848264
Sweden,2001-2005,Male,Middle,0.287946876,80,0.083739538,2.5,0.346217463,0.653782537,57166.10531,19791.90393,236350.7667,439188.9514,7.682681004
Sweden,2001-2005,Male,Middle,0.245995337,85,0.151475376,2.5,0.549345928,0.450654072,37374.20137,20531.36535,135542.5935,202838.1846,5.427224588
Sweden,2001-2005,Male,Middle,0.239558402,90,0.250281419,3.995502365,1,0,16842.83602,16842.83602,67295.59116,67295.59116,3.995502365
Sweden,2001-2005,Male,Low,0.12285871,30,0.00080443,2.5,0.004014078,0.995985922,1.00E+05,401.4077759,498996.4806,4769992.577,47.69992577
Sweden,2001-2005,Male,Low,0.146607054,35,0.001525634,2.5,0.007599186,0.992400814,99598.59222,756.8681905,496100.7906,4270996.097,42.88209302
Sweden,2001-2005,Male,Low,0.18924192,40,0.00214233,2.5,0.010654588,0.989345412,98841.72403,1053.117846,491575.8256,3774895.306,38.19131387
Sweden,2001-2005,Male,Low,0.234368292,45,0.003082834,2.5,0.01529628,0.98470372,97788.60619,1495.801882,485203.5262,3283319.48,33.57568543
Sweden,2001-2005,Male,Low,0.268553719,50,0.004750944,2.5,0.023475889,0.976524111,96292.80431,2260.559198,475812.6235,2798115.954,29.05841173
Sweden,2001-2005,Male,Low,0.322806483,55,0.007324815,2.5,0.035965472,0.964034528,94032.24511,3381.914114,461706.4403,2322303.331,24.69688273
Sweden,2001-2005,Male,Low,0.396249959,60,0.011786483,2.5,0.057245603,0.942754397,90650.33099,5189.332832,440278.3229,1860596.89,20.52498728
Sweden,2001-2005,Male,Low,0.473234736,65,0.019069359,2.5,0.091008131,0.908991869,85460.99816,7777.645675,407860.8766,1420318.568,16.61949425
Sweden,2001-2005,Male,Low,0.533051503,70,0.0318888,2.5,0.147671345,0.852328655,77683.35249,11471.60512,359737.7496,1012457.691,13.03313591
Sweden,2001-2005,Male,Low,0.570528371,75,0.054213854,2.5,0.238715106,0.761284894,66211.74736,15805.74427,291544.3761,652719.9413,9.858068504
Sweden,2001-2005,Male,Low,0.606975062,80,0.095311351,2.5,0.384854298,0.615145702,50406.00309,19398.96695,203532.5981,361175.5651,7.165328393
Sweden,2001-2005,Male,Low,0.661318729,85,0.165383689,2.5,0.585031694,0.414968306,31007.03614,18140.09889,109684.9335,157642.967,5.084103051
Sweden,2001-2005,Male,Low,0.668141581,90,0.268295764,3.727229924,1,0,12866.93725,12866.93725,47958.03356,47958.03356,3.727229924
Denmark,2006-2010,Male,High,0.301131517,30,0.000277486,2.5,0.001386466,0.998613534,1.00E+05,138.6465847,499653.3835,5109952.418,51.09952418
Denmark,2006-2010,Male,High,0.298130287,35,0.000481871,2.5,0.002406458,0.997593542,99861.35342,240.3121168,498705.9868,4610299.034,46.16699931
Denmark,2006-2010,Male,High,0.267825737,40,0.000801867,2.5,0.004001312,0.995998688,99621.0413,398.6148269,497108.6694,4111593.048,41.27233558
Denmark,2006-2010,Male,High,0.25055173,45,0.001548706,2.5,0.007713665,0.992286335,99222.42647,765.3685739,494198.7109,3614484.378,36.42809904
Denmark,2006-2010,Male,High,0.250843577,50,0.003065177,2.5,0.015209338,0.984790662,98457.0579,1497.466701,488541.6227,3120285.667,31.69184347
Denmark,2006-2010,Male,High,0.255033198,55,0.005023097,2.5,0.024804005,0.975195995,96959.5912,2404.98617,478785.4906,2631744.045,27.14268916
Denmark,2006-2010,Male,High,0.243430625,60,0.008827041,2.5,0.043182276,0.956817724,94554.60503,4083.083074,462565.3174,2152958.554,22.76947329
Denmark,2006-2010,Male,High,0.209347652,65,0.013057642,2.5,0.063224311,0.936775689,90471.52195,5719.999615,438057.6107,1690393.237,18.68425777
Denmark,2006-2010,Male,High,0.177531222,70,0.023157782,2.5,0.109452231,0.890547769,84751.52234,9276.243221,400567.0036,1252335.626,14.77655612
Denmark,2006-2010,Male,High,0.160666377,75,0.042997042,2.5,0.194118869,0.805881131,75475.27912,14651.17584,340748.456,851768.6222,11.28539877
Denmark,2006-2010,Male,High,0.154523421,80,0.07481114,2.5,0.315119563,0.684880437,60824.10327,19166.86487,256203.3542,511020.1662,8.40160625
Denmark,2006-2010,Male,High,0.159400677,85,0.128565513,2.5,0.486469548,0.513530452,41657.2384,20264.97794,157623.7472,254816.812,6.116987631
Denmark,2006-2010,Male,High,0.173568257,90,0.220100688,4.543375162,1,0,21392.26047,21392.26047,97193.06486,97193.06486,4.543375162
Denmark,2006-2010,Male,Middle,0.477151087,30,0.000669842,2.5,0.003343608,0.996656392,1.00E+05,334.3608483,499164.0979,4787305.605,47.87305605
Denmark,2006-2010,Male,Middle,0.46969226,35,0.000932875,2.5,0.004653524,0.995346476,99665.63915,463.7964333,497168.7047,4288141.507,43.02527475
Denmark,2006-2010,Male,Middle,0.489644084,40,0.00154089,2.5,0.007674884,0.992325116,99201.84272,761.3625934,494105.8071,3790972.803,38.21474177
Denmark,2006-2010,Male,Middle,0.477242326,45,0.002779062,2.5,0.013799435,0.986200565,98440.48013,1358.422973,488806.3432,3296866.995,33.49096826
Denmark,2006-2010,Male,Middle,0.47368385,50,0.005356535,2.5,0.026428759,0.973571241,97082.05715,2565.758264,478995.8901,2808060.652,28.92461012
Denmark,2006-2010,Male,Middle,0.496747004,55,0.008297696,2.5,0.040645325,0.959354675,94516.29889,3841.645727,462977.3801,2329064.762,24.64193784
Denmark,2006-2010,Male,Middle,0.46331743,60,0.012509352,2.5,0.060650027,0.939349973,90674.65316,5499.420195,439624.7153,1866087.382,20.58003331
Denmark,2006-2010,Male,Middle,0.430606467,65,0.019155019,2.5,0.091398257,0.908601743,85175.23297,7784.86787,406413.9952,1426462.667,16.74738791
Denmark,2006-2010,Male,Middle,0.407188023,70,0.031672456,2.5,0.146743002,0.853256998,77390.3651,11356.4945,358560.5892,1020048.672,13.18056415
Denmark,2006-2010,Male,Middle,0.370849522,75,0.054650363,2.5,0.24040611,0.75959389,66033.87059,15874.94597,290481.988,661488.0824,10.01740586
Denmark,2006-2010,Male,Middle,0.319828721,80,0.093135574,2.5,0.377728069,0.622271931,50158.92462,18946.43376,203428.5387,371006.0943,7.396611812
Denmark,2006-2010,Male,Middle,0.315958195,85,0.153719177,2.5,0.555224321,0.444775679,31212.49086,17329.93405,112737.6192,167577.5556,5.368926061
Denmark,2006-2010,Male,Middle,0.308256222,90,0.253146844,3.950276393,1,0,13882.55681,13882.55681,54839.93644,54839.93644,3.950276393
Denmark,2006-2010,Male,Low,0.221717397,30,0.002336622,2.5,0.011615259,0.988384741,1.00E+05,1161.525915,497096.1852,4448479.206,44.48479206
Denmark,2006-2010,Male,Low,0.232177453,35,0.002589922,2.5,0.012866304,0.987133696,98838.47408,1271.685888,491013.1557,3951383.021,39.97818722
Denmark,2006-2010,Male,Low,0.24253018,40,0.003899308,2.5,0.019308315,0.980691685,97566.7882,1883.850316,483124.3152,3460369.865,35.46667805
Denmark,2006-2010,Male,Low,0.272205944,45,0.005528547,2.5,0.027265882,0.972734118,95682.93788,2608.879715,471892.4901,2977245.55,31.11574139
Denmark,2006-2010,Male,Low,0.275472573,50,0.008923645,2.5,0.043644552,0.956355448,93074.05816,4062.175548,455214.852,2505353.06,26.91784488
Denmark,2006-2010,Male,Low,0.248219798,55,0.012540268,2.5,0.060795365,0.939204635,89011.88262,5411.509885,431530.6384,2050138.208,23.03218568
Denmark,2006-2010,Male,Low,0.293251945,60,0.017226061,2.5,0.082574233,0.917425767,83600.37273,6903.236642,400743.7721,1618607.57,19.36124824
Denmark,2006-2010,Male,Low,0.360045881,65,0.023737885,2.5,0.112040417,0.887959583,76697.13609,8593.179092,362002.7327,1217863.798,15.87886928
Denmark,2006-2010,Male,Low,0.415280755,70,0.037605688,2.5,0.171870196,0.828129804,68103.957,11705.04047,311257.1838,855861.0651,12.56697999
Denmark,2006-2010,Male,Low,0.468484102,75,0.059953614,2.5,0.260694176,0.739305824,56398.91653,14702.86908,245237.4099,544603.8812,9.656282687
Denmark,2006-2010,Male,Low,0.525647857,80,0.097456567,2.5,0.391819401,0.608180599,41696.04745,16337.32035,167636.9364,299366.4713,7.179732603
Denmark,2006-2010,Male,Low,0.524641129,85,0.160686432,2.5,0.573177531,0.426822469,25358.7271,14535.05259,90456.00405,131729.5349,5.194643026
Denmark,2006-2010,Male,Low,0.518175521,90,0.262242515,3.813264228,1,0,10823.67452,10823.67452,41273.53085,41273.53085,3.813264228
Sweden,2006-2010,Male,High,0.329939664,30,0.000136111,2.5,0.000680324,0.999319676,1.00E+05,68.03238341,499829.919,5308449.498,53.08449498
Sweden,2006-2010,Male,High,0.275872808,35,0.000410906,2.5,0.00205242,0.99794758,99931.96762,205.1023854,499147.0821,4808619.579,48.11893225
Sweden,2006-2010,Male,High,0.225961901,40,0.000619522,2.5,0.003092819,0.996907181,99726.86523,308.4371069,497863.2334,4309472.497,43.21275402
Sweden,2006-2010,Male,High,0.217342519,45,0.001146249,2.5,0.005714866,0.994285134,99418.42812,568.1630026,495671.7331,3811609.263,38.33906184
Sweden,2006-2010,Male,High,0.223876758,50,0.0018389,2.5,0.009152425,0.990847575,98850.26512,904.7196317,491989.5265,3315937.53,33.54505449
Sweden,2006-2010,Male,High,0.22551669,55,0.003272427,2.5,0.016229359,0.983770641,97945.54549,1589.593457,485753.7438,2823948.004,28.83181659
Sweden,2006-2010,Male,High,0.217306953,60,0.005848761,2.5,0.028822369,0.971177631,96355.95203,2777.206771,474836.7432,2338194.26,24.26621512
Sweden,2006-2010,Male,High,0.190761856,65,0.010401004,2.5,0.050687028,0.949312972,93578.74526,4743.228518,456035.655,1863357.517,19.91218745
Sweden,2006-2010,Male,High,0.165974362,70,0.018226661,2.5,0.087161639,0.912838361,88835.51674,7743.049271,424819.9605,1407321.862,15.84188299
Sweden,2006-2010,Male,High,0.148632989,75,0.034105355,2.5,0.157129392,0.842870608,81092.46747,12742.01007,373607.3122,982501.9012,12.115822
Sweden,2006-2010,Male,High,0.130127767,80,0.06342514,2.5,0.273723344,0.726276656,68350.4574,18709.11579,294979.4975,608894.589,8.908420106
Sweden,2006-2010,Male,High,0.116892737,85,0.120434029,2.5,0.4628215,0.5371785,49641.34161,22975.08016,190769.0077,313915.0914,6.323662521
Sweden,2006-2010,Male,High,0.111961393,90,0.216541693,4.618048316,1,0,26666.26145,26666.26145,123146.0838,123146.0838,4.618048316
Sweden,2006-2010,Male,Middle,0.542233085,30,0.000338593,2.5,0.001691533,0.998308467,1.00E+05,169.1532602,499577.1168,5045583.624,50.45583624
Sweden,2006-2010,Male,Middle,0.601795536,35,0.000805212,2.5,0.004017972,0.995982028,99830.84674,401.117589,498151.4397,4546006.507,45.53709255
Sweden,2006-2010,Male,Middle,0.630413648,40,0.001160158,2.5,0.005784016,0.994215984,99429.72915,575.1031016,495710.888,4047855.068,40.710712
Sweden,2006-2010,Male,Middle,0.596413078,45,0.001869175,2.5,0.009302408,0.990697592,98854.62605,919.5860299,491974.1652,3552144.18,35.93300912
Sweden,2006-2010,Male,Middle,0.54495452,50,0.003501302,2.5,0.0173546,0.9826454,97935.04002,1699.623399,485426.1416,3060170.014,31.24693689
Sweden,2006-2010,Male,Middle,0.509065557,55,0.005475445,2.5,0.027007527,0.972992473,96235.41662,2599.08065,474679.3815,2574743.873,26.75463944
Sweden,2006-2010,Male,Middle,0.461681723,60,0.008943127,2.5,0.043737756,0.956262244,93636.33597,4095.443217,457943.0718,2100064.491,22.42787984
Sweden,2006-2010,Male,Middle,0.416096582,65,0.014717544,2.5,0.070976229,0.929023771,89540.89275,6355.274916,431816.2765,1642121.42,18.33934607
Sweden,2006-2010,Male,Middle,0.367248549,70,0.024000129,2.5,0.113208121,0.886791879,83185.61784,9417.287456,392384.8705,1210305.143,14.54945187
Sweden,2006-2010,Male,Middle,0.329183809,75,0.041583333,2.5,0.188337419,0.811662581,73768.33038,13893.33695,334108.3095,817920.2726,11.08768856
Sweden,2006-2010,Male,Middle,0.315931257,80,0.075573296,2.5,0.317819764,0.682180236,59874.99343,19029.45627,251801.3265,483811.9631,8.080367702
Sweden,2006-2010,Male,Middle,0.298364047,85,0.140016395,2.5,0.518563498,0.481436502,40845.53716,21181.00461,151275.1743,232010.6366,5.680195505
Sweden,2006-2010,Male,Middle,0.272948664,90,0.243567473,4.10563852,1,0,19664.53255,19664.53255,80735.46231,80735.46231,4.10563852
Sweden,2006-2010,Male,Low,0.12782725,30,0.000650978,2.5,0.0032496,0.9967504,1.00E+05,324.9600248,499187.5999,4830677.451,48.30677451
Sweden,2006-2010,Male,Low,0.122331656,35,0.001522341,2.5,0.007582847,0.992417153,99675.03998,755.820582,496485.6484,4331489.851,43.45611351
Sweden,2006-2010,Male,Low,0.143624452,40,0.002321067,2.5,0.011538383,0.988461617,98919.21939,1141.367797,491742.6775,3835004.203,38.7690504
Sweden,2006-2010,Male,Low,0.186244404,45,0.003125898,2.5,0.015508297,0.984491703,97777.8516,1516.367982,485098.338,3343261.525,34.1924216
Sweden,2006-2010,Male,Low,0.231168722,50,0.004830491,2.5,0.023864266,0.976135734,96261.48361,2297.209649,475564.3939,2858163.187,29.69165942
Sweden,2006-2010,Male,Low,0.265417752,55,0.007063701,2.5,0.034705629,0.965294371,93964.27396,3261.089203,461668.6468,2382598.793,25.35643275
Sweden,2006-2010,Male,Low,0.321011324,60,0.011389818,2.5,0.055372387,0.944627613,90703.18476,5022.451845,440959.7942,1920930.146,21.17819955
Sweden,2006-2010,Male,Low,0.393141562,65,0.017635895,2.5,0.084455839,0.915544161,85680.73292,7236.23815,410313.0692,1479970.352,17.27308231
Sweden,2006-2010,Male,Low,0.466777088,70,0.028298707,2.5,0.132144721,0.867855279,78444.49477,10366.02589,366307.4091,1069657.283,13.63584897
Sweden,2006-2010,Male,Low,0.522183202,75,0.048501587,2.5,0.21628279,0.78371721,68078.46887,14724.20119,303581.8414,703349.8739,10.33145847
Sweden,2006-2010,Male,Low,0.553940975,80,0.087579226,2.5,0.359241008,0.640758992,53354.26768,19167.0409,218853.7362,399768.0326,7.492709579
Sweden,2006-2010,Male,Low,0.584743216,85,0.154430834,2.5,0.557078807,0.442921193,34187.22678,19044.9795,123323.6851,180914.2964,5.291868147
Sweden,2006-2010,Male,Low,0.615089943,90,0.262929095,3.803306748,1,0,15142.24728,15142.24728,57590.61126,57590.61126,3.803306748
Denmark,2011-2015,Male,High,0.312009044,30,0.000265821,2.5,0.001328221,0.998671779,1.00E+05,132.822062,499667.9448,5263593.922,52.63593922
Denmark,2011-2015,Male,High,0.326464031,35,0.00035358,2.5,0.001766341,0.998233659,99867.17794,176.3994863,498894.891,4763925.977,47.70261938
Denmark,2011-2015,Male,High,0.311831646,40,0.000653819,2.5,0.003263759,0.996736241,99690.77845,325.3666775,497640.4756,4265031.086,42.78260389
Denmark,2011-2015,Male,High,0.275314574,45,0.001161155,2.5,0.00578897,0.99421103,99365.41177,575.2234059,495389.0004,3767390.611,37.91450711
Denmark,2011-2015,Male,High,0.256078636,50,0.002018205,2.5,0.010040367,0.989959633,98790.18837,991.8897605,491471.2174,3272001.61,33.12071436
Denmark,2011-2015,Male,High,0.255927457,55,0.004070889,2.5,0.020149381,0.979850619,97798.29861,1970.575217,484065.055,2780530.393,28.43127572
Denmark,2011-2015,Male,High,0.260374529,60,0.007145,2.5,0.035098061,0.964901939,95827.72339,3363.367328,470730.1986,2296465.338,23.96451942
Denmark,2011-2015,Male,High,0.249567268,65,0.011482349,2.5,0.05580968,0.94419032,92464.35606,5160.406152,449420.7649,1825735.139,19.74528583
Denmark,2011-2015,Male,High,0.216731749,70,0.019483325,2.5,0.092892013,0.907107987,87303.94991,8109.839658,416245.1504,1376314.374,15.76462893
Denmark,2011-2015,Male,High,0.187197879,75,0.034303801,2.5,0.157971453,0.842028547,79194.11025,12510.40865,364694.5296,960069.2239,12.12298769
Denmark,2011-2015,Male,High,0.173029486,80,0.065420604,2.5,0.281124659,0.718875341,66683.7016,18746.43285,286552.4259,595374.6943,8.92833901
Denmark,2011-2015,Male,High,0.170234399,85,0.120901976,2.5,0.464202409,0.535797591,47937.26875,22252.59566,184054.8546,308822.2684,6.442216598
Denmark,2011-2015,Male,High,0.178414578,90,0.205860427,4.857660182,1,0,25684.6731,25684.6731,124767.4138,124767.4138,4.857660182
Denmark,2011-2015,Male,Middle,0.436773757,30,0.000537114,2.5,0.002681969,0.997318031,1.00E+05,268.1969025,499329.5077,4948847.145,49.48847145
Denmark,2011-2015,Male,Middle,0.445855161,35,0.000766926,2.5,0.003827293,0.996172707,99731.8031,381.7028262,497704.7584,4449517.637,44.61483197
Denmark,2011-2015,Male,Middle,0.454522321,40,0.001264944,2.5,0.006304784,0.993695216,99350.10027,626.3809496,495184.549,3951812.879,39.77663704
Denmark,2011-2015,Male,Middle,0.48300535,45,0.002230357,2.5,0.011089951,0.988910049,98723.71932,1094.841205,490881.4936,3456628.33,35.01314936
Denmark,2011-2015,Male,Middle,0.474918862,50,0.003843896,2.5,0.019036546,0.980963454,97628.87812,1858.516595,483498.0991,2965746.836,30.37776213
Denmark,2011-2015,Male,Middle,0.472646309,55,0.006957908,2.5,0.03419473,0.96580527,95770.36152,3274.841699,470664.7034,2482248.737,25.91875709
Denmark,2011-2015,Male,Middle,0.496361037,60,0.011051701,2.5,0.0537728,0.9462272,92495.51982,4973.74313,450043.2413,2011584.034,21.74790776
Denmark,2011-2015,Male,Middle,0.463187369,65,0.017017327,2.5,0.081614486,0.918385514,87521.77669,7143.044812,419751.2714,1561540.792,17.84174009
Denmark,2011-2015,Male,Middle,0.430489349,70,0.026904038,2.5,0.126042557,0.873957443,80378.73188,10131.14087,376565.8072,1141789.521,14.20511986
Denmark,2011-2015,Male,Middle,0.407760013,75,0.045491524,2.5,0.204230703,0.795769297,70247.59101,14346.71491,315371.1678,765223.7136,10.8932378
Denmark,2011-2015,Male,Middle,0.373538655,80,0.078885082,2.5,0.329453078,0.670546922,55900.8761,18416.7157,233462.5912,449852.5458,8.047325502
Denmark,2011-2015,Male,Middle,0.321239763,85,0.14050665,2.5,0.519907202,0.480092798,37484.1604,19488.28495,138700.0896,216389.9546,5.772837174
Denmark,2011-2015,Male,Middle,0.317987545,90,0.231637363,4.317092836,1,0,17995.87545,17995.87545,77689.86496,77689.86496,4.317092836
Denmark,2011-2015,Male,Low,0.251217199,30,0.001414913,2.5,0.007049629,0.992950371,1.00E+05,704.9628823,498237.5928,4596150.441,45.96150441
Denmark,2011-2015,Male,Low,0.227680808,35,0.002181002,2.5,0.010845875,0.989154125,99295.03712,1076.941563,493782.8317,4097912.848,41.27006714
Denmark,2011-2015,Male,Low,0.233646032,40,0.002988682,2.5,0.014832586,0.985167414,98218.09555,1456.82835,487448.4069,3604130.017,36.69517309
Denmark,2011-2015,Male,Low,0.241680075,45,0.004813566,2.5,0.023781645,0.976218355,96761.2672,2301.142112,478053.4807,3116681.61,32.21001233
Denmark,2011-2015,Male,Low,0.269002503,50,0.007913508,2.5,0.03879993,0.96120007,94460.12509,3665.046253,463138.0098,2638628.129,27.93377763
Denmark,2011-2015,Male,Low,0.271426234,55,0.011377626,2.5,0.055314754,0.944685246,90795.07884,5022.307444,441419.6256,2175490.119,23.96044089
Denmark,2011-2015,Male,Low,0.243264434,60,0.016884697,2.5,0.081004158,0.918995842,85772.7714,6947.951098,411493.9792,1734070.494,20.21702768
Denmark,2011-2015,Male,Low,0.287245363,65,0.02216662,2.5,0.105013608,0.894986392,78824.8203,8277.678797,373429.9045,1322576.514,16.778681
Denmark,2011-2015,Male,Low,0.352778902,70,0.031763363,2.5,0.147133201,0.852866799,70547.1415,10379.82677,326786.1406,949146.6099,13.45407609
Denmark,2011-2015,Male,Low,0.405042109,75,0.05111841,2.5,0.226629677,0.773370323,60167.31473,13635.69911,266747.3259,622360.4693,10.3438299
Denmark,2011-2015,Male,Low,0.45343186,80,0.088245731,2.5,0.361480809,0.638519191,46531.61562,16820.28604,190607.363,355613.1435,7.642398373
Denmark,2011-2015,Male,Low,0.508525839,85,0.147467058,2.5,0.538724862,0.461275138,29711.32957,16006.23193,108541.068,165005.7805,5.553631657
Denmark,2011-2015,Male,Low,0.503597877,90,0.242719692,4.119978853,1,0,13705.09764,13705.09764,56464.71247,56464.71247,4.119978853
Sweden,2011-2015,Male,High,0.358059769,30,0.000147186,2.5,0.000735661,0.999264339,1.00E+05,73.56605956,499816.0849,5375770.616,53.75770616
Sweden,2011-2015,Male,High,0.348999638,35,0.00036642,2.5,0.001830423,0.998169577,99926.43394,182.9076149,499174.9007,4875954.531,48.7954422
Sweden,2011-2015,Male,High,0.286981824,40,0.000563761,2.5,0.00281484,0.99718516,99743.52633,280.7620512,498015.7265,4376779.631,43.88033782
Sweden,2011-2015,Male,High,0.234127756,45,0.000999456,2.5,0.004984826,0.995015174,99462.76427,495.8045524,496074.31,3878763.904,38.99714564
Sweden,2011-2015,Male,High,0.223801404,50,0.001676734,2.5,0.008348674,0.991651326,98966.95972,826.2428491,492769.1915,3382689.594,34.179989
Sweden,2011-2015,Male,High,0.228669648,55,0.002942555,2.5,0.014605333,0.985394667,98140.71687,1433.377878,487120.1397,2889920.403,29.44670158
Sweden,2011-2015,Male,High,0.229833035,60,0.004900704,2.5,0.024206943,0.975793057,96707.339,2340.989029,477684.2224,2402800.263,24.84610049
Sweden,2011-2015,Male,High,0.222398504,65,0.008760676,2.5,0.042864573,0.957135427,94366.34997,4044.973251,461719.3167,1925116.041,20.40045039
Sweden,2011-2015,Male,High,0.196299928,70,0.016371746,2.5,0.078640045,0.921359955,90321.37672,7102.877148,433849.6907,1463396.724,16.20210826
Sweden,2011-2015,Male,High,0.173172736,75,0.029899003,2.5,0.1390978,0.8609022,83218.49957,11575.51024,387153.7222,1029547.033,12.37161255
Sweden,2011-2015,Male,High,0.159725808,80,0.057784852,2.5,0.252454191,0.747545809,71642.98933,18086.57292,312998.5143,642393.3111,8.966589992
Sweden,2011-2015,Male,High,0.144341514,85,0.115984246,2.5,0.449565068,0.550434932,53556.41641,24077.09399,207589.3471,329394.7968,6.150426389
Sweden,2011-2015,Male,High,0.131638258,90,0.242019733,4.131894484,1,0,29479.32242,29479.32242,121805.4497,121805.4497,4.131894484
Sweden,2011-2015,Male,Middle,0.482592043,30,0.000353551,2.5,0.001766195,0.998233805,1.00E+05,176.6195295,499558.4512,5119218.11,51.1921811
Sweden,2011-2015,Male,Middle,0.523560852,35,0.000764349,2.5,0.003814454,0.996185546,99823.38047,380.7716738,498164.9732,4619659.659,46.27833316
Sweden,2011-2015,Male,Middle,0.590871544,40,0.001069427,2.5,0.005332877,0.994667123,99442.6088,530.3152174,495887.2559,4121494.686,41.44596301
Sweden,2011-2015,Male,Middle,0.62379979,45,0.001728203,2.5,0.00860384,0.99139616,98912.29358,851.0255455,492433.904,3625607.43,36.65477059
Sweden,2011-2015,Male,Middle,0.592959917,50,0.002947343,2.5,0.014628922,0.985371078,98061.26803,1434.530596,486720.0137,3133173.526,31.95118306
Sweden,2011-2015,Male,Middle,0.542963601,55,0.004800381,2.5,0.023717275,0.976282725,96626.73744,2291.72295,477404.3798,2646453.512,27.38841838
Sweden,2011-2015,Male,Middle,0.502271871,60,0.007976964,2.5,0.039104972,0.960895028,94335.01449,3688.968123,462452.6521,2169049.132,22.99304393
Sweden,2011-2015,Male,Middle,0.4558986,65,0.01340757,2.5,0.064863687,0.935136313,90646.04636,5879.636761,438531.1399,1706596.48,18.82703712
Sweden,2011-2015,Male,Middle,0.416705075,70,0.021973252,2.5,0.104145234,0.895854766,84766.4096,8828.017583,401762.0041,1268065.34,14.95952637
Sweden,2011-2015,Male,Middle,0.37020083,75,0.037952838,2.5,0.173319292,0.826680708,75938.39202,13161.58833,346787.9893,866303.3359,11.40797577
Sweden,2011-2015,Male,Middle,0.334781289,80,0.070280581,2.5,0.298887871,0.701112129,62776.80369,18763.22519,266975.9555,519515.3466,8.275594106
Sweden,2011-2015,Male,Middle,0.326077743,85,0.130515066,2.5,0.492031516,0.507968484,44013.57851,21656.06776,165927.7231,252539.3911,5.73776093
Sweden,2011-2015,Male,Middle,0.303814683,90,0.25813509,3.873940575,1,0,22357.51074,22357.51074,86611.66802,86611.66802,3.873940575
Sweden,2011-2015,Male,Low,0.159348188,30,0.000760683,2.5,0.003796194,0.996203806,1.00E+05,379.6193903,499050.9515,4888222.25,48.8822225
Sweden,2011-2015,Male,Low,0.12743951,35,0.001732341,2.5,0.008624353,0.991375647,99620.38061,859.1613766,495953.9996,4389171.299,44.05896938
Sweden,2011-2015,Male,Low,0.122146632,40,0.002104285,2.5,0.010466362,0.989533638,98761.21923,1033.670692,491221.9194,3893217.299,39.42050665
Sweden,2011-2015,Male,Low,0.142072454,45,0.002937308,2.5,0.014579481,0.985420519,97727.54854,1424.81692,485075.7004,3401995.38,34.81101727
Sweden,2011-2015,Male,Low,0.18323868,50,0.004435922,2.5,0.021936338,0.978063662,96302.73162,2112.529281,476232.3349,2916919.679,30.28906481
Sweden,2011-2015,Male,Low,0.228366751,55,0.006846805,2.5,0.033657904,0.966342096,94190.20234,3170.244797,463025.3997,2440687.345,25.91232723
Sweden,2011-2015,Male,Low,0.267895094,60,0.010615907,2.5,0.051707236,0.948292764,91019.95754,4706.390393,443333.8117,1977661.945,21.72778364
Sweden,2011-2015,Male,Low,0.321702897,65,0.01642319,2.5,0.078877402,0.921122598,86313.56715,6808.189892,414547.361,1534328.133,17.77621044
Sweden,2011-2015,Male,Low,0.386994997,70,0.025927722,2.5,0.121747049,0.878252951,79505.37726,9679.545072,373328.0236,1119780.772,14.08434009
Sweden,2011-2015,Male,Low,0.456626434,75,0.044767241,2.5,0.201306376,0.798693624,69825.83219,14056.38523,313988.1979,746452.7485,10.69020913
Sweden,2011-2015,Male,Low,0.505492903,80,0.079605268,2.5,0.331961609,0.668038391,55769.44696,18513.31535,232563.9464,432464.5506,7.75450671
Sweden,2011-2015,Male,Low,0.529580743,85,0.144945947,2.5,0.531964492,0.468035508,37256.13161,19818.93913,136733.3102,199900.6042,5.365575963
Sweden,2011-2015,Male,Low,0.564547059,90,0.276047799,3.622561035,1,0,17437.19248,17437.19248,63167.29403,63167.29403,3.622561035
