Year,Sex,decile_num,Age,Population
2001,Males,1,0,37667
2001,Males,1,1,38720
2001,Males,1,2,38911
2001,Males,1,3,39390
2001,Males,1,4,40436
2001,Males,1,5,39356
2001,Males,1,6,39236
2001,Males,1,7,39775
2001,Males,1,8,40184
2001,Males,1,9,41232
2001,Males,1,10,41266
2001,Males,1,11,40255
2001,Males,1,12,39360
2001,Males,1,13,39689
2001,Males,1,14,38664
2001,Males,1,15,38531
2001,Males,1,16,38371
2001,Males,1,17,35287
2001,Males,1,18,33763
2001,Males,1,19,33338
2001,Males,1,20,34382
2001,Males,1,21,34805
2001,Males,1,22,33310
2001,Males,1,23,31667
2001,Males,1,24,31311
2001,Males,1,25,33160
2001,Males,1,26,33797
2001,Males,1,27,34756
2001,Males,1,28,36934
2001,Males,1,29,38351
2001,Males,1,30,39479
2001,Males,1,31,39136
2001,Males,1,32,39642
2001,Males,1,33,39143
2001,Males,1,34,39493
2001,Males,1,35,38142
2001,Males,1,36,37724
2001,Males,1,37,36419
2001,Males,1,38,35623
2001,Males,1,39,34288
2001,Males,1,40,32937
2001,Males,1,41,31831
2001,Males,1,42,30883
2001,Males,1,43,30295
2001,Males,1,44,29788
2001,Males,1,45,28403
2001,Males,1,46,27330
2001,Males,1,47,27394
2001,Males,1,48,27035
2001,Males,1,49,26701
2001,Males,1,50,26413
2001,Males,1,51,26530
2001,Males,1,52,26750
2001,Males,1,53,28072
2001,Males,1,54,29032
2001,Males,1,55,23708
2001,Males,1,56,22757
2001,Males,1,57,22564
2001,Males,1,58,22475
2001,Males,1,59,21357
2001,Males,1,60,20683
2001,Males,1,61,21656
2001,Males,1,62,21947
2001,Males,1,63,21870
2001,Males,1,64,21383
2001,Males,1,65,20627
2001,Males,1,66,19644
2001,Males,1,67,18742
2001,Males,1,68,18435
2001,Males,1,69,18273
2001,Males,1,70,17823
2001,Males,1,71,17182
2001,Males,1,72,16214
2001,Males,1,73,15417
2001,Males,1,74,15076
2001,Males,1,75,14386
2001,Males,1,76,13480
2001,Males,1,77,12632
2001,Males,1,78,11829
2001,Males,1,79,11281
2001,Males,1,80,10688
2001,Males,1,81,10054
2001,Males,1,82,6643
2001,Males,1,83,4976
2001,Males,1,84,4614
2001,Males,1,85,4156
2001,Males,1,86,3738
2001,Males,1,87,3155
2001,Males,1,88,2552
2001,Males,1,89,2021
2001,Males,1,90,5570
2001,Males,2,0,33329
2001,Males,2,1,34188
2001,Males,2,2,35017
2001,Males,2,3,35567
2001,Males,2,4,36092
2001,Males,2,5,35628
2001,Males,2,6,35241
2001,Males,2,7,35783
2001,Males,2,8,36478
2001,Males,2,9,37008
2001,Males,2,10,37624
2001,Males,2,11,36582
2001,Males,2,12,35995
2001,Males,2,13,36090
2001,Males,2,14,35178
2001,Males,2,15,34684
2001,Males,2,16,34872
2001,Males,2,17,33003
2001,Males,2,18,31694
2001,Males,2,19,32380
2001,Males,2,20,34790
2001,Males,2,21,35074
2001,Males,2,22,33450
2001,Males,2,23,32284
2001,Males,2,24,32771
2001,Males,2,25,35125
2001,Males,2,26,36455
2001,Males,2,27,37199
2001,Males,2,28,39395
2001,Males,2,29,40766
2001,Males,2,30,41967
2001,Males,2,31,41472
2001,Males,2,32,41906
2001,Males,2,33,41707
2001,Males,2,34,42418
2001,Males,2,35,40599
2001,Males,2,36,39884
2001,Males,2,37,38894
2001,Males,2,38,37747
2001,Males,2,39,36061
2001,Males,2,40,34571
2001,Males,2,41,32949
2001,Males,2,42,32200
2001,Males,2,43,31476
2001,Males,2,44,29887
2001,Males,2,45,28217
2001,Males,2,46,27357
2001,Males,2,47,27264
2001,Males,2,48,26705
2001,Males,2,49,26202
2001,Males,2,50,26012
2001,Males,2,51,26188
2001,Males,2,52,26553
2001,Males,2,53,28175
2001,Males,2,54,29296
2001,Males,2,55,23593
2001,Males,2,56,23057
2001,Males,2,57,22332
2001,Males,2,58,21985
2001,Males,2,59,20670
2001,Males,2,60,19800
2001,Males,2,61,20640
2001,Males,2,62,20787
2001,Males,2,63,20653
2001,Males,2,64,20045
2001,Males,2,65,19518
2001,Males,2,66,18672
2001,Males,2,67,17906
2001,Males,2,68,17367
2001,Males,2,69,17514
2001,Males,2,70,17314
2001,Males,2,71,16790
2001,Males,2,72,15911
2001,Males,2,73,15207
2001,Males,2,74,15057
2001,Males,2,75,14320
2001,Males,2,76,13380
2001,Males,2,77,12421
2001,Males,2,78,11887
2001,Males,2,79,11624
2001,Males,2,80,10924
2001,Males,2,81,10467
2001,Males,2,82,6996
2001,Males,2,83,5214
2001,Males,2,84,4805
2001,Males,2,85,4270
2001,Males,2,86,4035
2001,Males,2,87,3390
2001,Males,2,88,2720
2001,Males,2,89,2090
2001,Males,2,90,5973
2001,Males,3,0,30307
2001,Males,3,1,30727
2001,Males,3,2,31368
2001,Males,3,3,31781
2001,Males,3,4,32603
2001,Males,3,5,32518
2001,Males,3,6,32049
2001,Males,3,7,32742
2001,Males,3,8,33209
2001,Males,3,9,34007
2001,Males,3,10,34307
2001,Males,3,11,33673
2001,Males,3,12,33021
2001,Males,3,13,33554
2001,Males,3,14,32728
2001,Males,3,15,32006
2001,Males,3,16,32678
2001,Males,3,17,30880
2001,Males,3,18,30240
2001,Males,3,19,31409
2001,Males,3,20,34844
2001,Males,3,21,35825
2001,Males,3,22,34891
2001,Males,3,23,33209
2001,Males,3,24,33532
2001,Males,3,25,35771
2001,Males,3,26,37545
2001,Males,3,27,38826
2001,Males,3,28,40659
2001,Males,3,29,42299
2001,Males,3,30,42768
2001,Males,3,31,41885
2001,Males,3,32,42047
2001,Males,3,33,42147
2001,Males,3,34,42838
2001,Males,3,35,41575
2001,Males,3,36,40281
2001,Males,3,37,39426
2001,Males,3,38,38329
2001,Males,3,39,36692
2001,Males,3,40,35344
2001,Males,3,41,34005
2001,Males,3,42,32685
2001,Males,3,43,31959
2001,Males,3,44,30658
2001,Males,3,45,29198
2001,Males,3,46,28419
2001,Males,3,47,28146
2001,Males,3,48,27903
2001,Males,3,49,27549
2001,Males,3,50,27450
2001,Males,3,51,27592
2001,Males,3,52,28322
2001,Males,3,53,29567
2001,Males,3,54,31023
2001,Males,3,55,25305
2001,Males,3,56,24705
2001,Males,3,57,23945
2001,Males,3,58,23263
2001,Males,3,59,21195
2001,Males,3,60,20293
2001,Males,3,61,21381
2001,Males,3,62,21593
2001,Males,3,63,21146
2001,Males,3,64,20521
2001,Males,3,65,20069
2001,Males,3,66,19249
2001,Males,3,67,18448
2001,Males,3,68,17909
2001,Males,3,69,17891
2001,Males,3,70,17900
2001,Males,3,71,17194
2001,Males,3,72,16158
2001,Males,3,73,15589
2001,Males,3,74,15064
2001,Males,3,75,14426
2001,Males,3,76,13661
2001,Males,3,77,13082
2001,Males,3,78,12256
2001,Males,3,79,11856
2001,Males,3,80,11319
2001,Males,3,81,10556
2001,Males,3,82,7039
2001,Males,3,83,5233
2001,Males,3,84,5227
2001,Males,3,85,4738
2001,Males,3,86,4136
2001,Males,3,87,3521
2001,Males,3,88,2996
2001,Males,3,89,2356
2001,Males,3,90,6582
2001,Males,4,0,28000
2001,Males,4,1,28422
2001,Males,4,2,29206
2001,Males,4,3,29374
2001,Males,4,4,30192
2001,Males,4,5,29869
2001,Males,4,6,30168
2001,Males,4,7,30785
2001,Males,4,8,30949
2001,Males,4,9,31919
2001,Males,4,10,32585
2001,Males,4,11,32154
2001,Males,4,12,31831
2001,Males,4,13,32021
2001,Males,4,14,31070
2001,Males,4,15,30870
2001,Males,4,16,30947
2001,Males,4,17,29476
2001,Males,4,18,29696
2001,Males,4,19,31661
2001,Males,4,20,35276
2001,Males,4,21,36050
2001,Males,4,22,33937
2001,Males,4,23,32095
2001,Males,4,24,32848
2001,Males,4,25,34631
2001,Males,4,26,36375
2001,Males,4,27,37321
2001,Males,4,28,39826
2001,Males,4,29,41642
2001,Males,4,30,42040
2001,Males,4,31,41088
2001,Males,4,32,41381
2001,Males,4,33,41466
2001,Males,4,34,41896
2001,Males,4,35,41261
2001,Males,4,36,40798
2001,Males,4,37,39706
2001,Males,4,38,38181
2001,Males,4,39,36973
2001,Males,4,40,35758
2001,Males,4,41,34334
2001,Males,4,42,33587
2001,Males,4,43,32948
2001,Males,4,44,31685
2001,Males,4,45,30688
2001,Males,4,46,29456
2001,Males,4,47,29652
2001,Males,4,48,29445
2001,Males,4,49,28566
2001,Males,4,50,28956
2001,Males,4,51,29870
2001,Males,4,52,30215
2001,Males,4,53,32548
2001,Males,4,54,34001
2001,Males,4,55,27934
2001,Males,4,56,27104
2001,Males,4,57,26565
2001,Males,4,58,25679
2001,Males,4,59,23344
2001,Males,4,60,21941
2001,Males,4,61,23049
2001,Males,4,62,22689
2001,Males,4,63,22733
2001,Males,4,64,22136
2001,Males,4,65,21007
2001,Males,4,66,20354
2001,Males,4,67,19382
2001,Males,4,68,19315
2001,Males,4,69,19113
2001,Males,4,70,18754
2001,Males,4,71,18028
2001,Males,4,72,17277
2001,Males,4,73,16337
2001,Males,4,74,15853
2001,Males,4,75,15383
2001,Males,4,76,14194
2001,Males,4,77,13738
2001,Males,4,78,12810
2001,Males,4,79,12400
2001,Males,4,80,11909
2001,Males,4,81,11163
2001,Males,4,82,7569
2001,Males,4,83,5654
2001,Males,4,84,5524
2001,Males,4,85,5160
2001,Males,4,86,4810
2001,Males,4,87,3940
2001,Males,4,88,3176
2001,Males,4,89,2600
2001,Males,4,90,7253
2001,Males,5,0,26758
2001,Males,5,1,27197
2001,Males,5,2,27803
2001,Males,5,3,28328
2001,Males,5,4,29217
2001,Males,5,5,28770
2001,Males,5,6,29009
2001,Males,5,7,29928
2001,Males,5,8,30187
2001,Males,5,9,31167
2001,Males,5,10,31856
2001,Males,5,11,31200
2001,Males,5,12,30905
2001,Males,5,13,31354
2001,Males,5,14,30881
2001,Males,5,15,30271
2001,Males,5,16,30517
2001,Males,5,17,29689
2001,Males,5,18,29318
2001,Males,5,19,28823
2001,Males,5,20,31236
2001,Males,5,21,31655
2001,Males,5,22,30700
2001,Males,5,23,29637
2001,Males,5,24,30277
2001,Males,5,25,31692
2001,Males,5,26,33205
2001,Males,5,27,34810
2001,Males,5,28,37003
2001,Males,5,29,38404
2001,Males,5,30,39328
2001,Males,5,31,38937
2001,Males,5,32,39326
2001,Males,5,33,39428
2001,Males,5,34,40232
2001,Males,5,35,40133
2001,Males,5,36,39586
2001,Males,5,37,39414
2001,Males,5,38,38735
2001,Males,5,39,37134
2001,Males,5,40,36264
2001,Males,5,41,35055
2001,Males,5,42,34142
2001,Males,5,43,33908
2001,Males,5,44,32672
2001,Males,5,45,31566
2001,Males,5,46,30456
2001,Males,5,47,30617
2001,Males,5,48,30245
2001,Males,5,49,30145
2001,Males,5,50,30240
2001,Males,5,51,31247
2001,Males,5,52,32603
2001,Males,5,53,35212
2001,Males,5,54,37054
2001,Males,5,55,30373
2001,Males,5,56,29503
2001,Males,5,57,29112
2001,Males,5,58,27569
2001,Males,5,59,24782
2001,Males,5,60,23385
2001,Males,5,61,24246
2001,Males,5,62,24240
2001,Males,5,63,24068
2001,Males,5,64,23580
2001,Males,5,65,22494
2001,Males,5,66,21806
2001,Males,5,67,20710
2001,Males,5,68,20492
2001,Males,5,69,20336
2001,Males,5,70,19987
2001,Males,5,71,18922
2001,Males,5,72,18217
2001,Males,5,73,17177
2001,Males,5,74,16869
2001,Males,5,75,15972
2001,Males,5,76,15002
2001,Males,5,77,14019
2001,Males,5,78,13142
2001,Males,5,79,13013
2001,Males,5,80,12532
2001,Males,5,81,11318
2001,Males,5,82,7873
2001,Males,5,83,6215
2001,Males,5,84,5937
2001,Males,5,85,5357
2001,Males,5,86,5036
2001,Males,5,87,4190
2001,Males,5,88,3224
2001,Males,5,89,2715
2001,Males,5,90,7818
2001,Males,6,0,26036
2001,Males,6,1,27036
2001,Males,6,2,27616
2001,Males,6,3,27731
2001,Males,6,4,28615
2001,Males,6,5,28510
2001,Males,6,6,28904
2001,Males,6,7,29214
2001,Males,6,8,29585
2001,Males,6,9,30575
2001,Males,6,10,31500
2001,Males,6,11,31014
2001,Males,6,12,30513
2001,Males,6,13,30949
2001,Males,6,14,30200
2001,Males,6,15,29695
2001,Males,6,16,30160
2001,Males,6,17,29105
2001,Males,6,18,28670
2001,Males,6,19,27640
2001,Males,6,20,29070
2001,Males,6,21,29483
2001,Males,6,22,29106
2001,Males,6,23,28687
2001,Males,6,24,28843
2001,Males,6,25,30122
2001,Males,6,26,31896
2001,Males,6,27,32997
2001,Males,6,28,35136
2001,Males,6,29,37397
2001,Males,6,30,38153
2001,Males,6,31,37877
2001,Males,6,32,38649
2001,Males,6,33,38891
2001,Males,6,34,40018
2001,Males,6,35,40044
2001,Males,6,36,40264
2001,Males,6,37,39821
2001,Males,6,38,38991
2001,Males,6,39,37672
2001,Males,6,40,36759
2001,Males,6,41,35673
2001,Males,6,42,34925
2001,Males,6,43,34535
2001,Males,6,44,33551
2001,Males,6,45,32384
2001,Males,6,46,31622
2001,Males,6,47,31949
2001,Males,6,48,31668
2001,Males,6,49,31259
2001,Males,6,50,31630
2001,Males,6,51,32538
2001,Males,6,52,34376
2001,Males,6,53,37075
2001,Males,6,54,39163
2001,Males,6,55,31881
2001,Males,6,56,31332
2001,Males,6,57,30795
2001,Males,6,58,29330
2001,Males,6,59,26287
2001,Males,6,60,24166
2001,Males,6,61,25196
2001,Males,6,62,25115
2001,Males,6,63,24985
2001,Males,6,64,24408
2001,Males,6,65,23365
2001,Males,6,66,22602
2001,Males,6,67,21262
2001,Males,6,68,20996
2001,Males,6,69,21052
2001,Males,6,70,20489
2001,Males,6,71,19751
2001,Males,6,72,18751
2001,Males,6,73,17943
2001,Males,6,74,17079
2001,Males,6,75,16248
2001,Males,6,76,15388
2001,Males,6,77,14442
2001,Males,6,78,13498
2001,Males,6,79,13013
2001,Males,6,80,12773
2001,Males,6,81,11497
2001,Males,6,82,7932
2001,Males,6,83,6180
2001,Males,6,84,6050
2001,Males,6,85,5740
2001,Males,6,86,5080
2001,Males,6,87,4328
2001,Males,6,88,3768
2001,Males,6,89,2785
2001,Males,6,90,8267
2001,Males,7,0,25701
2001,Males,7,1,26451
2001,Males,7,2,27039
2001,Males,7,3,27701
2001,Males,7,4,28350
2001,Males,7,5,28361
2001,Males,7,6,28566
2001,Males,7,7,29473
2001,Males,7,8,29625
2001,Males,7,9,30515
2001,Males,7,10,31157
2001,Males,7,11,31109
2001,Males,7,12,30702
2001,Males,7,13,31300
2001,Males,7,14,30769
2001,Males,7,15,30358
2001,Males,7,16,30924
2001,Males,7,17,30235
2001,Males,7,18,29601
2001,Males,7,19,29021
2001,Males,7,20,29668
2001,Males,7,21,29022
2001,Males,7,22,27706
2001,Males,7,23,26443
2001,Males,7,24,26778
2001,Males,7,25,28146
2001,Males,7,26,29643
2001,Males,7,27,30659
2001,Males,7,28,33359
2001,Males,7,29,35081
2001,Males,7,30,36202
2001,Males,7,31,35837
2001,Males,7,32,36949
2001,Males,7,33,37475
2001,Males,7,34,38887
2001,Males,7,35,39352
2001,Males,7,36,40003
2001,Males,7,37,39495
2001,Males,7,38,38602
2001,Males,7,39,38155
2001,Males,7,40,37256
2001,Males,7,41,35922
2001,Males,7,42,35561
2001,Males,7,43,35303
2001,Males,7,44,34226
2001,Males,7,45,33203
2001,Males,7,46,32626
2001,Males,7,47,32963
2001,Males,7,48,32821
2001,Males,7,49,32553
2001,Males,7,50,32803
2001,Males,7,51,34215
2001,Males,7,52,35712
2001,Males,7,53,38629
2001,Males,7,54,41125
2001,Males,7,55,33590
2001,Males,7,56,32788
2001,Males,7,57,32057
2001,Males,7,58,30284
2001,Males,7,59,26852
2001,Males,7,60,24843
2001,Males,7,61,25697
2001,Males,7,62,25994
2001,Males,7,63,25531
2001,Males,7,64,24737
2001,Males,7,65,23729
2001,Males,7,66,23161
2001,Males,7,67,21778
2001,Males,7,68,21407
2001,Males,7,69,21452
2001,Males,7,70,20946
2001,Males,7,71,19842
2001,Males,7,72,18871
2001,Males,7,73,17997
2001,Males,7,74,17259
2001,Males,7,75,16510
2001,Males,7,76,15219
2001,Males,7,77,14288
2001,Males,7,78,13509
2001,Males,7,79,13218
2001,Males,7,80,12703
2001,Males,7,81,11612
2001,Males,7,82,7789
2001,Males,7,83,6071
2001,Males,7,84,6128
2001,Males,7,85,5610
2001,Males,7,86,5183
2001,Males,7,87,4453
2001,Males,7,88,3553
2001,Males,7,89,2831
2001,Males,7,90,8159
2001,Males,8,0,25360
2001,Males,8,1,26367
2001,Males,8,2,27239
2001,Males,8,3,27376
2001,Males,8,4,27860
2001,Males,8,5,28084
2001,Males,8,6,28295
2001,Males,8,7,29178
2001,Males,8,8,29491
2001,Males,8,9,30879
2001,Males,8,10,31246
2001,Males,8,11,30554
2001,Males,8,12,30671
2001,Males,8,13,31588
2001,Males,8,14,30224
2001,Males,8,15,30320
2001,Males,8,16,30882
2001,Males,8,17,30469
2001,Males,8,18,29369
2001,Males,8,19,27608
2001,Males,8,20,27694
2001,Males,8,21,27927
2001,Males,8,22,27347
2001,Males,8,23,26071
2001,Males,8,24,26244
2001,Males,8,25,26916
2001,Males,8,26,28589
2001,Males,8,27,29767
2001,Males,8,28,31968
2001,Males,8,29,34014
2001,Males,8,30,34945
2001,Males,8,31,34942
2001,Males,8,32,36536
2001,Males,8,33,37366
2001,Males,8,34,38555
2001,Males,8,35,39216
2001,Males,8,36,39600
2001,Males,8,37,39357
2001,Males,8,38,38915
2001,Males,8,39,38132
2001,Males,8,40,38070
2001,Males,8,41,36469
2001,Males,8,42,35807
2001,Males,8,43,35491
2001,Males,8,44,34332
2001,Males,8,45,33318
2001,Males,8,46,32721
2001,Males,8,47,33199
2001,Males,8,48,33042
2001,Males,8,49,32816
2001,Males,8,50,33013
2001,Males,8,51,34459
2001,Males,8,52,36204
2001,Males,8,53,39216
2001,Males,8,54,41898
2001,Males,8,55,33936
2001,Males,8,56,33363
2001,Males,8,57,32559
2001,Males,8,58,30570
2001,Males,8,59,27064
2001,Males,8,60,25018
2001,Males,8,61,25842
2001,Males,8,62,25724
2001,Males,8,63,25097
2001,Males,8,64,24340
2001,Males,8,65,23597
2001,Males,8,66,22788
2001,Males,8,67,21632
2001,Males,8,68,21190
2001,Males,8,69,20867
2001,Males,8,70,20567
2001,Males,8,71,19504
2001,Males,8,72,18463
2001,Males,8,73,17420
2001,Males,8,74,16884
2001,Males,8,75,15881
2001,Males,8,76,14953
2001,Males,8,77,13938
2001,Males,8,78,13072
2001,Males,8,79,12744
2001,Males,8,80,12366
2001,Males,8,81,11005
2001,Males,8,82,7356
2001,Males,8,83,5820
2001,Males,8,84,6059
2001,Males,8,85,5522
2001,Males,8,86,4988
2001,Males,8,87,4221
2001,Males,8,88,3456
2001,Males,8,89,2868
2001,Males,8,90,7925
2001,Males,9,0,25695
2001,Males,9,1,26914
2001,Males,9,2,27892
2001,Males,9,3,28284
2001,Males,9,4,29304
2001,Males,9,5,29106
2001,Males,9,6,29614
2001,Males,9,7,30159
2001,Males,9,8,30713
2001,Males,9,9,32044
2001,Males,9,10,32560
2001,Males,9,11,32451
2001,Males,9,12,32069
2001,Males,9,13,32292
2001,Males,9,14,31564
2001,Males,9,15,31236
2001,Males,9,16,31934
2001,Males,9,17,31910
2001,Males,9,18,30974
2001,Males,9,19,29194
2001,Males,9,20,27268
2001,Males,9,21,26044
2001,Males,9,22,25947
2001,Males,9,23,24906
2001,Males,9,24,24965
2001,Males,9,25,25325
2001,Males,9,26,26575
2001,Males,9,27,27413
2001,Males,9,28,29605
2001,Males,9,29,31816
2001,Males,9,30,33275
2001,Males,9,31,33905
2001,Males,9,32,35306
2001,Males,9,33,36349
2001,Males,9,34,37895
2001,Males,9,35,39065
2001,Males,9,36,39984
2001,Males,9,37,40211
2001,Males,9,38,39987
2001,Males,9,39,39262
2001,Males,9,40,38623
2001,Males,9,41,37486
2001,Males,9,42,37077
2001,Males,9,43,36891
2001,Males,9,44,35795
2001,Males,9,45,34558
2001,Males,9,46,33920
2001,Males,9,47,34342
2001,Males,9,48,34007
2001,Males,9,49,33830
2001,Males,9,50,34079
2001,Males,9,51,35331
2001,Males,9,52,36814
2001,Males,9,53,40047
2001,Males,9,54,43081
2001,Males,9,55,34720
2001,Males,9,56,34232
2001,Males,9,57,33247
2001,Males,9,58,31229
2001,Males,9,59,26957
2001,Males,9,60,25026
2001,Males,9,61,25711
2001,Males,9,62,25513
2001,Males,9,63,25281
2001,Males,9,64,24691
2001,Males,9,65,23841
2001,Males,9,66,22970
2001,Males,9,67,21663
2001,Males,9,68,21369
2001,Males,9,69,21046
2001,Males,9,70,20422
2001,Males,9,71,19694
2001,Males,9,72,18525
2001,Males,9,73,17530
2001,Males,9,74,16930
2001,Males,9,75,16026
2001,Males,9,76,15114
2001,Males,9,77,13986
2001,Males,9,78,13058
2001,Males,9,79,12512
2001,Males,9,80,12184
2001,Males,9,81,10937
2001,Males,9,82,7403
2001,Males,9,83,5766
2001,Males,9,84,5615
2001,Males,9,85,5298
2001,Males,9,86,4821
2001,Males,9,87,3999
2001,Males,9,88,3467
2001,Males,9,89,2689
2001,Males,9,90,7735
2001,Males,10,0,25869
2001,Males,10,1,27128
2001,Males,10,2,28549
2001,Males,10,3,29684
2001,Males,10,4,30324
2001,Males,10,5,30729
2001,Males,10,6,31420
2001,Males,10,7,32498
2001,Males,10,8,32660
2001,Males,10,9,33600
2001,Males,10,10,34557
2001,Males,10,11,34220
2001,Males,10,12,33937
2001,Males,10,13,34336
2001,Males,10,14,33005
2001,Males,10,15,32848
2001,Males,10,16,33046
2001,Males,10,17,32502
2001,Males,10,18,30382
2001,Males,10,19,25979
2001,Males,10,20,23518
2001,Males,10,21,23238
2001,Males,10,22,23466
2001,Males,10,23,23026
2001,Males,10,24,22005
2001,Males,10,25,21455
2001,Males,10,26,21863
2001,Males,10,27,23243
2001,Males,10,28,24507
2001,Males,10,29,26896
2001,Males,10,30,28538
2001,Males,10,31,29376
2001,Males,10,32,31894
2001,Males,10,33,33378
2001,Males,10,34,35365
2001,Males,10,35,37006
2001,Males,10,36,38749
2001,Males,10,37,39731
2001,Males,10,38,40123
2001,Males,10,39,40202
2001,Males,10,40,39922
2001,Males,10,41,38945
2001,Males,10,42,38776
2001,Males,10,43,38374
2001,Males,10,44,37372
2001,Males,10,45,36646
2001,Males,10,46,35880
2001,Males,10,47,35958
2001,Males,10,48,35476
2001,Males,10,49,35314
2001,Males,10,50,35568
2001,Males,10,51,36873
2001,Males,10,52,38362
2001,Males,10,53,42065
2001,Males,10,54,44961
2001,Males,10,55,36209
2001,Males,10,56,35577
2001,Males,10,57,34386
2001,Males,10,58,31884
2001,Males,10,59,27299
2001,Males,10,60,24774
2001,Males,10,61,25877
2001,Males,10,62,25897
2001,Males,10,63,25820
2001,Males,10,64,24561
2001,Males,10,65,23802
2001,Males,10,66,22997
2001,Males,10,67,22029
2001,Males,10,68,21452
2001,Males,10,69,21040
2001,Males,10,70,20756
2001,Males,10,71,19714
2001,Males,10,72,18813
2001,Males,10,73,17317
2001,Males,10,74,16734
2001,Males,10,75,15953
2001,Males,10,76,14784
2001,Males,10,77,13681
2001,Males,10,78,12696
2001,Males,10,79,12216
2001,Males,10,80,11911
2001,Males,10,81,10705
2001,Males,10,82,7007
2001,Males,10,83,5571
2001,Males,10,84,5727
2001,Males,10,85,5112
2001,Males,10,86,4679
2001,Males,10,87,3927
2001,Males,10,88,3169
2001,Males,10,89,2588
2001,Males,10,90,7534
2002,Males,1,0,38949
2002,Males,1,1,37707
2002,Males,1,2,38454
2002,Males,1,3,38265
2002,Males,1,4,38431
2002,Males,1,5,40271
2002,Males,1,6,38953
2002,Males,1,7,38751
2002,Males,1,8,39200
2002,Males,1,9,39617
2002,Males,1,10,40370
2002,Males,1,11,40520
2002,Males,1,12,39445
2002,Males,1,13,38233
2002,Males,1,14,38607
2002,Males,1,15,37692
2002,Males,1,16,37278
2002,Males,1,17,37515
2002,Males,1,18,36006
2002,Males,1,19,37024
2002,Males,1,20,35069
2002,Males,1,21,35531
2002,Males,1,22,35603
2002,Males,1,23,33715
2002,Males,1,24,31927
2002,Males,1,25,32692
2002,Males,1,26,33644
2002,Males,1,27,34632
2002,Males,1,28,35074
2002,Males,1,29,36636
2002,Males,1,30,38529
2002,Males,1,31,39168
2002,Males,1,32,38602
2002,Males,1,33,38880
2002,Males,1,34,38653
2002,Males,1,35,38243
2002,Males,1,36,37622
2002,Males,1,37,36991
2002,Males,1,38,36221
2002,Males,1,39,34918
2002,Males,1,40,34597
2002,Males,1,41,32852
2002,Males,1,42,32056
2002,Males,1,43,30632
2002,Males,1,44,30230
2002,Males,1,45,29635
2002,Males,1,46,28061
2002,Males,1,47,27009
2002,Males,1,48,27042
2002,Males,1,49,26759
2002,Males,1,50,26722
2002,Males,1,51,26326
2002,Males,1,52,26511
2002,Males,1,53,26431
2002,Males,1,54,27894
2002,Males,1,55,28662
2002,Males,1,56,23459
2002,Males,1,57,22789
2002,Males,1,58,22369
2002,Males,1,59,21871
2002,Males,1,60,20617
2002,Males,1,61,20250
2002,Males,1,62,21364
2002,Males,1,63,21164
2002,Males,1,64,21317
2002,Males,1,65,20659
2002,Males,1,66,19858
2002,Males,1,67,19075
2002,Males,1,68,17787
2002,Males,1,69,17645
2002,Males,1,70,17340
2002,Males,1,71,16956
2002,Males,1,72,16305
2002,Males,1,73,15204
2002,Males,1,74,14334
2002,Males,1,75,14142
2002,Males,1,76,13292
2002,Males,1,77,12267
2002,Males,1,78,11463
2002,Males,1,79,10597
2002,Males,1,80,10122
2002,Males,1,81,9597
2002,Males,1,82,8622
2002,Males,1,83,6017
2002,Males,1,84,4516
2002,Males,1,85,3955
2002,Males,1,86,3460
2002,Males,1,87,3292
2002,Males,1,88,2674
2002,Males,1,89,2012
2002,Males,1,90,5821
2002,Males,2,0,34432
2002,Males,2,1,33248
2002,Males,2,2,33958
2002,Males,2,3,34672
2002,Males,2,4,35248
2002,Males,2,5,35990
2002,Males,2,6,35643
2002,Males,2,7,35155
2002,Males,2,8,35494
2002,Males,2,9,35934
2002,Males,2,10,37000
2002,Males,2,11,37139
2002,Males,2,12,36090
2002,Males,2,13,35540
2002,Males,2,14,35646
2002,Males,2,15,34653
2002,Males,2,16,34443
2002,Males,2,17,34924
2002,Males,2,18,33696
2002,Males,2,19,34243
2002,Males,2,20,34114
2002,Males,2,21,35304
2002,Males,2,22,35923
2002,Males,2,23,34644
2002,Males,2,24,33112
2002,Males,2,25,34324
2002,Males,2,26,36083
2002,Males,2,27,37303
2002,Males,2,28,37729
2002,Males,2,29,39644
2002,Males,2,30,40486
2002,Males,2,31,41599
2002,Males,2,32,41187
2002,Males,2,33,41298
2002,Males,2,34,41397
2002,Males,2,35,41486
2002,Males,2,36,40568
2002,Males,2,37,39225
2002,Males,2,38,38295
2002,Males,2,39,37153
2002,Males,2,40,35786
2002,Males,2,41,34643
2002,Males,2,42,33043
2002,Males,2,43,31846
2002,Males,2,44,31190
2002,Males,2,45,29626
2002,Males,2,46,28237
2002,Males,2,47,26938
2002,Males,2,48,26747
2002,Males,2,49,26400
2002,Males,2,50,26631
2002,Males,2,51,25894
2002,Males,2,52,26270
2002,Males,2,53,26482
2002,Males,2,54,27673
2002,Males,2,55,29006
2002,Males,2,56,23492
2002,Males,2,57,22664
2002,Males,2,58,21864
2002,Males,2,59,21706
2002,Males,2,60,20304
2002,Males,2,61,19621
2002,Males,2,62,20413
2002,Males,2,63,20347
2002,Males,2,64,20115
2002,Males,2,65,19613
2002,Males,2,66,18755
2002,Males,2,67,18188
2002,Males,2,68,17257
2002,Males,2,69,16953
2002,Males,2,70,16643
2002,Males,2,71,16439
2002,Males,2,72,15871
2002,Males,2,73,14846
2002,Males,2,74,14207
2002,Males,2,75,14346
2002,Males,2,76,13341
2002,Males,2,77,12380
2002,Males,2,78,11352
2002,Males,2,79,11029
2002,Males,2,80,10803
2002,Males,2,81,9800
2002,Males,2,82,9329
2002,Males,2,83,6034
2002,Males,2,84,4498
2002,Males,2,85,4114
2002,Males,2,86,3736
2002,Males,2,87,3416
2002,Males,2,88,2796
2002,Males,2,89,2228
2002,Males,2,90,6193
2002,Males,3,0,31234
2002,Males,3,1,29737
2002,Males,3,2,30234
2002,Males,3,3,31077
2002,Males,3,4,31442
2002,Males,3,5,32491
2002,Males,3,6,32289
2002,Males,3,7,31861
2002,Males,3,8,32754
2002,Males,3,9,33084
2002,Males,3,10,33555
2002,Males,3,11,34371
2002,Males,3,12,33460
2002,Males,3,13,32811
2002,Males,3,14,33236
2002,Males,3,15,32634
2002,Males,3,16,32152
2002,Males,3,17,33077
2002,Males,3,18,32040
2002,Males,3,19,32843
2002,Males,3,20,34024
2002,Males,3,21,36329
2002,Males,3,22,36660
2002,Males,3,23,35962
2002,Males,3,24,34317
2002,Males,3,25,34803
2002,Males,3,26,36983
2002,Males,3,27,38108
2002,Males,3,28,39034
2002,Males,3,29,41230
2002,Males,3,30,41539
2002,Males,3,31,42159
2002,Males,3,32,41274
2002,Males,3,33,41821
2002,Males,3,34,41745
2002,Males,3,35,42164
2002,Males,3,36,40654
2002,Males,3,37,40091
2002,Males,3,38,39262
2002,Males,3,39,38019
2002,Males,3,40,36669
2002,Males,3,41,35197
2002,Males,3,42,34067
2002,Males,3,43,32966
2002,Males,3,44,31670
2002,Males,3,45,29936
2002,Males,3,46,29112
2002,Males,3,47,28255
2002,Males,3,48,27986
2002,Males,3,49,27445
2002,Males,3,50,27266
2002,Males,3,51,27477
2002,Males,3,52,27526
2002,Males,3,53,28154
2002,Males,3,54,29282
2002,Males,3,55,31167
2002,Males,3,56,24979
2002,Males,3,57,24490
2002,Males,3,58,23883
2002,Males,3,59,22942
2002,Males,3,60,20922
2002,Males,3,61,20089
2002,Males,3,62,21050
2002,Males,3,63,21166
2002,Males,3,64,20761
2002,Males,3,65,20094
2002,Males,3,66,19324
2002,Males,3,67,18667
2002,Males,3,68,17862
2002,Males,3,69,17246
2002,Males,3,70,17161
2002,Males,3,71,17190
2002,Males,3,72,16375
2002,Males,3,73,15505
2002,Males,3,74,14801
2002,Males,3,75,14266
2002,Males,3,76,13452
2002,Males,3,77,12778
2002,Males,3,78,12219
2002,Males,3,79,11262
2002,Males,3,80,10966
2002,Males,3,81,10115
2002,Males,3,82,9582
2002,Males,3,83,6334
2002,Males,3,84,4816
2002,Males,3,85,4526
2002,Males,3,86,3954
2002,Males,3,87,3698
2002,Males,3,88,3016
2002,Males,3,89,2327
2002,Males,3,90,6897
2002,Males,4,0,28148
2002,Males,4,1,27734
2002,Males,4,2,28110
2002,Males,4,3,28927
2002,Males,4,4,29402
2002,Males,4,5,30207
2002,Males,4,6,29969
2002,Males,4,7,29943
2002,Males,4,8,30886
2002,Males,4,9,30968
2002,Males,4,10,32140
2002,Males,4,11,32790
2002,Males,4,12,32422
2002,Males,4,13,31794
2002,Males,4,14,31747
2002,Males,4,15,31209
2002,Males,4,16,31135
2002,Males,4,17,31536
2002,Males,4,18,30529
2002,Males,4,19,32537
2002,Males,4,20,34136
2002,Males,4,21,35828
2002,Males,4,22,36146
2002,Males,4,23,34723
2002,Males,4,24,33331
2002,Males,4,25,33701
2002,Males,4,26,35426
2002,Males,4,27,37094
2002,Males,4,28,38127
2002,Males,4,29,40345
2002,Males,4,30,40749
2002,Males,4,31,41514
2002,Males,4,32,40855
2002,Males,4,33,41241
2002,Males,4,34,40956
2002,Males,4,35,41317
2002,Males,4,36,40933
2002,Males,4,37,40219
2002,Males,4,38,39584
2002,Males,4,39,38237
2002,Males,4,40,37065
2002,Males,4,41,36115
2002,Males,4,42,34065
2002,Males,4,43,33492
2002,Males,4,44,33187
2002,Males,4,45,31182
2002,Males,4,46,30423
2002,Males,4,47,29049
2002,Males,4,48,29509
2002,Males,4,49,29108
2002,Males,4,50,28625
2002,Males,4,51,28831
2002,Males,4,52,29830
2002,Males,4,53,30038
2002,Males,4,54,32337
2002,Males,4,55,33860
2002,Males,4,56,27574
2002,Males,4,57,26956
2002,Males,4,58,26398
2002,Males,4,59,25506
2002,Males,4,60,22965
2002,Males,4,61,21843
2002,Males,4,62,22627
2002,Males,4,63,22448
2002,Males,4,64,22412
2002,Males,4,65,21661
2002,Males,4,66,20547
2002,Males,4,67,20010
2002,Males,4,68,18963
2002,Males,4,69,18673
2002,Males,4,70,18676
2002,Males,4,71,18036
2002,Males,4,72,17391
2002,Males,4,73,16611
2002,Males,4,74,15622
2002,Males,4,75,15089
2002,Males,4,76,14509
2002,Males,4,77,13433
2002,Males,4,78,12770
2002,Males,4,79,11734
2002,Males,4,80,11306
2002,Males,4,81,10956
2002,Males,4,82,9947
2002,Males,4,83,6654
2002,Males,4,84,5016
2002,Males,4,85,4967
2002,Males,4,86,4296
2002,Males,4,87,3941
2002,Males,4,88,3365
2002,Males,4,89,2628
2002,Males,4,90,7533
2002,Males,5,0,26399
2002,Males,5,1,26311
2002,Males,5,2,26989
2002,Males,5,3,27769
2002,Males,5,4,28728
2002,Males,5,5,29215
2002,Males,5,6,28878
2002,Males,5,7,29051
2002,Males,5,8,30215
2002,Males,5,9,30553
2002,Males,5,10,31443
2002,Males,5,11,32073
2002,Males,5,12,31240
2002,Males,5,13,31024
2002,Males,5,14,31366
2002,Males,5,15,30545
2002,Males,5,16,30743
2002,Males,5,17,30617
2002,Males,5,18,30052
2002,Males,5,19,30014
2002,Males,5,20,30098
2002,Males,5,21,31868
2002,Males,5,22,32478
2002,Males,5,23,31710
2002,Males,5,24,30933
2002,Males,5,25,31020
2002,Males,5,26,32636
2002,Males,5,27,33505
2002,Males,5,28,35363
2002,Males,5,29,37434
2002,Males,5,30,38020
2002,Males,5,31,38926
2002,Males,5,32,38697
2002,Males,5,33,39356
2002,Males,5,34,39236
2002,Males,5,35,40204
2002,Males,5,36,39782
2002,Males,5,37,39891
2002,Males,5,38,39236
2002,Males,5,39,38855
2002,Males,5,40,37289
2002,Males,5,41,36790
2002,Males,5,42,35107
2002,Males,5,43,34314
2002,Males,5,44,34040
2002,Males,5,45,32117
2002,Males,5,46,31072
2002,Males,5,47,30104
2002,Males,5,48,30673
2002,Males,5,49,30395
2002,Males,5,50,30008
2002,Males,5,51,30286
2002,Males,5,52,31256
2002,Males,5,53,32652
2002,Males,5,54,34872
2002,Males,5,55,37201
2002,Males,5,56,29787
2002,Males,5,57,29536
2002,Males,5,58,28841
2002,Males,5,59,27816
2002,Males,5,60,24578
2002,Males,5,61,23334
2002,Males,5,62,24062
2002,Males,5,63,23917
2002,Males,5,64,23735
2002,Males,5,65,23009
2002,Males,5,66,22148
2002,Males,5,67,21300
2002,Males,5,68,20370
2002,Males,5,69,19735
2002,Males,5,70,20037
2002,Males,5,71,19324
2002,Males,5,72,18498
2002,Males,5,73,17431
2002,Males,5,74,16548
2002,Males,5,75,15881
2002,Males,5,76,15305
2002,Males,5,77,14171
2002,Males,5,78,13116
2002,Males,5,79,12299
2002,Males,5,80,12012
2002,Males,5,81,11555
2002,Males,5,82,10380
2002,Males,5,83,7219
2002,Males,5,84,5474
2002,Males,5,85,5213
2002,Males,5,86,4650
2002,Males,5,87,4230
2002,Males,5,88,3599
2002,Males,5,89,2914
2002,Males,5,90,8183
2002,Males,6,0,25950
2002,Males,6,1,25903
2002,Males,6,2,27017
2002,Males,6,3,27832
2002,Males,6,4,28064
2002,Males,6,5,29030
2002,Males,6,6,28472
2002,Males,6,7,29336
2002,Males,6,8,29421
2002,Males,6,9,29751
2002,Males,6,10,30635
2002,Males,6,11,31577
2002,Males,6,12,31402
2002,Males,6,13,30571
2002,Males,6,14,30903
2002,Males,6,15,30500
2002,Males,6,16,30288
2002,Males,6,17,30308
2002,Males,6,18,29478
2002,Males,6,19,27722
2002,Males,6,20,28185
2002,Males,6,21,29941
2002,Males,6,22,30400
2002,Males,6,23,29928
2002,Males,6,24,29011
2002,Males,6,25,29597
2002,Males,6,26,30856
2002,Males,6,27,32528
2002,Males,6,28,33727
2002,Males,6,29,35834
2002,Males,6,30,37067
2002,Males,6,31,37888
2002,Males,6,32,37845
2002,Males,6,33,38589
2002,Males,6,34,38745
2002,Males,6,35,40327
2002,Males,6,36,39798
2002,Males,6,37,40518
2002,Males,6,38,39772
2002,Males,6,39,39258
2002,Males,6,40,38085
2002,Males,6,41,36990
2002,Males,6,42,35823
2002,Males,6,43,35299
2002,Males,6,44,34981
2002,Males,6,45,33515
2002,Males,6,46,31956
2002,Males,6,47,31679
2002,Males,6,48,31814
2002,Males,6,49,31618
2002,Males,6,50,30966
2002,Males,6,51,31800
2002,Males,6,52,32225
2002,Males,6,53,34168
2002,Males,6,54,37061
2002,Males,6,55,38977
2002,Males,6,56,31627
2002,Males,6,57,31109
2002,Males,6,58,30401
2002,Males,6,59,29296
2002,Males,6,60,26086
2002,Males,6,61,23848
2002,Males,6,62,24909
2002,Males,6,63,24953
2002,Males,6,64,24790
2002,Males,6,65,24184
2002,Males,6,66,23067
2002,Males,6,67,22151
2002,Males,6,68,20854
2002,Males,6,69,20658
2002,Males,6,70,20641
2002,Males,6,71,19990
2002,Males,6,72,19145
2002,Males,6,73,18269
2002,Males,6,74,17083
2002,Males,6,75,16457
2002,Males,6,76,15550
2002,Males,6,77,14455
2002,Males,6,78,13602
2002,Males,6,79,12562
2002,Males,6,80,12140
2002,Males,6,81,11717
2002,Males,6,82,10360
2002,Males,6,83,7143
2002,Males,6,84,5565
2002,Males,6,85,5396
2002,Males,6,86,4921
2002,Males,6,87,4431
2002,Males,6,88,3602
2002,Males,6,89,2979
2002,Males,6,90,8471
2002,Males,7,0,25309
2002,Males,7,1,25616
2002,Males,7,2,26801
2002,Males,7,3,27220
2002,Males,7,4,27897
2002,Males,7,5,28514
2002,Males,7,6,28718
2002,Males,7,7,28734
2002,Males,7,8,29712
2002,Males,7,9,29860
2002,Males,7,10,30735
2002,Males,7,11,31877
2002,Males,7,12,31344
2002,Males,7,13,30816
2002,Males,7,14,31620
2002,Males,7,15,30562
2002,Males,7,16,30543
2002,Males,7,17,31229
2002,Males,7,18,30327
2002,Males,7,19,29436
2002,Males,7,20,28212
2002,Males,7,21,29524
2002,Males,7,22,28899
2002,Males,7,23,28047
2002,Males,7,24,27104
2002,Males,7,25,27107
2002,Males,7,26,28565
2002,Males,7,27,29966
2002,Males,7,28,31396
2002,Males,7,29,33777
2002,Males,7,30,35392
2002,Males,7,31,36189
2002,Males,7,32,36477
2002,Males,7,33,37043
2002,Males,7,34,37793
2002,Males,7,35,39552
2002,Males,7,36,39703
2002,Males,7,37,40204
2002,Males,7,38,39644
2002,Males,7,39,39127
2002,Males,7,40,38417
2002,Males,7,41,37714
2002,Males,7,42,36120
2002,Males,7,43,35850
2002,Males,7,44,35200
2002,Males,7,45,34356
2002,Males,7,46,33013
2002,Males,7,47,32493
2002,Males,7,48,32777
2002,Males,7,49,32894
2002,Males,7,50,32325
2002,Males,7,51,32631
2002,Males,7,52,34228
2002,Males,7,53,35565
2002,Males,7,54,38418
2002,Males,7,55,41087
2002,Males,7,56,33642
2002,Males,7,57,32346
2002,Males,7,58,31932
2002,Males,7,59,30061
2002,Males,7,60,26854
2002,Males,7,61,24569
2002,Males,7,62,25248
2002,Males,7,63,25761
2002,Males,7,64,25449
2002,Males,7,65,24193
2002,Males,7,66,23507
2002,Males,7,67,22551
2002,Males,7,68,21413
2002,Males,7,69,20984
2002,Males,7,70,20886
2002,Males,7,71,20291
2002,Males,7,72,19177
2002,Males,7,73,18333
2002,Males,7,74,17541
2002,Males,7,75,16447
2002,Males,7,76,15694
2002,Males,7,77,14547
2002,Males,7,78,13483
2002,Males,7,79,12668
2002,Males,7,80,12340
2002,Males,7,81,11548
2002,Males,7,82,10664
2002,Males,7,83,7242
2002,Males,7,84,5384
2002,Males,7,85,5414
2002,Males,7,86,4897
2002,Males,7,87,4512
2002,Males,7,88,3666
2002,Males,7,89,2916
2002,Males,7,90,8772
2002,Males,8,0,25152
2002,Males,8,1,25917
2002,Males,8,2,26642
2002,Males,8,3,27666
2002,Males,8,4,27918
2002,Males,8,5,28439
2002,Males,8,6,28551
2002,Males,8,7,28770
2002,Males,8,8,29745
2002,Males,8,9,30000
2002,Males,8,10,31125
2002,Males,8,11,31325
2002,Males,8,12,31062
2002,Males,8,13,30928
2002,Males,8,14,31572
2002,Males,8,15,30495
2002,Males,8,16,30239
2002,Males,8,17,30783
2002,Males,8,18,30226
2002,Males,8,19,28647
2002,Males,8,20,26589
2002,Males,8,21,27846
2002,Males,8,22,28051
2002,Males,8,23,27455
2002,Males,8,24,26359
2002,Males,8,25,26495
2002,Males,8,26,27404
2002,Males,8,27,29133
2002,Males,8,28,30124
2002,Males,8,29,32266
2002,Males,8,30,34315
2002,Males,8,31,35643
2002,Males,8,32,35116
2002,Males,8,33,36747
2002,Males,8,34,37903
2002,Males,8,35,38989
2002,Males,8,36,39627
2002,Males,8,37,39954
2002,Males,8,38,39427
2002,Males,8,39,39166
2002,Males,8,40,38196
2002,Males,8,41,37921
2002,Males,8,42,37040
2002,Males,8,43,36065
2002,Males,8,44,35891
2002,Males,8,45,34404
2002,Males,8,46,33092
2002,Males,8,47,32535
2002,Males,8,48,32779
2002,Males,8,49,32907
2002,Males,8,50,32485
2002,Males,8,51,32753
2002,Males,8,52,34164
2002,Males,8,53,36374
2002,Males,8,54,39082
2002,Males,8,55,41747
2002,Males,8,56,33830
2002,Males,8,57,32897
2002,Males,8,58,32230
2002,Males,8,59,30243
2002,Males,8,60,26954
2002,Males,8,61,24597
2002,Males,8,62,25536
2002,Males,8,63,25207
2002,Males,8,64,24762
2002,Males,8,65,24132
2002,Males,8,66,23417
2002,Males,8,67,22331
2002,Males,8,68,21440
2002,Males,8,69,20865
2002,Males,8,70,20378
2002,Males,8,71,20188
2002,Males,8,72,19062
2002,Males,8,73,17733
2002,Males,8,74,16937
2002,Males,8,75,16053
2002,Males,8,76,15170
2002,Males,8,77,14119
2002,Males,8,78,13231
2002,Males,8,79,12395
2002,Males,8,80,11737
2002,Males,8,81,11281
2002,Males,8,82,10096
2002,Males,8,83,6865
2002,Males,8,84,5096
2002,Males,8,85,5191
2002,Males,8,86,4897
2002,Males,8,87,4296
2002,Males,8,88,3562
2002,Males,8,89,2878
2002,Males,8,90,8362
2002,Males,9,0,25276
2002,Males,9,1,26208
2002,Males,9,2,27614
2002,Males,9,3,28556
2002,Males,9,4,28915
2002,Males,9,5,29771
2002,Males,9,6,29889
2002,Males,9,7,30276
2002,Males,9,8,30807
2002,Males,9,9,31097
2002,Males,9,10,32629
2002,Males,9,11,33033
2002,Males,9,12,32472
2002,Males,9,13,32612
2002,Males,9,14,32367
2002,Males,9,15,31944
2002,Males,9,16,31634
2002,Males,9,17,32480
2002,Males,9,18,31468
2002,Males,9,19,29925
2002,Males,9,20,25923
2002,Males,9,21,26127
2002,Males,9,22,26696
2002,Males,9,23,26169
2002,Males,9,24,25107
2002,Males,9,25,25216
2002,Males,9,26,25500
2002,Males,9,27,26747
2002,Males,9,28,28106
2002,Males,9,29,30475
2002,Males,9,30,32266
2002,Males,9,31,34181
2002,Males,9,32,34434
2002,Males,9,33,35922
2002,Males,9,34,36784
2002,Males,9,35,38821
2002,Males,9,36,39830
2002,Males,9,37,40248
2002,Males,9,38,40757
2002,Males,9,39,40333
2002,Males,9,40,39880
2002,Males,9,41,38650
2002,Males,9,42,37917
2002,Males,9,43,37551
2002,Males,9,44,37321
2002,Males,9,45,35430
2002,Males,9,46,34506
2002,Males,9,47,33583
2002,Males,9,48,34115
2002,Males,9,49,33742
2002,Males,9,50,33617
2002,Males,9,51,33866
2002,Males,9,52,34886
2002,Males,9,53,36549
2002,Males,9,54,39885
2002,Males,9,55,42858
2002,Males,9,56,34400
2002,Males,9,57,33714
2002,Males,9,58,33303
2002,Males,9,59,30753
2002,Males,9,60,26965
2002,Males,9,61,24433
2002,Males,9,62,25495
2002,Males,9,63,25567
2002,Males,9,64,25133
2002,Males,9,65,24429
2002,Males,9,66,23537
2002,Males,9,67,22747
2002,Males,9,68,21345
2002,Males,9,69,20885
2002,Males,9,70,20885
2002,Males,9,71,20184
2002,Males,9,72,19303
2002,Males,9,73,18334
2002,Males,9,74,16852
2002,Males,9,75,16345
2002,Males,9,76,15441
2002,Males,9,77,14462
2002,Males,9,78,13423
2002,Males,9,79,12241
2002,Males,9,80,11597
2002,Males,9,81,11437
2002,Males,9,82,10059
2002,Males,9,83,6808
2002,Males,9,84,5218
2002,Males,9,85,5055
2002,Males,9,86,4571
2002,Males,9,87,4039
2002,Males,9,88,3310
2002,Males,9,89,2807
2002,Males,9,90,8208
2002,Males,10,0,25226
2002,Males,10,1,26794
2002,Males,10,2,28044
2002,Males,10,3,29644
2002,Males,10,4,30414
2002,Males,10,5,31005
2002,Males,10,6,31561
2002,Males,10,7,32055
2002,Males,10,8,33053
2002,Males,10,9,33163
2002,Males,10,10,34241
2002,Males,10,11,34899
2002,Males,10,12,34409
2002,Males,10,13,34007
2002,Males,10,14,34253
2002,Males,10,15,32645
2002,Males,10,16,32905
2002,Males,10,17,32705
2002,Males,10,18,31528
2002,Males,10,19,26735
2002,Males,10,20,22936
2002,Males,10,21,23403
2002,Males,10,22,23928
2002,Males,10,23,23932
2002,Males,10,24,22875
2002,Males,10,25,21696
2002,Males,10,26,21292
2002,Males,10,27,22119
2002,Males,10,28,23417
2002,Males,10,29,25142
2002,Males,10,30,28534
2002,Males,10,31,29836
2002,Males,10,32,30425
2002,Males,10,33,32697
2002,Males,10,34,33797
2002,Males,10,35,36740
2002,Males,10,36,38182
2002,Males,10,37,39729
2002,Males,10,38,40482
2002,Males,10,39,40893
2002,Males,10,40,40937
2002,Males,10,41,40341
2002,Males,10,42,39007
2002,Males,10,43,38928
2002,Males,10,44,38522
2002,Males,10,45,37280
2002,Males,10,46,36393
2002,Males,10,47,35476
2002,Males,10,48,35625
2002,Males,10,49,35102
2002,Males,10,50,35090
2002,Males,10,51,35205
2002,Males,10,52,36566
2002,Males,10,53,37847
2002,Males,10,54,41770
2002,Males,10,55,44356
2002,Males,10,56,35596
2002,Males,10,57,34977
2002,Males,10,58,34060
2002,Males,10,59,31250
2002,Males,10,60,26989
2002,Males,10,61,24368
2002,Males,10,62,25484
2002,Males,10,63,25675
2002,Males,10,64,25197
2002,Males,10,65,24151
2002,Males,10,66,23487
2002,Males,10,67,22753
2002,Males,10,68,21564
2002,Males,10,69,21198
2002,Males,10,70,20532
2002,Males,10,71,20235
2002,Males,10,72,19168
2002,Males,10,73,18194
2002,Males,10,74,16948
2002,Males,10,75,16179
2002,Males,10,76,15342
2002,Males,10,77,14212
2002,Males,10,78,13095
2002,Males,10,79,12314
2002,Males,10,80,11324
2002,Males,10,81,11162
2002,Males,10,82,9781
2002,Males,10,83,6475
2002,Males,10,84,4966
2002,Males,10,85,5010
2002,Males,10,86,4610
2002,Males,10,87,3893
2002,Males,10,88,3379
2002,Males,10,89,2730
2002,Males,10,90,8175
2003,Males,1,0,39971
2003,Males,1,1,38602
2003,Males,1,2,37199
2003,Males,1,3,37929
2003,Males,1,4,37612
2003,Males,1,5,38300
2003,Males,1,6,39476
2003,Males,1,7,38807
2003,Males,1,8,38175
2003,Males,1,9,38619
2003,Males,1,10,39128
2003,Males,1,11,39387
2003,Males,1,12,39485
2003,Males,1,13,38496
2003,Males,1,14,37410
2003,Males,1,15,37493
2003,Males,1,16,37142
2003,Males,1,17,37384
2003,Males,1,18,38246
2003,Males,1,19,38494
2003,Males,1,20,37208
2003,Males,1,21,35665
2003,Males,1,22,35922
2003,Males,1,23,36390
2003,Males,1,24,34226
2003,Males,1,25,33630
2003,Males,1,26,33169
2003,Males,1,27,34376
2003,Males,1,28,34887
2003,Males,1,29,35633
2003,Males,1,30,37006
2003,Males,1,31,38149
2003,Males,1,32,39050
2003,Males,1,33,38304
2003,Males,1,34,38574
2003,Males,1,35,38013
2003,Males,1,36,37700
2003,Males,1,37,37254
2003,Males,1,38,36605
2003,Males,1,39,35896
2003,Males,1,40,35232
2003,Males,1,41,34299
2003,Males,1,42,32787
2003,Males,1,43,31927
2003,Males,1,44,30347
2003,Males,1,45,30602
2003,Males,1,46,29213
2003,Males,1,47,27807
2003,Males,1,48,26810
2003,Males,1,49,26787
2003,Males,1,50,26792
2003,Males,1,51,26533
2003,Males,1,52,26013
2003,Males,1,53,26169
2003,Males,1,54,26337
2003,Males,1,55,27929
2003,Males,1,56,28321
2003,Males,1,57,23163
2003,Males,1,58,22414
2003,Males,1,59,22072
2003,Males,1,60,21535
2003,Males,1,61,20339
2003,Males,1,62,19962
2003,Males,1,63,20768
2003,Males,1,64,20636
2003,Males,1,65,20627
2003,Males,1,66,19891
2003,Males,1,67,19155
2003,Males,1,68,18350
2003,Males,1,69,17121
2003,Males,1,70,16638
2003,Males,1,71,16671
2003,Males,1,72,16017
2003,Males,1,73,15314
2003,Males,1,74,14258
2003,Males,1,75,13465
2003,Males,1,76,13047
2003,Males,1,77,12278
2003,Males,1,78,11284
2003,Males,1,79,10425
2003,Males,1,80,9639
2003,Males,1,81,9128
2003,Males,1,82,8588
2003,Males,1,83,7648
2003,Males,1,84,5221
2003,Males,1,85,3714
2003,Males,1,86,3344
2003,Males,1,87,2896
2003,Males,1,88,2699
2003,Males,1,89,2080
2003,Males,1,90,5918
2003,Males,2,0,36061
2003,Males,2,1,34104
2003,Males,2,2,33169
2003,Males,2,3,33616
2003,Males,2,4,34574
2003,Males,2,5,35001
2003,Males,2,6,36030
2003,Males,2,7,35451
2003,Males,2,8,34979
2003,Males,2,9,35352
2003,Males,2,10,35735
2003,Males,2,11,36633
2003,Males,2,12,36852
2003,Males,2,13,35693
2003,Males,2,14,34986
2003,Males,2,15,35219
2003,Males,2,16,34492
2003,Males,2,17,34339
2003,Males,2,18,35494
2003,Males,2,19,36173
2003,Males,2,20,35619
2003,Males,2,21,34879
2003,Males,2,22,36124
2003,Males,2,23,36750
2003,Males,2,24,35452
2003,Males,2,25,34757
2003,Males,2,26,35234
2003,Males,2,27,36801
2003,Males,2,28,37743
2003,Males,2,29,37949
2003,Males,2,30,39512
2003,Males,2,31,40320
2003,Males,2,32,40912
2003,Males,2,33,40673
2003,Males,2,34,40517
2003,Males,2,35,40920
2003,Males,2,36,41135
2003,Males,2,37,39860
2003,Males,2,38,38781
2003,Males,2,39,38065
2003,Males,2,40,36865
2003,Males,2,41,35262
2003,Males,2,42,34086
2003,Males,2,43,32612
2003,Males,2,44,31699
2003,Males,2,45,31051
2003,Males,2,46,29532
2003,Males,2,47,27876
2003,Males,2,48,26860
2003,Males,2,49,26536
2003,Males,2,50,26688
2003,Males,2,51,26159
2003,Males,2,52,25521
2003,Males,2,53,25969
2003,Males,2,54,26177
2003,Males,2,55,27390
2003,Males,2,56,28837
2003,Males,2,57,23149
2003,Males,2,58,22281
2003,Males,2,59,21612
2003,Males,2,60,21420
2003,Males,2,61,19950
2003,Males,2,62,19245
2003,Males,2,63,19951
2003,Males,2,64,19945
2003,Males,2,65,19713
2003,Males,2,66,19056
2003,Males,2,67,18066
2003,Males,2,68,17451
2003,Males,2,69,16483
2003,Males,2,70,16194
2003,Males,2,71,16039
2003,Males,2,72,15733
2003,Males,2,73,15073
2003,Males,2,74,14042
2003,Males,2,75,13294
2003,Males,2,76,13210
2003,Males,2,77,12416
2003,Males,2,78,11338
2003,Males,2,79,10348
2003,Males,2,80,9998
2003,Males,2,81,9688
2003,Males,2,82,8770
2003,Males,2,83,8233
2003,Males,2,84,5622
2003,Males,2,85,3949
2003,Males,2,86,3502
2003,Males,2,87,3068
2003,Males,2,88,2833
2003,Males,2,89,2242
2003,Males,2,90,6458
2003,Males,3,0,32130
2003,Males,3,1,30767
2003,Males,3,2,29534
2003,Males,3,3,29907
2003,Males,3,4,30694
2003,Males,3,5,31324
2003,Males,3,6,32370
2003,Males,3,7,32067
2003,Males,3,8,31778
2003,Males,3,9,32430
2003,Males,3,10,32914
2003,Males,3,11,33564
2003,Males,3,12,34497
2003,Males,3,13,33356
2003,Males,3,14,32409
2003,Males,3,15,33373
2003,Males,3,16,32581
2003,Males,3,17,32475
2003,Males,3,18,33707
2003,Males,3,19,34704
2003,Males,3,20,35874
2003,Males,3,21,35280
2003,Males,3,22,37308
2003,Males,3,23,37103
2003,Males,3,24,37234
2003,Males,3,25,35272
2003,Males,3,26,35504
2003,Males,3,27,37812
2003,Males,3,28,38784
2003,Males,3,29,39225
2003,Males,3,30,40291
2003,Males,3,31,41004
2003,Males,3,32,41639
2003,Males,3,33,40774
2003,Males,3,34,41050
2003,Males,3,35,41170
2003,Males,3,36,41583
2003,Males,3,37,40201
2003,Males,3,38,39561
2003,Males,3,39,38997
2003,Males,3,40,37387
2003,Males,3,41,36400
2003,Males,3,42,35025
2003,Males,3,43,33793
2003,Males,3,44,32585
2003,Males,3,45,31553
2003,Males,3,46,29965
2003,Males,3,47,29038
2003,Males,3,48,27956
2003,Males,3,49,27818
2003,Males,3,50,27361
2003,Males,3,51,27070
2003,Males,3,52,27295
2003,Males,3,53,27337
2003,Males,3,54,27901
2003,Males,3,55,29017
2003,Males,3,56,30578
2003,Males,3,57,24716
2003,Males,3,58,24141
2003,Males,3,59,23642
2003,Males,3,60,22450
2003,Males,3,61,20440
2003,Males,3,62,19760
2003,Males,3,63,20499
2003,Males,3,64,20611
2003,Males,3,65,20316
2003,Males,3,66,19661
2003,Males,3,67,18796
2003,Males,3,68,18202
2003,Males,3,69,17162
2003,Males,3,70,16820
2003,Males,3,71,16483
2003,Males,3,72,16580
2003,Males,3,73,15554
2003,Males,3,74,14747
2003,Males,3,75,14115
2003,Males,3,76,13367
2003,Males,3,77,12602
2003,Males,3,78,11942
2003,Males,3,79,11149
2003,Males,3,80,10473
2003,Males,3,81,10040
2003,Males,3,82,9052
2003,Males,3,83,8485
2003,Males,3,84,5606
2003,Males,3,85,4060
2003,Males,3,86,3938
2003,Males,3,87,3358
2003,Males,3,88,3051
2003,Males,3,89,2463
2003,Males,3,90,7118
2003,Males,4,0,28988
2003,Males,4,1,27726
2003,Males,4,2,27381
2003,Males,4,3,28211
2003,Males,4,4,29025
2003,Males,4,5,29043
2003,Males,4,6,30423
2003,Males,4,7,30274
2003,Males,4,8,29690
2003,Males,4,9,30691
2003,Males,4,10,31215
2003,Males,4,11,32343
2003,Males,4,12,33120
2003,Males,4,13,32577
2003,Males,4,14,31651
2003,Males,4,15,31988
2003,Males,4,16,31097
2003,Males,4,17,31275
2003,Males,4,18,32609
2003,Males,4,19,33517
2003,Males,4,20,35230
2003,Males,4,21,35112
2003,Males,4,22,36101
2003,Males,4,23,36805
2003,Males,4,24,35291
2003,Males,4,25,33715
2003,Males,4,26,34601
2003,Males,4,27,36178
2003,Males,4,28,37739
2003,Males,4,29,38688
2003,Males,4,30,39835
2003,Males,4,31,40438
2003,Males,4,32,41227
2003,Males,4,33,40581
2003,Males,4,34,40766
2003,Males,4,35,40408
2003,Males,4,36,40912
2003,Males,4,37,40715
2003,Males,4,38,39867
2003,Males,4,39,39548
2003,Males,4,40,37821
2003,Males,4,41,36808
2003,Males,4,42,36022
2003,Males,4,43,33823
2003,Males,4,44,33564
2003,Males,4,45,32673
2003,Males,4,46,31090
2003,Males,4,47,30296
2003,Males,4,48,28894
2003,Males,4,49,29439
2003,Males,4,50,29195
2003,Males,4,51,28510
2003,Males,4,52,28865
2003,Males,4,53,29726
2003,Males,4,54,29878
2003,Males,4,55,31956
2003,Males,4,56,33694
2003,Males,4,57,27310
2003,Males,4,58,26662
2003,Males,4,59,26169
2003,Males,4,60,25140
2003,Males,4,61,22723
2003,Males,4,62,21497
2003,Males,4,63,22311
2003,Males,4,64,22116
2003,Males,4,65,21893
2003,Males,4,66,21178
2003,Males,4,67,20025
2003,Males,4,68,19456
2003,Males,4,69,18576
2003,Males,4,70,18119
2003,Males,4,71,18001
2003,Males,4,72,17473
2003,Males,4,73,16786
2003,Males,4,74,15856
2003,Males,4,75,14816
2003,Males,4,76,14356
2003,Males,4,77,13508
2003,Males,4,78,12400
2003,Males,4,79,11741
2003,Males,4,80,10896
2003,Males,4,81,10369
2003,Males,4,82,9803
2003,Males,4,83,8793
2003,Males,4,84,5912
2003,Males,4,85,4394
2003,Males,4,86,4313
2003,Males,4,87,3734
2003,Males,4,88,3440
2003,Males,4,89,2760
2003,Males,4,90,7809
2003,Males,5,0,27484
2003,Males,5,1,26426
2003,Males,5,2,26404
2003,Males,5,3,27220
2003,Males,5,4,27953
2003,Males,5,5,28675
2003,Males,5,6,29417
2003,Males,5,7,29033
2003,Males,5,8,29272
2003,Males,5,9,30463
2003,Males,5,10,30773
2003,Males,5,11,31507
2003,Males,5,12,32035
2003,Males,5,13,31694
2003,Males,5,14,31238
2003,Males,5,15,31590
2003,Males,5,16,30313
2003,Males,5,17,30760
2003,Males,5,18,30906
2003,Males,5,19,31014
2003,Males,5,20,31491
2003,Males,5,21,30850
2003,Males,5,22,32475
2003,Males,5,23,33122
2003,Males,5,24,32604
2003,Males,5,25,31501
2003,Males,5,26,31741
2003,Males,5,27,33126
2003,Males,5,28,33958
2003,Males,5,29,35379
2003,Males,5,30,36748
2003,Males,5,31,37907
2003,Males,5,32,38713
2003,Males,5,33,38503
2003,Males,5,34,39088
2003,Males,5,35,39012
2003,Males,5,36,40265
2003,Males,5,37,39933
2003,Males,5,38,40006
2003,Males,5,39,39255
2003,Males,5,40,38890
2003,Males,5,41,37226
2003,Males,5,42,36742
2003,Males,5,43,35335
2003,Males,5,44,34292
2003,Males,5,45,33940
2003,Males,5,46,32253
2003,Males,5,47,31107
2003,Males,5,48,30065
2003,Males,5,49,30625
2003,Males,5,50,30205
2003,Males,5,51,30107
2003,Males,5,52,30212
2003,Males,5,53,31273
2003,Males,5,54,32306
2003,Males,5,55,34642
2003,Males,5,56,37005
2003,Males,5,57,29630
2003,Males,5,58,29223
2003,Males,5,59,28660
2003,Males,5,60,27333
2003,Males,5,61,24408
2003,Males,5,62,22936
2003,Males,5,63,23797
2003,Males,5,64,23612
2003,Males,5,65,23380
2003,Males,5,66,22559
2003,Males,5,67,21706
2003,Males,5,68,21072
2003,Males,5,69,19947
2003,Males,5,70,19198
2003,Males,5,71,19350
2003,Males,5,72,18548
2003,Males,5,73,17772
2003,Males,5,74,16783
2003,Males,5,75,15821
2003,Males,5,76,15273
2003,Males,5,77,14311
2003,Males,5,78,13466
2003,Males,5,79,12425
2003,Males,5,80,11532
2003,Males,5,81,10927
2003,Males,5,82,10358
2003,Males,5,83,9255
2003,Males,5,84,6430
2003,Males,5,85,4822
2003,Males,5,86,4528
2003,Males,5,87,4021
2003,Males,5,88,3528
2003,Males,5,89,2906
2003,Males,5,90,8630
2003,Males,6,0,27052
2003,Males,6,1,25681
2003,Males,6,2,26080
2003,Males,6,3,26951
2003,Males,6,4,28123
2003,Males,6,5,28143
2003,Males,6,6,29166
2003,Males,6,7,28947
2003,Males,6,8,29310
2003,Males,6,9,29823
2003,Males,6,10,30014
2003,Males,6,11,30944
2003,Males,6,12,31612
2003,Males,6,13,31549
2003,Males,6,14,30730
2003,Males,6,15,31264
2003,Males,6,16,30423
2003,Males,6,17,30183
2003,Males,6,18,30643
2003,Males,6,19,28599
2003,Males,6,20,28615
2003,Males,6,21,28511
2003,Males,6,22,30675
2003,Males,6,23,31373
2003,Males,6,24,30753
2003,Males,6,25,29648
2003,Males,6,26,30257
2003,Males,6,27,31373
2003,Males,6,28,33039
2003,Males,6,29,34166
2003,Males,6,30,35520
2003,Males,6,31,37256
2003,Males,6,32,38072
2003,Males,6,33,37766
2003,Males,6,34,38721
2003,Males,6,35,38762
2003,Males,6,36,40333
2003,Males,6,37,40088
2003,Males,6,38,40605
2003,Males,6,39,39789
2003,Males,6,40,39280
2003,Males,6,41,38088
2003,Males,6,42,37073
2003,Males,6,43,35791
2003,Males,6,44,35259
2003,Males,6,45,35126
2003,Males,6,46,33424
2003,Males,6,47,32132
2003,Males,6,48,31943
2003,Males,6,49,31724
2003,Males,6,50,31392
2003,Males,6,51,30932
2003,Males,6,52,31630
2003,Males,6,53,32302
2003,Males,6,54,33973
2003,Males,6,55,36973
2003,Males,6,56,38810
2003,Males,6,57,31235
2003,Males,6,58,30948
2003,Males,6,59,30392
2003,Males,6,60,28992
2003,Males,6,61,25956
2003,Males,6,62,23687
2003,Males,6,63,24664
2003,Males,6,64,24467
2003,Males,6,65,24446
2003,Males,6,66,23641
2003,Males,6,67,22687
2003,Males,6,68,21752
2003,Males,6,69,20337
2003,Males,6,70,20172
2003,Males,6,71,20116
2003,Males,6,72,19228
2003,Males,6,73,18475
2003,Males,6,74,17655
2003,Males,6,75,16266
2003,Males,6,76,15773
2003,Males,6,77,14724
2003,Males,6,78,13684
2003,Males,6,79,13008
2003,Males,6,80,11557
2003,Males,6,81,11234
2003,Males,6,82,10935
2003,Males,6,83,9258
2003,Males,6,84,6440
2003,Males,6,85,4975
2003,Males,6,86,4757
2003,Males,6,87,4168
2003,Males,6,88,3774
2003,Males,6,89,3095
2003,Males,6,90,8953
2003,Males,7,0,25862
2003,Males,7,1,25469
2003,Males,7,2,25927
2003,Males,7,3,27148
2003,Males,7,4,27677
2003,Males,7,5,28264
2003,Males,7,6,29021
2003,Males,7,7,29022
2003,Males,7,8,29238
2003,Males,7,9,30171
2003,Males,7,10,30126
2003,Males,7,11,31249
2003,Males,7,12,32391
2003,Males,7,13,31469
2003,Males,7,14,31215
2003,Males,7,15,31911
2003,Males,7,16,30639
2003,Males,7,17,30638
2003,Males,7,18,31544
2003,Males,7,19,30002
2003,Males,7,20,28739
2003,Males,7,21,28097
2003,Males,7,22,29461
2003,Males,7,23,29170
2003,Males,7,24,28506
2003,Males,7,25,27370
2003,Males,7,26,27857
2003,Males,7,27,28934
2003,Males,7,28,30488
2003,Males,7,29,31927
2003,Males,7,30,33724
2003,Males,7,31,35416
2003,Males,7,32,36348
2003,Males,7,33,36359
2003,Males,7,34,37493
2003,Males,7,35,38184
2003,Males,7,36,39967
2003,Males,7,37,40125
2003,Males,7,38,40461
2003,Males,7,39,39905
2003,Males,7,40,39049
2003,Males,7,41,38819
2003,Males,7,42,37587
2003,Males,7,43,36343
2003,Males,7,44,35981
2003,Males,7,45,35255
2003,Males,7,46,34413
2003,Males,7,47,33029
2003,Males,7,48,32532
2003,Males,7,49,32893
2003,Males,7,50,32768
2003,Males,7,51,32360
2003,Males,7,52,32627
2003,Males,7,53,34030
2003,Males,7,54,35532
2003,Males,7,55,37850
2003,Males,7,56,41123
2003,Males,7,57,33174
2003,Males,7,58,32190
2003,Males,7,59,31851
2003,Males,7,60,29948
2003,Males,7,61,26715
2003,Males,7,62,24130
2003,Males,7,63,25070
2003,Males,7,64,25571
2003,Males,7,65,24874
2003,Males,7,66,23850
2003,Males,7,67,23242
2003,Males,7,68,22310
2003,Males,7,69,20945
2003,Males,7,70,20675
2003,Males,7,71,20544
2003,Males,7,72,19678
2003,Males,7,73,18808
2003,Males,7,74,17647
2003,Males,7,75,16880
2003,Males,7,76,15672
2003,Males,7,77,15009
2003,Males,7,78,13699
2003,Males,7,79,12717
2003,Males,7,80,11910
2003,Males,7,81,11282
2003,Males,7,82,10519
2003,Males,7,83,9570
2003,Males,7,84,6490
2003,Males,7,85,4828
2003,Males,7,86,4641
2003,Males,7,87,4117
2003,Males,7,88,3905
2003,Males,7,89,3114
2003,Males,7,90,9045
2003,Males,8,0,25982
2003,Males,8,1,25685
2003,Males,8,2,26085
2003,Males,8,3,27133
2003,Males,8,4,28163
2003,Males,8,5,28506
2003,Males,8,6,28999
2003,Males,8,7,28834
2003,Males,8,8,29324
2003,Males,8,9,30245
2003,Males,8,10,30431
2003,Males,8,11,31559
2003,Males,8,12,31791
2003,Males,8,13,31549
2003,Males,8,14,31291
2003,Males,8,15,31692
2003,Males,8,16,30746
2003,Males,8,17,30664
2003,Males,8,18,30648
2003,Males,8,19,29196
2003,Males,8,20,27469
2003,Males,8,21,26723
2003,Males,8,22,27897
2003,Males,8,23,28457
2003,Males,8,24,27993
2003,Males,8,25,26693
2003,Males,8,26,26845
2003,Males,8,27,27666
2003,Males,8,28,29361
2003,Males,8,29,30783
2003,Males,8,30,32565
2003,Males,8,31,34428
2003,Males,8,32,36223
2003,Males,8,33,35630
2003,Males,8,34,37167
2003,Males,8,35,38216
2003,Males,8,36,39322
2003,Males,8,37,39915
2003,Males,8,38,40204
2003,Males,8,39,39866
2003,Males,8,40,39244
2003,Males,8,41,38647
2003,Males,8,42,38185
2003,Males,8,43,36952
2003,Males,8,44,36109
2003,Males,8,45,35809
2003,Males,8,46,34387
2003,Males,8,47,33119
2003,Males,8,48,32418
2003,Males,8,49,32884
2003,Males,8,50,32755
2003,Males,8,51,32451
2003,Males,8,52,32961
2003,Males,8,53,33923
2003,Males,8,54,36281
2003,Males,8,55,38639
2003,Males,8,56,41633
2003,Males,8,57,33602
2003,Males,8,58,32687
2003,Males,8,59,31861
2003,Males,8,60,30192
2003,Males,8,61,26701
2003,Males,8,62,24317
2003,Males,8,63,25251
2003,Males,8,64,25120
2003,Males,8,65,24511
2003,Males,8,66,23686
2003,Males,8,67,22883
2003,Males,8,68,21899
2003,Males,8,69,21079
2003,Males,8,70,20518
2003,Males,8,71,19864
2003,Males,8,72,19669
2003,Males,8,73,18528
2003,Males,8,74,17110
2003,Males,8,75,16285
2003,Males,8,76,15418
2003,Males,8,77,14541
2003,Males,8,78,13429
2003,Males,8,79,12404
2003,Males,8,80,11497
2003,Males,8,81,10909
2003,Males,8,82,10286
2003,Males,8,83,9196
2003,Males,8,84,6329
2003,Males,8,85,4649
2003,Males,8,86,4600
2003,Males,8,87,4195
2003,Males,8,88,3563
2003,Males,8,89,2946
2003,Males,8,90,8807
2003,Males,9,0,26490
2003,Males,9,1,25881
2003,Males,9,2,26952
2003,Males,9,3,28176
2003,Males,9,4,29259
2003,Males,9,5,29777
2003,Males,9,6,30218
2003,Males,9,7,30450
2003,Males,9,8,30941
2003,Males,9,9,31419
2003,Males,9,10,31577
2003,Males,9,11,32964
2003,Males,9,12,33466
2003,Males,9,13,32850
2003,Males,9,14,32872
2003,Males,9,15,32728
2003,Males,9,16,32469
2003,Males,9,17,32144
2003,Males,9,18,32551
2003,Males,9,19,30958
2003,Males,9,20,26797
2003,Males,9,21,25148
2003,Males,9,22,26528
2003,Males,9,23,27052
2003,Males,9,24,26386
2003,Males,9,25,25146
2003,Males,9,26,25409
2003,Males,9,27,25796
2003,Males,9,28,27070
2003,Males,9,29,28635
2003,Males,9,30,31249
2003,Males,9,31,33243
2003,Males,9,32,34995
2003,Males,9,33,34927
2003,Males,9,34,36459
2003,Males,9,35,38113
2003,Males,9,36,39666
2003,Males,9,37,40345
2003,Males,9,38,40997
2003,Males,9,39,41303
2003,Males,9,40,40550
2003,Males,9,41,40025
2003,Males,9,42,38883
2003,Males,9,43,37968
2003,Males,9,44,37657
2003,Males,9,45,37122
2003,Males,9,46,35328
2003,Males,9,47,34631
2003,Males,9,48,33484
2003,Males,9,49,34036
2003,Males,9,50,33610
2003,Males,9,51,33557
2003,Males,9,52,33811
2003,Males,9,53,34833
2003,Males,9,54,36426
2003,Males,9,55,39531
2003,Males,9,56,42715
2003,Males,9,57,33984
2003,Males,9,58,33269
2003,Males,9,59,33030
2003,Males,9,60,30527
2003,Males,9,61,26587
2003,Males,9,62,24127
2003,Males,9,63,25275
2003,Males,9,64,25087
2003,Males,9,65,24589
2003,Males,9,66,24057
2003,Males,9,67,23259
2003,Males,9,68,22163
2003,Males,9,69,20877
2003,Males,9,70,20350
2003,Males,9,71,20245
2003,Males,9,72,19667
2003,Males,9,73,18728
2003,Males,9,74,17606
2003,Males,9,75,16186
2003,Males,9,76,15658
2003,Males,9,77,14795
2003,Males,9,78,13614
2003,Males,9,79,12546
2003,Males,9,80,11238
2003,Males,9,81,10838
2003,Males,9,82,10411
2003,Males,9,83,9166
2003,Males,9,84,6187
2003,Males,9,85,4545
2003,Males,9,86,4410
2003,Males,9,87,3899
2003,Males,9,88,3368
2003,Males,9,89,2835
2003,Males,9,90,8761
2003,Males,10,0,25805
2003,Males,10,1,26244
2003,Males,10,2,27908
2003,Males,10,3,29101
2003,Males,10,4,30464
2003,Males,10,5,31196
2003,Males,10,6,31549
2003,Males,10,7,32124
2003,Males,10,8,32623
2003,Males,10,9,33733
2003,Males,10,10,33642
2003,Males,10,11,34700
2003,Males,10,12,35321
2003,Males,10,13,34546
2003,Males,10,14,34151
2003,Males,10,15,34105
2003,Males,10,16,32325
2003,Males,10,17,32687
2003,Males,10,18,31848
2003,Males,10,19,27417
2003,Males,10,20,22992
2003,Males,10,21,22734
2003,Males,10,22,23544
2003,Males,10,23,24298
2003,Males,10,24,23779
2003,Males,10,25,21757
2003,Males,10,26,21345
2003,Males,10,27,20984
2003,Males,10,28,22354
2003,Males,10,29,23735
2003,Males,10,30,26973
2003,Males,10,31,29290
2003,Males,10,32,30748
2003,Males,10,33,31371
2003,Males,10,34,33678
2003,Males,10,35,35497
2003,Males,10,36,37837
2003,Males,10,37,39039
2003,Males,10,38,40765
2003,Males,10,39,41188
2003,Males,10,40,41141
2003,Males,10,41,41148
2003,Males,10,42,40573
2003,Males,10,43,39350
2003,Males,10,44,39086
2003,Males,10,45,38488
2003,Males,10,46,37397
2003,Males,10,47,36431
2003,Males,10,48,35409
2003,Males,10,49,35621
2003,Males,10,50,34775
2003,Males,10,51,34638
2003,Males,10,52,34817
2003,Males,10,53,36222
2003,Males,10,54,37590
2003,Males,10,55,41024
2003,Males,10,56,43906
2003,Males,10,57,35125
2003,Males,10,58,34480
2003,Males,10,59,33587
2003,Males,10,60,30937
2003,Males,10,61,26577
2003,Males,10,62,23909
2003,Males,10,63,25071
2003,Males,10,64,25349
2003,Males,10,65,24730
2003,Males,10,66,23697
2003,Males,10,67,23096
2003,Males,10,68,22354
2003,Males,10,69,21079
2003,Males,10,70,20678
2003,Males,10,71,20073
2003,Males,10,72,19703
2003,Males,10,73,18456
2003,Males,10,74,17681
2003,Males,10,75,16454
2003,Males,10,76,15564
2003,Males,10,77,14703
2003,Males,10,78,13573
2003,Males,10,79,12359
2003,Males,10,80,11555
2003,Males,10,81,10580
2003,Males,10,82,10341
2003,Males,10,83,8950
2003,Males,10,84,5933
2003,Males,10,85,4382
2003,Males,10,86,4471
2003,Males,10,87,3956
2003,Males,10,88,3450
2003,Males,10,89,2856
2003,Males,10,90,8653
2004,Males,1,0,41721
2004,Males,1,1,39836
2004,Males,1,2,38278
2004,Males,1,3,36972
2004,Males,1,4,37742
2004,Males,1,5,37730
2004,Males,1,6,37909
2004,Males,1,7,39237
2004,Males,1,8,38487
2004,Males,1,9,37983
2004,Males,1,10,38401
2004,Males,1,11,38593
2004,Males,1,12,38668
2004,Males,1,13,38692
2004,Males,1,14,37849
2004,Males,1,15,36418
2004,Males,1,16,37194
2004,Males,1,17,36691
2004,Males,1,18,37930
2004,Males,1,19,40609
2004,Males,1,20,39052
2004,Males,1,21,38000
2004,Males,1,22,36943
2004,Males,1,23,37182
2004,Males,1,24,37441
2004,Males,1,25,35845
2004,Males,1,26,34154
2004,Males,1,27,33840
2004,Males,1,28,34793
2004,Males,1,29,35231
2004,Males,1,30,35970
2004,Males,1,31,36974
2004,Males,1,32,37907
2004,Males,1,33,38380
2004,Males,1,34,37855
2004,Males,1,35,37860
2004,Males,1,36,37561
2004,Males,1,37,37275
2004,Males,1,38,36523
2004,Males,1,39,36032
2004,Males,1,40,35748
2004,Males,1,41,34724
2004,Males,1,42,33938
2004,Males,1,43,32184
2004,Males,1,44,31391
2004,Males,1,45,30850
2004,Males,1,46,30307
2004,Males,1,47,29112
2004,Males,1,48,27656
2004,Males,1,49,26664
2004,Males,1,50,27005
2004,Males,1,51,26492
2004,Males,1,52,26116
2004,Males,1,53,25490
2004,Males,1,54,25953
2004,Males,1,55,26330
2004,Males,1,56,27531
2004,Males,1,57,28010
2004,Males,1,58,22845
2004,Males,1,59,22006
2004,Males,1,60,21660
2004,Males,1,61,21143
2004,Males,1,62,19695
2004,Males,1,63,19451
2004,Males,1,64,20128
2004,Males,1,65,20097
2004,Males,1,66,19907
2004,Males,1,67,19253
2004,Males,1,68,18271
2004,Males,1,69,17596
2004,Males,1,70,16193
2004,Males,1,71,15853
2004,Males,1,72,15770
2004,Males,1,73,15146
2004,Males,1,74,14389
2004,Males,1,75,13211
2004,Males,1,76,12481
2004,Males,1,77,11997
2004,Males,1,78,11320
2004,Males,1,79,10182
2004,Males,1,80,9408
2004,Males,1,81,8594
2004,Males,1,82,8135
2004,Males,1,83,7463
2004,Males,1,84,6607
2004,Males,1,85,4548
2004,Males,1,86,3110
2004,Males,1,87,2703
2004,Males,1,88,2337
2004,Males,1,89,2189
2004,Males,1,90,6210
2004,Males,2,0,36653
2004,Males,2,1,35756
2004,Males,2,2,33868
2004,Males,2,3,32948
2004,Males,2,4,33407
2004,Males,2,5,34340
2004,Males,2,6,34821
2004,Males,2,7,35798
2004,Males,2,8,35297
2004,Males,2,9,34558
2004,Males,2,10,35269
2004,Males,2,11,35406
2004,Males,2,12,36039
2004,Males,2,13,36561
2004,Males,2,14,35153
2004,Males,2,15,34818
2004,Males,2,16,34962
2004,Males,2,17,34095
2004,Males,2,18,34801
2004,Males,2,19,37687
2004,Males,2,20,37762
2004,Males,2,21,36625
2004,Males,2,22,36452
2004,Males,2,23,37522
2004,Males,2,24,38194
2004,Males,2,25,37291
2004,Males,2,26,35265
2004,Males,2,27,35670
2004,Males,2,28,37077
2004,Males,2,29,37787
2004,Males,2,30,37793
2004,Males,2,31,39132
2004,Males,2,32,39819
2004,Males,2,33,40498
2004,Males,2,34,40143
2004,Males,2,35,39910
2004,Males,2,36,40197
2004,Males,2,37,40527
2004,Males,2,38,39233
2004,Males,2,39,38341
2004,Males,2,40,37577
2004,Males,2,41,36313
2004,Males,2,42,34880
2004,Males,2,43,33707
2004,Males,2,44,32261
2004,Males,2,45,31730
2004,Males,2,46,30771
2004,Males,2,47,29361
2004,Males,2,48,27534
2004,Males,2,49,26588
2004,Males,2,50,26603
2004,Males,2,51,26328
2004,Males,2,52,25991
2004,Males,2,53,25268
2004,Males,2,54,25625
2004,Males,2,55,26039
2004,Males,2,56,27071
2004,Males,2,57,28485
2004,Males,2,58,22738
2004,Males,2,59,21978
2004,Males,2,60,21364
2004,Males,2,61,20983
2004,Males,2,62,19516
2004,Males,2,63,18683
2004,Males,2,64,19454
2004,Males,2,65,19389
2004,Males,2,66,19075
2004,Males,2,67,18451
2004,Males,2,68,17572
2004,Males,2,69,16755
2004,Males,2,70,15854
2004,Males,2,71,15566
2004,Males,2,72,15231
2004,Males,2,73,15031
2004,Males,2,74,14237
2004,Males,2,75,13338
2004,Males,2,76,12453
2004,Males,2,77,12296
2004,Males,2,78,11315
2004,Males,2,79,10528
2004,Males,2,80,9601
2004,Males,2,81,9088
2004,Males,2,82,8672
2004,Males,2,83,7715
2004,Males,2,84,7106
2004,Males,2,85,4758
2004,Males,2,86,3334
2004,Males,2,87,2965
2004,Males,2,88,2551
2004,Males,2,89,2297
2004,Males,2,90,6726
2004,Males,3,0,33265
2004,Males,3,1,31504
2004,Males,3,2,30275
2004,Males,3,3,29437
2004,Males,3,4,29895
2004,Males,3,5,30619
2004,Males,3,6,31210
2004,Males,3,7,32178
2004,Males,3,8,31964
2004,Males,3,9,31586
2004,Males,3,10,32209
2004,Males,3,11,32800
2004,Males,3,12,33419
2004,Males,3,13,34337
2004,Males,3,14,33310
2004,Males,3,15,32577
2004,Males,3,16,33396
2004,Males,3,17,32359
2004,Males,3,18,33130
2004,Males,3,19,36381
2004,Males,3,20,37961
2004,Males,3,21,37969
2004,Males,3,22,37019
2004,Males,3,23,38861
2004,Males,3,24,39488
2004,Males,3,25,38259
2004,Males,3,26,36405
2004,Males,3,27,36365
2004,Males,3,28,38487
2004,Males,3,29,39022
2004,Males,3,30,38524
2004,Males,3,31,39967
2004,Males,3,32,40733
2004,Males,3,33,41261
2004,Males,3,34,40140
2004,Males,3,35,40494
2004,Males,3,36,40595
2004,Males,3,37,41034
2004,Males,3,38,39661
2004,Males,3,39,39146
2004,Males,3,40,38430
2004,Males,3,41,36871
2004,Males,3,42,35960
2004,Males,3,43,34393
2004,Males,3,44,33655
2004,Males,3,45,32341
2004,Males,3,46,31457
2004,Males,3,47,29794
2004,Males,3,48,28907
2004,Males,3,49,27798
2004,Males,3,50,27738
2004,Males,3,51,27210
2004,Males,3,52,26854
2004,Males,3,53,27019
2004,Males,3,54,26988
2004,Males,3,55,27708
2004,Males,3,56,28733
2004,Males,3,57,30421
2004,Males,3,58,24360
2004,Males,3,59,23738
2004,Males,3,60,23424
2004,Males,3,61,22076
2004,Males,3,62,20261
2004,Males,3,63,19373
2004,Males,3,64,19995
2004,Males,3,65,20029
2004,Males,3,66,19647
2004,Males,3,67,19072
2004,Males,3,68,18226
2004,Males,3,69,17606
2004,Males,3,70,16678
2004,Males,3,71,16160
2004,Males,3,72,16009
2004,Males,3,73,15833
2004,Males,3,74,14749
2004,Males,3,75,13932
2004,Males,3,76,13314
2004,Males,3,77,12564
2004,Males,3,78,11765
2004,Males,3,79,11068
2004,Males,3,80,10415
2004,Males,3,81,9632
2004,Males,3,82,9027
2004,Males,3,83,8146
2004,Males,3,84,7405
2004,Males,3,85,4892
2004,Males,3,86,3404
2004,Males,3,87,3331
2004,Males,3,88,2756
2004,Males,3,89,2499
2004,Males,3,90,7328
2004,Males,4,0,30622
2004,Males,4,1,28596
2004,Males,4,2,27399
2004,Males,4,3,27510
2004,Males,4,4,28129
2004,Males,4,5,28976
2004,Males,4,6,29198
2004,Males,4,7,30357
2004,Males,4,8,30203
2004,Males,4,9,29945
2004,Males,4,10,30824
2004,Males,4,11,31152
2004,Males,4,12,32422
2004,Males,4,13,33332
2004,Males,4,14,32340
2004,Males,4,15,31895
2004,Males,4,16,31782
2004,Males,4,17,30851
2004,Males,4,18,31986
2004,Males,4,19,35480
2004,Males,4,20,36917
2004,Males,4,21,36820
2004,Males,4,22,36019
2004,Males,4,23,37426
2004,Males,4,24,38002
2004,Males,4,25,36044
2004,Males,4,26,34695
2004,Males,4,27,35245
2004,Males,4,28,36594
2004,Males,4,29,37984
2004,Males,4,30,38001
2004,Males,4,31,39533
2004,Males,4,32,40577
2004,Males,4,33,41134
2004,Males,4,34,40072
2004,Males,4,35,40045
2004,Males,4,36,39890
2004,Males,4,37,40499
2004,Males,4,38,40214
2004,Males,4,39,39548
2004,Males,4,40,38943
2004,Males,4,41,37512
2004,Males,4,42,36568
2004,Males,4,43,35634
2004,Males,4,44,33842
2004,Males,4,45,33342
2004,Males,4,46,32530
2004,Males,4,47,30949
2004,Males,4,48,30157
2004,Males,4,49,28814
2004,Males,4,50,29203
2004,Males,4,51,28985
2004,Males,4,52,28171
2004,Males,4,53,28630
2004,Males,4,54,29513
2004,Males,4,55,29620
2004,Males,4,56,31653
2004,Males,4,57,33557
2004,Males,4,58,27162
2004,Males,4,59,26515
2004,Males,4,60,25890
2004,Males,4,61,25041
2004,Males,4,62,22457
2004,Males,4,63,21257
2004,Males,4,64,21890
2004,Males,4,65,21661
2004,Males,4,66,21414
2004,Males,4,67,20658
2004,Males,4,68,19577
2004,Males,4,69,18975
2004,Males,4,70,17866
2004,Males,4,71,17480
2004,Males,4,72,17227
2004,Males,4,73,16711
2004,Males,4,74,16016
2004,Males,4,75,15190
2004,Males,4,76,14075
2004,Males,4,77,13567
2004,Males,4,78,12750
2004,Males,4,79,11647
2004,Males,4,80,10872
2004,Males,4,81,9885
2004,Males,4,82,9336
2004,Males,4,83,8860
2004,Males,4,84,7828
2004,Males,4,85,5358
2004,Males,4,86,3760
2004,Males,4,87,3692
2004,Males,4,88,3148
2004,Males,4,89,2872
2004,Males,4,90,8210
2004,Males,5,0,28865
2004,Males,5,1,27327
2004,Males,5,2,26157
2004,Males,5,3,26490
2004,Males,5,4,27279
2004,Males,5,5,28081
2004,Males,5,6,29077
2004,Males,5,7,29719
2004,Males,5,8,29356
2004,Males,5,9,29483
2004,Males,5,10,30593
2004,Males,5,11,30925
2004,Males,5,12,31460
2004,Males,5,13,32211
2004,Males,5,14,31645
2004,Males,5,15,31338
2004,Males,5,16,31544
2004,Males,5,17,30279
2004,Males,5,18,30900
2004,Males,5,19,31979
2004,Males,5,20,32827
2004,Males,5,21,32503
2004,Males,5,22,31923
2004,Males,5,23,33646
2004,Males,5,24,34841
2004,Males,5,25,33135
2004,Males,5,26,32211
2004,Males,5,27,32369
2004,Males,5,28,33557
2004,Males,5,29,34377
2004,Males,5,30,34999
2004,Males,5,31,36887
2004,Males,5,32,37735
2004,Males,5,33,38869
2004,Males,5,34,38250
2004,Males,5,35,38772
2004,Males,5,36,38853
2004,Males,5,37,40132
2004,Males,5,38,39812
2004,Males,5,39,39658
2004,Males,5,40,39202
2004,Males,5,41,38594
2004,Males,5,42,37042
2004,Males,5,43,36452
2004,Males,5,44,35115
2004,Males,5,45,34166
2004,Males,5,46,33964
2004,Males,5,47,32177
2004,Males,5,48,31269
2004,Males,5,49,30189
2004,Males,5,50,30263
2004,Males,5,51,30053
2004,Males,5,52,29794
2004,Males,5,53,30220
2004,Males,5,54,31010
2004,Males,5,55,32432
2004,Males,5,56,34614
2004,Males,5,57,36853
2004,Males,5,58,29495
2004,Males,5,59,29134
2004,Males,5,60,28418
2004,Males,5,61,27220
2004,Males,5,62,24286
2004,Males,5,63,22673
2004,Males,5,64,23442
2004,Males,5,65,23240
2004,Males,5,66,22946
2004,Males,5,67,22022
2004,Males,5,68,21356
2004,Males,5,69,20492
2004,Males,5,70,19396
2004,Males,5,71,18719
2004,Males,5,72,18873
2004,Males,5,73,18046
2004,Males,5,74,17073
2004,Males,5,75,16026
2004,Males,5,76,15100
2004,Males,5,77,14471
2004,Males,5,78,13444
2004,Males,5,79,12591
2004,Males,5,80,11479
2004,Males,5,81,10649
2004,Males,5,82,10059
2004,Males,5,83,9290
2004,Males,5,84,8244
2004,Males,5,85,5801
2004,Males,5,86,4146
2004,Males,5,87,3931
2004,Males,5,88,3302
2004,Males,5,89,2936
2004,Males,5,90,8990
2004,Males,6,0,27728
2004,Males,6,1,26884
2004,Males,6,2,25923
2004,Males,6,3,26275
2004,Males,6,4,27190
2004,Males,6,5,28319
2004,Males,6,6,28365
2004,Males,6,7,29433
2004,Males,6,8,29257
2004,Males,6,9,29626
2004,Males,6,10,30038
2004,Males,6,11,30274
2004,Males,6,12,31006
2004,Males,6,13,31830
2004,Males,6,14,31645
2004,Males,6,15,30924
2004,Males,6,16,31183
2004,Males,6,17,30211
2004,Males,6,18,30409
2004,Males,6,19,29888
2004,Males,6,20,29940
2004,Males,6,21,29314
2004,Males,6,22,29760
2004,Males,6,23,32145
2004,Males,6,24,32693
2004,Males,6,25,31091
2004,Males,6,26,30319
2004,Males,6,27,30606
2004,Males,6,28,31894
2004,Males,6,29,33516
2004,Males,6,30,34045
2004,Males,6,31,35586
2004,Males,6,32,37146
2004,Males,6,33,38053
2004,Males,6,34,37784
2004,Males,6,35,38703
2004,Males,6,36,38900
2004,Males,6,37,40269
2004,Males,6,38,40095
2004,Males,6,39,40461
2004,Males,6,40,39717
2004,Males,6,41,39136
2004,Males,6,42,37892
2004,Males,6,43,37078
2004,Males,6,44,35648
2004,Males,6,45,35355
2004,Males,6,46,34918
2004,Males,6,47,33521
2004,Males,6,48,32187
2004,Males,6,49,31890
2004,Males,6,50,31536
2004,Males,6,51,31506
2004,Males,6,52,30839
2004,Males,6,53,31597
2004,Males,6,54,32127
2004,Males,6,55,34030
2004,Males,6,56,36779
2004,Males,6,57,38958
2004,Males,6,58,31111
2004,Males,6,59,30735
2004,Males,6,60,30168
2004,Males,6,61,28851
2004,Males,6,62,25679
2004,Males,6,63,23289
2004,Males,6,64,24435
2004,Males,6,65,24278
2004,Males,6,66,24129
2004,Males,6,67,23238
2004,Males,6,68,22121
2004,Males,6,69,21372
2004,Males,6,70,19875
2004,Males,6,71,19753
2004,Males,6,72,19502
2004,Males,6,73,18645
2004,Males,6,74,17846
2004,Males,6,75,16845
2004,Males,6,76,15659
2004,Males,6,77,14937
2004,Males,6,78,13966
2004,Males,6,79,12832
2004,Males,6,80,11846
2004,Males,6,81,10756
2004,Males,6,82,10292
2004,Males,6,83,9826
2004,Males,6,84,8367
2004,Males,6,85,5894
2004,Males,6,86,4297
2004,Males,6,87,4024
2004,Males,6,88,3511
2004,Males,6,89,3133
2004,Males,6,90,9344
2004,Males,7,0,26978
2004,Males,7,1,25988
2004,Males,7,2,25504
2004,Males,7,3,26073
2004,Males,7,4,27591
2004,Males,7,5,27980
2004,Males,7,6,28584
2004,Males,7,7,29295
2004,Males,7,8,29295
2004,Males,7,9,29438
2004,Males,7,10,30219
2004,Males,7,11,30341
2004,Males,7,12,31511
2004,Males,7,13,32562
2004,Males,7,14,31917
2004,Males,7,15,31578
2004,Males,7,16,32015
2004,Males,7,17,31001
2004,Males,7,18,31105
2004,Males,7,19,31048
2004,Males,7,20,29858
2004,Males,7,21,29233
2004,Males,7,22,28459
2004,Males,7,23,30061
2004,Males,7,24,30364
2004,Males,7,25,29013
2004,Males,7,26,27738
2004,Males,7,27,28185
2004,Males,7,28,29275
2004,Males,7,29,30787
2004,Males,7,30,31908
2004,Males,7,31,34046
2004,Males,7,32,35723
2004,Males,7,33,36736
2004,Males,7,34,36721
2004,Males,7,35,37509
2004,Males,7,36,38188
2004,Males,7,37,40200
2004,Males,7,38,40147
2004,Males,7,39,40741
2004,Males,7,40,39635
2004,Males,7,41,39004
2004,Males,7,42,38700
2004,Males,7,43,37780
2004,Males,7,44,36373
2004,Males,7,45,36142
2004,Males,7,46,35402
2004,Males,7,47,34417
2004,Males,7,48,33147
2004,Males,7,49,32492
2004,Males,7,50,32515
2004,Males,7,51,32678
2004,Males,7,52,32188
2004,Males,7,53,32558
2004,Males,7,54,33869
2004,Males,7,55,35148
2004,Males,7,56,37712
2004,Males,7,57,40998
2004,Males,7,58,32941
2004,Males,7,59,31947
2004,Males,7,60,31669
2004,Males,7,61,29611
2004,Males,7,62,26476
2004,Males,7,63,23881
2004,Males,7,64,24752
2004,Males,7,65,24976
2004,Males,7,66,24515
2004,Males,7,67,23316
2004,Males,7,68,22837
2004,Males,7,69,21726
2004,Males,7,70,20672
2004,Males,7,71,20092
2004,Males,7,72,19899
2004,Males,7,73,19131
2004,Males,7,74,18066
2004,Males,7,75,17003
2004,Males,7,76,16035
2004,Males,7,77,14941
2004,Males,7,78,14063
2004,Males,7,79,12805
2004,Males,7,80,11925
2004,Males,7,81,10956
2004,Males,7,82,10466
2004,Males,7,83,9595
2004,Males,7,84,8501
2004,Males,7,85,5868
2004,Males,7,86,4188
2004,Males,7,87,4043
2004,Males,7,88,3466
2004,Males,7,89,3212
2004,Males,7,90,9377
2004,Males,8,0,27339
2004,Males,8,1,26308
2004,Males,8,2,26023
2004,Males,8,3,26402
2004,Males,8,4,27531
2004,Males,8,5,28375
2004,Males,8,6,28791
2004,Males,8,7,29381
2004,Males,8,8,29487
2004,Males,8,9,29579
2004,Males,8,10,30606
2004,Males,8,11,30682
2004,Males,8,12,31968
2004,Males,8,13,31987
2004,Males,8,14,31895
2004,Males,8,15,31502
2004,Males,8,16,32166
2004,Males,8,17,30934
2004,Males,8,18,30660
2004,Males,8,19,29601
2004,Males,8,20,28121
2004,Males,8,21,27628
2004,Males,8,22,27193
2004,Males,8,23,28631
2004,Males,8,24,29342
2004,Males,8,25,28326
2004,Males,8,26,27012
2004,Males,8,27,27246
2004,Males,8,28,28187
2004,Males,8,29,29817
2004,Males,8,30,31007
2004,Males,8,31,32770
2004,Males,8,32,34651
2004,Males,8,33,36473
2004,Males,8,34,36257
2004,Males,8,35,37434
2004,Males,8,36,38553
2004,Males,8,37,39692
2004,Males,8,38,40389
2004,Males,8,39,40348
2004,Males,8,40,40003
2004,Males,8,41,39289
2004,Males,8,42,38826
2004,Males,8,43,38437
2004,Males,8,44,36971
2004,Males,8,45,35964
2004,Males,8,46,36074
2004,Males,8,47,34423
2004,Males,8,48,33210
2004,Males,8,49,32540
2004,Males,8,50,32602
2004,Males,8,51,32681
2004,Males,8,52,32429
2004,Males,8,53,32764
2004,Males,8,54,33910
2004,Males,8,55,35698
2004,Males,8,56,38319
2004,Males,8,57,41355
2004,Males,8,58,33326
2004,Males,8,59,32407
2004,Males,8,60,31746
2004,Males,8,61,29680
2004,Males,8,62,26367
2004,Males,8,63,23965
2004,Males,8,64,25100
2004,Males,8,65,24687
2004,Males,8,66,24288
2004,Males,8,67,23398
2004,Males,8,68,22587
2004,Males,8,69,21513
2004,Males,8,70,20557
2004,Males,8,71,19878
2004,Males,8,72,19287
2004,Males,8,73,19052
2004,Males,8,74,17964
2004,Males,8,75,16593
2004,Males,8,76,15578
2004,Males,8,77,14756
2004,Males,8,78,13816
2004,Males,8,79,12656
2004,Males,8,80,11530
2004,Males,8,81,10608
2004,Males,8,82,9947
2004,Males,8,83,9521
2004,Males,8,84,8196
2004,Males,8,85,5667
2004,Males,8,86,4096
2004,Males,8,87,3924
2004,Males,8,88,3499
2004,Males,8,89,3034
2004,Males,8,90,9439
2004,Males,9,0,26847
2004,Males,9,1,26759
2004,Males,9,2,26582
2004,Males,9,3,27261
2004,Males,9,4,28625
2004,Males,9,5,29595
2004,Males,9,6,30048
2004,Males,9,7,30704
2004,Males,9,8,30928
2004,Males,9,9,31369
2004,Males,9,10,31907
2004,Males,9,11,31994
2004,Males,9,12,33361
2004,Males,9,13,33611
2004,Males,9,14,32769
2004,Males,9,15,33117
2004,Males,9,16,33303
2004,Males,9,17,32709
2004,Males,9,18,31976
2004,Males,9,19,31743
2004,Males,9,20,27530
2004,Males,9,21,26145
2004,Males,9,22,25943
2004,Males,9,23,27190
2004,Males,9,24,27513
2004,Males,9,25,26418
2004,Males,9,26,25174
2004,Males,9,27,25559
2004,Males,9,28,26110
2004,Males,9,29,27622
2004,Males,9,30,29101
2004,Males,9,31,31886
2004,Males,9,32,33693
2004,Males,9,33,35414
2004,Males,9,34,35314
2004,Males,9,35,37560
2004,Males,9,36,38444
2004,Males,9,37,39996
2004,Males,9,38,40793
2004,Males,9,39,41358
2004,Males,9,40,41346
2004,Males,9,41,40763
2004,Males,9,42,40341
2004,Males,9,43,39022
2004,Males,9,44,38063
2004,Males,9,45,37385
2004,Males,9,46,37293
2004,Males,9,47,35472
2004,Males,9,48,34661
2004,Males,9,49,33284
2004,Males,9,50,33869
2004,Males,9,51,33425
2004,Males,9,52,33220
2004,Males,9,53,33667
2004,Males,9,54,34513
2004,Males,9,55,36064
2004,Males,9,56,39008
2004,Males,9,57,42455
2004,Males,9,58,33723
2004,Males,9,59,32986
2004,Males,9,60,32788
2004,Males,9,61,30289
2004,Males,9,62,26330
2004,Males,9,63,23849
2004,Males,9,64,24934
2004,Males,9,65,24785
2004,Males,9,66,24261
2004,Males,9,67,23741
2004,Males,9,68,22829
2004,Males,9,69,21737
2004,Males,9,70,20512
2004,Males,9,71,19843
2004,Males,9,72,19817
2004,Males,9,73,18913
2004,Males,9,74,18164
2004,Males,9,75,17145
2004,Males,9,76,15537
2004,Males,9,77,15007
2004,Males,9,78,14212
2004,Males,9,79,12976
2004,Males,9,80,11763
2004,Males,9,81,10493
2004,Males,9,82,10007
2004,Males,9,83,9368
2004,Males,9,84,8197
2004,Males,9,85,5668
2004,Males,9,86,4069
2004,Males,9,87,3791
2004,Males,9,88,3421
2004,Males,9,89,2892
2004,Males,9,90,9384
2004,Males,10,0,26329
2004,Males,10,1,26788
2004,Males,10,2,27226
2004,Males,10,3,28831
2004,Males,10,4,29821
2004,Males,10,5,31246
2004,Males,10,6,31684
2004,Males,10,7,32235
2004,Males,10,8,32742
2004,Males,10,9,33022
2004,Males,10,10,34402
2004,Males,10,11,34266
2004,Males,10,12,34876
2004,Males,10,13,35446
2004,Males,10,14,34581
2004,Males,10,15,33983
2004,Males,10,16,33868
2004,Males,10,17,32262
2004,Males,10,18,31869
2004,Males,10,19,27902
2004,Males,10,20,23542
2004,Males,10,21,22708
2004,Males,10,22,23298
2004,Males,10,23,24134
2004,Males,10,24,24303
2004,Males,10,25,22740
2004,Males,10,26,21289
2004,Males,10,27,21233
2004,Males,10,28,21064
2004,Males,10,29,22584
2004,Males,10,30,25536
2004,Males,10,31,27540
2004,Males,10,32,30068
2004,Males,10,33,31648
2004,Males,10,34,32242
2004,Males,10,35,35160
2004,Males,10,36,36441
2004,Males,10,37,38398
2004,Males,10,38,39856
2004,Males,10,39,41462
2004,Males,10,40,41354
2004,Males,10,41,41477
2004,Males,10,42,41497
2004,Males,10,43,40763
2004,Males,10,44,39318
2004,Males,10,45,39127
2004,Males,10,46,38355
2004,Males,10,47,37194
2004,Males,10,48,36319
2004,Males,10,49,35162
2004,Males,10,50,35114
2004,Males,10,51,34600
2004,Males,10,52,34431
2004,Males,10,53,34515
2004,Males,10,54,35730
2004,Males,10,55,36978
2004,Males,10,56,40478
2004,Males,10,57,43623
2004,Males,10,58,34534
2004,Males,10,59,33862
2004,Males,10,60,33122
2004,Males,10,61,30356
2004,Males,10,62,26156
2004,Males,10,63,23470
2004,Males,10,64,24683
2004,Males,10,65,24729
2004,Males,10,66,24270
2004,Males,10,67,23330
2004,Males,10,68,22602
2004,Males,10,69,21971
2004,Males,10,70,20786
2004,Males,10,71,20325
2004,Males,10,72,19664
2004,Males,10,73,19199
2004,Males,10,74,18087
2004,Males,10,75,16973
2004,Males,10,76,15932
2004,Males,10,77,14839
2004,Males,10,78,14032
2004,Males,10,79,12801
2004,Males,10,80,11580
2004,Males,10,81,10730
2004,Males,10,82,9802
2004,Males,10,83,9358
2004,Males,10,84,7967
2004,Males,10,85,5344
2004,Males,10,86,3904
2004,Males,10,87,3879
2004,Males,10,88,3304
2004,Males,10,89,2878
2004,Males,10,90,8971
2005,Males,1,0,42982
2005,Males,1,1,41399
2005,Males,1,2,39420
2005,Males,1,3,37829
2005,Males,1,4,36725
2005,Males,1,5,37463
2005,Males,1,6,37445
2005,Males,1,7,37683
2005,Males,1,8,38828
2005,Males,1,9,38232
2005,Males,1,10,37787
2005,Males,1,11,38376
2005,Males,1,12,38335
2005,Males,1,13,38106
2005,Males,1,14,38123
2005,Males,1,15,36896
2005,Males,1,16,36052
2005,Males,1,17,37008
2005,Males,1,18,36898
2005,Males,1,19,40083
2005,Males,1,20,40651
2005,Males,1,21,39815
2005,Males,1,22,39021
2005,Males,1,23,38172
2005,Males,1,24,38325
2005,Males,1,25,40066
2005,Males,1,26,36802
2005,Males,1,27,35166
2005,Males,1,28,34632
2005,Males,1,29,35496
2005,Males,1,30,35846
2005,Males,1,31,35875
2005,Males,1,32,37091
2005,Males,1,33,37757
2005,Males,1,34,38254
2005,Males,1,35,37781
2005,Males,1,36,37935
2005,Males,1,37,37520
2005,Males,1,38,37372
2005,Males,1,39,36185
2005,Males,1,40,36309
2005,Males,1,41,35513
2005,Males,1,42,34534
2005,Males,1,43,33807
2005,Males,1,44,31943
2005,Males,1,45,31841
2005,Males,1,46,30636
2005,Males,1,47,30092
2005,Males,1,48,28868
2005,Males,1,49,27441
2005,Males,1,50,26933
2005,Males,1,51,26800
2005,Males,1,52,26260
2005,Males,1,53,25919
2005,Males,1,54,25346
2005,Males,1,55,26073
2005,Males,1,56,26024
2005,Males,1,57,27146
2005,Males,1,58,27703
2005,Males,1,59,22530
2005,Males,1,60,21694
2005,Males,1,61,21305
2005,Males,1,62,20756
2005,Males,1,63,19224
2005,Males,1,64,18861
2005,Males,1,65,19667
2005,Males,1,66,19377
2005,Males,1,67,19130
2005,Males,1,68,18410
2005,Males,1,69,17606
2005,Males,1,70,16734
2005,Males,1,71,15470
2005,Males,1,72,15138
2005,Males,1,73,14895
2005,Males,1,74,14364
2005,Males,1,75,13488
2005,Males,1,76,12292
2005,Males,1,77,11591
2005,Males,1,78,11025
2005,Males,1,79,10325
2005,Males,1,80,9354
2005,Males,1,81,8457
2005,Males,1,82,7608
2005,Males,1,83,7092
2005,Males,1,84,6474
2005,Males,1,85,5528
2005,Males,1,86,3950
2005,Males,1,87,2585
2005,Males,1,88,2163
2005,Males,1,89,1914
2005,Males,1,90,6382
2005,Males,2,0,38196
2005,Males,2,1,36277
2005,Males,2,2,35189
2005,Males,2,3,33524
2005,Males,2,4,32858
2005,Males,2,5,33414
2005,Males,2,6,33998
2005,Males,2,7,34473
2005,Males,2,8,35449
2005,Males,2,9,35061
2005,Males,2,10,34639
2005,Males,2,11,35195
2005,Males,2,12,35228
2005,Males,2,13,35784
2005,Males,2,14,36448
2005,Males,2,15,35037
2005,Males,2,16,34758
2005,Males,2,17,34730
2005,Males,2,18,34385
2005,Males,2,19,36911
2005,Males,2,20,38895
2005,Males,2,21,38572
2005,Males,2,22,37706
2005,Males,2,23,38076
2005,Males,2,24,39250
2005,Males,2,25,40480
2005,Males,2,26,38628
2005,Males,2,27,36489
2005,Males,2,28,36595
2005,Males,2,29,37805
2005,Males,2,30,37936
2005,Males,2,31,37986
2005,Males,2,32,39049
2005,Males,2,33,39670
2005,Males,2,34,40417
2005,Males,2,35,39957
2005,Males,2,36,39748
2005,Males,2,37,39975
2005,Males,2,38,40055
2005,Males,2,39,38847
2005,Males,2,40,38254
2005,Males,2,41,37232
2005,Males,2,42,36098
2005,Males,2,43,34801
2005,Males,2,44,33495
2005,Males,2,45,32339
2005,Males,2,46,31465
2005,Males,2,47,30543
2005,Males,2,48,29090
2005,Males,2,49,27421
2005,Males,2,50,26501
2005,Males,2,51,26333
2005,Males,2,52,26154
2005,Males,2,53,25849
2005,Males,2,54,25177
2005,Males,2,55,25556
2005,Males,2,56,25767
2005,Males,2,57,26706
2005,Males,2,58,28179
2005,Males,2,59,22391
2005,Males,2,60,21630
2005,Males,2,61,21015
2005,Males,2,62,20505
2005,Males,2,63,19122
2005,Males,2,64,18301
2005,Males,2,65,18960
2005,Males,2,66,18840
2005,Males,2,67,18502
2005,Males,2,68,17864
2005,Males,2,69,17023
2005,Males,2,70,16116
2005,Males,2,71,15185
2005,Males,2,72,14716
2005,Males,2,73,14545
2005,Males,2,74,14277
2005,Males,2,75,13592
2005,Males,2,76,12516
2005,Males,2,77,11682
2005,Males,2,78,11342
2005,Males,2,79,10417
2005,Males,2,80,9751
2005,Males,2,81,8795
2005,Males,2,82,8213
2005,Males,2,83,7765
2005,Males,2,84,6767
2005,Males,2,85,6161
2005,Males,2,86,4174
2005,Males,2,87,2788
2005,Males,2,88,2479
2005,Males,2,89,2040
2005,Males,2,90,7028
2005,Males,3,0,34270
2005,Males,3,1,32848
2005,Males,3,2,31076
2005,Males,3,3,30173
2005,Males,3,4,29442
2005,Males,3,5,29637
2005,Males,3,6,30565
2005,Males,3,7,31076
2005,Males,3,8,32049
2005,Males,3,9,31969
2005,Males,3,10,31542
2005,Males,3,11,32330
2005,Males,3,12,32673
2005,Males,3,13,33598
2005,Males,3,14,34453
2005,Males,3,15,33568
2005,Males,3,16,32721
2005,Males,3,17,33268
2005,Males,3,18,32643
2005,Males,3,19,35852
2005,Males,3,20,39848
2005,Males,3,21,39484
2005,Males,3,22,39121
2005,Males,3,23,38567
2005,Males,3,24,40884
2005,Males,3,25,41051
2005,Males,3,26,39746
2005,Males,3,27,37944
2005,Males,3,28,37513
2005,Males,3,29,39211
2005,Males,3,30,38475
2005,Males,3,31,38531
2005,Males,3,32,39835
2005,Males,3,33,40431
2005,Males,3,34,40840
2005,Males,3,35,40210
2005,Males,3,36,40302
2005,Males,3,37,40258
2005,Males,3,38,40739
2005,Males,3,39,39479
2005,Males,3,40,38834
2005,Males,3,41,38257
2005,Males,3,42,36561
2005,Males,3,43,35688
2005,Males,3,44,34234
2005,Males,3,45,33320
2005,Males,3,46,32216
2005,Males,3,47,31313
2005,Males,3,48,29474
2005,Males,3,49,28720
2005,Males,3,50,27817
2005,Males,3,51,27522
2005,Males,3,52,27042
2005,Males,3,53,26690
2005,Males,3,54,26788
2005,Males,3,55,26986
2005,Males,3,56,27451
2005,Males,3,57,28347
2005,Males,3,58,30360
2005,Males,3,59,24129
2005,Males,3,60,23507
2005,Males,3,61,23081
2005,Males,3,62,21765
2005,Males,3,63,19916
2005,Males,3,64,18842
2005,Males,3,65,19532
2005,Males,3,66,19607
2005,Males,3,67,19091
2005,Males,3,68,18557
2005,Males,3,69,17724
2005,Males,3,70,17110
2005,Males,3,71,16085
2005,Males,3,72,15502
2005,Males,3,73,15310
2005,Males,3,74,15057
2005,Males,3,75,14098
2005,Males,3,76,13142
2005,Males,3,77,12497
2005,Males,3,78,11780
2005,Males,3,79,10782
2005,Males,3,80,10337
2005,Males,3,81,9520
2005,Males,3,82,8633
2005,Males,3,83,8133
2005,Males,3,84,7174
2005,Males,3,85,6267
2005,Males,3,86,4251
2005,Males,3,87,2934
2005,Males,3,88,2805
2005,Males,3,89,2218
2005,Males,3,90,7582
2005,Males,4,0,31291
2005,Males,4,1,30037
2005,Males,4,2,28301
2005,Males,4,3,27011
2005,Males,4,4,27365
2005,Males,4,5,28079
2005,Males,4,6,28993
2005,Males,4,7,29160
2005,Males,4,8,30237
2005,Males,4,9,30245
2005,Males,4,10,30108
2005,Males,4,11,30875
2005,Males,4,12,31210
2005,Males,4,13,32675
2005,Males,4,14,33519
2005,Males,4,15,32882
2005,Males,4,16,32086
2005,Males,4,17,31839
2005,Males,4,18,31541
2005,Males,4,19,34990
2005,Males,4,20,39418
2005,Males,4,21,38498
2005,Males,4,22,37879
2005,Males,4,23,37318
2005,Males,4,24,38822
2005,Males,4,25,39101
2005,Males,4,26,37656
2005,Males,4,27,35893
2005,Males,4,28,36380
2005,Males,4,29,37520
2005,Males,4,30,37927
2005,Males,4,31,38166
2005,Males,4,32,39678
2005,Males,4,33,40571
2005,Males,4,34,41101
2005,Males,4,35,39584
2005,Males,4,36,39971
2005,Males,4,37,39898
2005,Males,4,38,40377
2005,Males,4,39,40219
2005,Males,4,40,39398
2005,Males,4,41,39061
2005,Males,4,42,37562
2005,Males,4,43,36585
2005,Males,4,44,35683
2005,Males,4,45,33667
2005,Males,4,46,33248
2005,Males,4,47,32380
2005,Males,4,48,30961
2005,Males,4,49,30028
2005,Males,4,50,28966
2005,Males,4,51,29248
2005,Males,4,52,28976
2005,Males,4,53,28138
2005,Males,4,54,28613
2005,Males,4,55,29291
2005,Males,4,56,29496
2005,Males,4,57,31602
2005,Males,4,58,33530
2005,Males,4,59,26951
2005,Males,4,60,26007
2005,Males,4,61,25650
2005,Males,4,62,24707
2005,Males,4,63,22210
2005,Males,4,64,20816
2005,Males,4,65,21521
2005,Males,4,66,21266
2005,Males,4,67,21052
2005,Males,4,68,20092
2005,Males,4,69,18975
2005,Males,4,70,18461
2005,Males,4,71,17302
2005,Males,4,72,16836
2005,Males,4,73,16555
2005,Males,4,74,16042
2005,Males,4,75,15357
2005,Males,4,76,14452
2005,Males,4,77,13284
2005,Males,4,78,12680
2005,Males,4,79,11825
2005,Males,4,80,10812
2005,Males,4,81,9980
2005,Males,4,82,9109
2005,Males,4,83,8437
2005,Males,4,84,7891
2005,Males,4,85,6886
2005,Males,4,86,4712
2005,Males,4,87,3153
2005,Males,4,88,3055
2005,Males,4,89,2590
2005,Males,4,90,8427
2005,Males,5,0,29155
2005,Males,5,1,28524
2005,Males,5,2,27249
2005,Males,5,3,26111
2005,Males,5,4,26457
2005,Males,5,5,27381
2005,Males,5,6,28310
2005,Males,5,7,29185
2005,Males,5,8,29806
2005,Males,5,9,29591
2005,Males,5,10,29561
2005,Males,5,11,30805
2005,Males,5,12,31019
2005,Males,5,13,31655
2005,Males,5,14,32280
2005,Males,5,15,32185
2005,Males,5,16,31502
2005,Males,5,17,31489
2005,Males,5,18,30535
2005,Males,5,19,31718
2005,Males,5,20,34050
2005,Males,5,21,33951
2005,Males,5,22,33636
2005,Males,5,23,33195
2005,Males,5,24,35286
2005,Males,5,25,35785
2005,Males,5,26,34595
2005,Males,5,27,33134
2005,Males,5,28,33419
2005,Males,5,29,34432
2005,Males,5,30,34383
2005,Males,5,31,35019
2005,Males,5,32,36978
2005,Males,5,33,37921
2005,Males,5,34,39070
2005,Males,5,35,38292
2005,Males,5,36,38830
2005,Males,5,37,39122
2005,Males,5,38,40002
2005,Males,5,39,39997
2005,Males,5,40,39750
2005,Males,5,41,39334
2005,Males,5,42,38671
2005,Males,5,43,37213
2005,Males,5,44,36691
2005,Males,5,45,35161
2005,Males,5,46,34143
2005,Males,5,47,33872
2005,Males,5,48,32179
2005,Males,5,49,31335
2005,Males,5,50,30050
2005,Males,5,51,30191
2005,Males,5,52,30081
2005,Males,5,53,29816
2005,Males,5,54,30289
2005,Males,5,55,31039
2005,Males,5,56,32195
2005,Males,5,57,34424
2005,Males,5,58,36738
2005,Males,5,59,29363
2005,Males,5,60,28858
2005,Males,5,61,28366
2005,Males,5,62,27015
2005,Males,5,63,24099
2005,Males,5,64,22329
2005,Males,5,65,23157
2005,Males,5,66,22831
2005,Males,5,67,22574
2005,Males,5,68,21620
2005,Males,5,69,20878
2005,Males,5,70,20001
2005,Males,5,71,18853
2005,Males,5,72,18261
2005,Males,5,73,18219
2005,Males,5,74,17374
2005,Males,5,75,16400
2005,Males,5,76,15201
2005,Males,5,77,14298
2005,Males,5,78,13674
2005,Males,5,79,12668
2005,Males,5,80,11777
2005,Males,5,81,10626
2005,Males,5,82,9709
2005,Males,5,83,9193
2005,Males,5,84,8306
2005,Males,5,85,7236
2005,Males,5,86,5133
2005,Males,5,87,3530
2005,Males,5,88,3328
2005,Males,5,89,2678
2005,Males,5,90,9378
2005,Males,6,0,28126
2005,Males,6,1,27667
2005,Males,6,2,26877
2005,Males,6,3,26184
2005,Males,6,4,26494
2005,Males,6,5,27300
2005,Males,6,6,28477
2005,Males,6,7,28576
2005,Males,6,8,29683
2005,Males,6,9,29584
2005,Males,6,10,29860
2005,Males,6,11,30308
2005,Males,6,12,30435
2005,Males,6,13,31058
2005,Males,6,14,31932
2005,Males,6,15,31878
2005,Males,6,16,30995
2005,Males,6,17,31148
2005,Males,6,18,30193
2005,Males,6,19,29665
2005,Males,6,20,31221
2005,Males,6,21,30812
2005,Males,6,22,30627
2005,Males,6,23,31314
2005,Males,6,24,33640
2005,Males,6,25,33685
2005,Males,6,26,32365
2005,Males,6,27,31100
2005,Males,6,28,31463
2005,Males,6,29,32630
2005,Males,6,30,33534
2005,Males,6,31,34529
2005,Males,6,32,35999
2005,Males,6,33,37454
2005,Males,6,34,38240
2005,Males,6,35,38225
2005,Males,6,36,39057
2005,Males,6,37,39268
2005,Males,6,38,40401
2005,Males,6,39,40174
2005,Males,6,40,40549
2005,Males,6,41,39697
2005,Males,6,42,39153
2005,Males,6,43,38017
2005,Males,6,44,37184
2005,Males,6,45,35583
2005,Males,6,46,35390
2005,Males,6,47,35075
2005,Males,6,48,33612
2005,Males,6,49,32216
2005,Males,6,50,31680
2005,Males,6,51,31755
2005,Males,6,52,31602
2005,Males,6,53,30840
2005,Males,6,54,31639
2005,Males,6,55,32167
2005,Males,6,56,34129
2005,Males,6,57,36693
2005,Males,6,58,38821
2005,Males,6,59,30965
2005,Males,6,60,30368
2005,Males,6,61,29938
2005,Males,6,62,28654
2005,Males,6,63,25343
2005,Males,6,64,23065
2005,Males,6,65,24133
2005,Males,6,66,23830
2005,Males,6,67,23804
2005,Males,6,68,22875
2005,Males,6,69,21733
2005,Males,6,70,20839
2005,Males,6,71,19467
2005,Males,6,72,19270
2005,Males,6,73,18999
2005,Males,6,74,18044
2005,Males,6,75,17120
2005,Males,6,76,16119
2005,Males,6,77,14927
2005,Males,6,78,14101
2005,Males,6,79,13080
2005,Males,6,80,11940
2005,Males,6,81,10923
2005,Males,6,82,9822
2005,Males,6,83,9318
2005,Males,6,84,8784
2005,Males,6,85,7511
2005,Males,6,86,5257
2005,Males,6,87,3725
2005,Males,6,88,3388
2005,Males,6,89,2928
2005,Males,6,90,9691
2005,Males,7,0,26685
2005,Males,7,1,26934
2005,Males,7,2,26142
2005,Males,7,3,25712
2005,Males,7,4,26306
2005,Males,7,5,27784
2005,Males,7,6,28153
2005,Males,7,7,28824
2005,Males,7,8,29418
2005,Males,7,9,29566
2005,Males,7,10,29714
2005,Males,7,11,30561
2005,Males,7,12,30655
2005,Males,7,13,31810
2005,Males,7,14,32950
2005,Males,7,15,32121
2005,Males,7,16,31711
2005,Males,7,17,32201
2005,Males,7,18,31011
2005,Males,7,19,31083
2005,Males,7,20,31150
2005,Males,7,21,30174
2005,Males,7,22,29704
2005,Males,7,23,29211
2005,Males,7,24,31230
2005,Males,7,25,30827
2005,Males,7,26,29688
2005,Males,7,27,28337
2005,Males,7,28,28896
2005,Males,7,29,29765
2005,Males,7,30,31118
2005,Males,7,31,32172
2005,Males,7,32,34244
2005,Males,7,33,35998
2005,Males,7,34,37041
2005,Males,7,35,36969
2005,Males,7,36,37959
2005,Males,7,37,38557
2005,Males,7,38,40490
2005,Males,7,39,40402
2005,Males,7,40,40775
2005,Males,7,41,39799
2005,Males,7,42,39199
2005,Males,7,43,38977
2005,Males,7,44,37871
2005,Males,7,45,36481
2005,Males,7,46,36175
2005,Males,7,47,35300
2005,Males,7,48,34431
2005,Males,7,49,33143
2005,Males,7,50,32353
2005,Males,7,51,32699
2005,Males,7,52,32726
2005,Males,7,53,32154
2005,Males,7,54,32538
2005,Males,7,55,33454
2005,Males,7,56,35072
2005,Males,7,57,37514
2005,Males,7,58,40914
2005,Males,7,59,32765
2005,Males,7,60,31784
2005,Males,7,61,31553
2005,Males,7,62,29323
2005,Males,7,63,26279
2005,Males,7,64,23589
2005,Males,7,65,24302
2005,Males,7,66,24671
2005,Males,7,67,24148
2005,Males,7,68,23082
2005,Males,7,69,22368
2005,Males,7,70,21512
2005,Males,7,71,20178
2005,Males,7,72,19534
2005,Males,7,73,19395
2005,Males,7,74,18566
2005,Males,7,75,17326
2005,Males,7,76,16321
2005,Males,7,77,15287
2005,Males,7,78,14213
2005,Males,7,79,13230
2005,Males,7,80,12078
2005,Males,7,81,11009
2005,Males,7,82,10158
2005,Males,7,83,9489
2005,Males,7,84,8527
2005,Males,7,85,7486
2005,Males,7,86,5246
2005,Males,7,87,3592
2005,Males,7,88,3435
2005,Males,7,89,2924
2005,Males,7,90,9787
2005,Males,8,0,26823
2005,Males,8,1,27512
2005,Males,8,2,26541
2005,Males,8,3,26242
2005,Males,8,4,26753
2005,Males,8,5,27592
2005,Males,8,6,28648
2005,Males,8,7,29091
2005,Males,8,8,29742
2005,Males,8,9,29695
2005,Males,8,10,29875
2005,Males,8,11,31071
2005,Males,8,12,31070
2005,Males,8,13,32133
2005,Males,8,14,32375
2005,Males,8,15,32168
2005,Males,8,16,31782
2005,Males,8,17,32485
2005,Males,8,18,30760
2005,Males,8,19,29374
2005,Males,8,20,28367
2005,Males,8,21,28285
2005,Males,8,22,27956
2005,Males,8,23,27892
2005,Males,8,24,29481
2005,Males,8,25,29704
2005,Males,8,26,28759
2005,Males,8,27,27240
2005,Males,8,28,27695
2005,Males,8,29,28691
2005,Males,8,30,30053
2005,Males,8,31,31255
2005,Males,8,32,33209
2005,Males,8,33,35186
2005,Males,8,34,37099
2005,Males,8,35,36630
2005,Males,8,36,37863
2005,Males,8,37,39102
2005,Males,8,38,40170
2005,Males,8,39,40853
2005,Males,8,40,40544
2005,Males,8,41,40263
2005,Males,8,42,39553
2005,Males,8,43,39043
2005,Males,8,44,38699
2005,Males,8,45,36836
2005,Males,8,46,35994
2005,Males,8,47,36126
2005,Males,8,48,34445
2005,Males,8,49,33128
2005,Males,8,50,32342
2005,Males,8,51,32640
2005,Males,8,52,32828
2005,Males,8,53,32380
2005,Males,8,54,32713
2005,Males,8,55,33707
2005,Males,8,56,35576
2005,Males,8,57,38079
2005,Males,8,58,41323
2005,Males,8,59,33024
2005,Males,8,60,32129
2005,Males,8,61,31533
2005,Males,8,62,29393
2005,Males,8,63,26084
2005,Males,8,64,23551
2005,Males,8,65,24723
2005,Males,8,66,24440
2005,Males,8,67,24002
2005,Males,8,68,23032
2005,Males,8,69,22257
2005,Males,8,70,21071
2005,Males,8,71,20083
2005,Males,8,72,19371
2005,Males,8,73,18854
2005,Males,8,74,18500
2005,Males,8,75,17300
2005,Males,8,76,15935
2005,Males,8,77,14928
2005,Males,8,78,14015
2005,Males,8,79,13026
2005,Males,8,80,11744
2005,Males,8,81,10733
2005,Males,8,82,9967
2005,Males,8,83,9098
2005,Males,8,84,8576
2005,Males,8,85,7371
2005,Males,8,86,5089
2005,Males,8,87,3563
2005,Males,8,88,3366
2005,Males,8,89,2877
2005,Males,8,90,9868
2005,Males,9,0,26983
2005,Males,9,1,27149
2005,Males,9,2,27226
2005,Males,9,3,26946
2005,Males,9,4,27653
2005,Males,9,5,28912
2005,Males,9,6,29725
2005,Males,9,7,30416
2005,Males,9,8,31140
2005,Males,9,9,31234
2005,Males,9,10,31700
2005,Males,9,11,32214
2005,Males,9,12,32307
2005,Males,9,13,33502
2005,Males,9,14,33632
2005,Males,9,15,33228
2005,Males,9,16,33636
2005,Males,9,17,33412
2005,Males,9,18,32388
2005,Males,9,19,30913
2005,Males,9,20,28269
2005,Males,9,21,26873
2005,Males,9,22,26921
2005,Males,9,23,26590
2005,Males,9,24,27479
2005,Males,9,25,27492
2005,Males,9,26,26430
2005,Males,9,27,25280
2005,Males,9,28,25874
2005,Males,9,29,26537
2005,Males,9,30,28081
2005,Males,9,31,29582
2005,Males,9,32,32371
2005,Males,9,33,34008
2005,Males,9,34,35863
2005,Males,9,35,36463
2005,Males,9,36,38370
2005,Males,9,37,38689
2005,Males,9,38,40571
2005,Males,9,39,41293
2005,Males,9,40,41461
2005,Males,9,41,41711
2005,Males,9,42,41115
2005,Males,9,43,40623
2005,Males,9,44,39301
2005,Males,9,45,37598
2005,Males,9,46,37461
2005,Males,9,47,37154
2005,Males,9,48,35382
2005,Males,9,49,34626
2005,Males,9,50,33131
2005,Males,9,51,33799
2005,Males,9,52,33392
2005,Males,9,53,33167
2005,Males,9,54,33583
2005,Males,9,55,34212
2005,Males,9,56,35754
2005,Males,9,57,38723
2005,Males,9,58,42357
2005,Males,9,59,33458
2005,Males,9,60,32592
2005,Males,9,61,32423
2005,Males,9,62,29879
2005,Males,9,63,25982
2005,Males,9,64,23571
2005,Males,9,65,24538
2005,Males,9,66,24510
2005,Males,9,67,23909
2005,Males,9,68,23340
2005,Males,9,69,22400
2005,Males,9,70,21409
2005,Males,9,71,20038
2005,Males,9,72,19469
2005,Males,9,73,19218
2005,Males,9,74,18346
2005,Males,9,75,17710
2005,Males,9,76,16595
2005,Males,9,77,14917
2005,Males,9,78,14348
2005,Males,9,79,13546
2005,Males,9,80,12058
2005,Males,9,81,10986
2005,Males,9,82,9765
2005,Males,9,83,9165
2005,Males,9,84,8506
2005,Males,9,85,7228
2005,Males,9,86,5013
2005,Males,9,87,3524
2005,Males,9,88,3224
2005,Males,9,89,2825
2005,Males,9,90,9868
2005,Males,10,0,26044
2005,Males,10,1,27433
2005,Males,10,2,27757
2005,Males,10,3,28001
2005,Males,10,4,29478
2005,Males,10,5,30325
2005,Males,10,6,31721
2005,Males,10,7,32008
2005,Males,10,8,32655
2005,Males,10,9,33194
2005,Males,10,10,33505
2005,Males,10,11,34790
2005,Males,10,12,34576
2005,Males,10,13,34916
2005,Males,10,14,35374
2005,Males,10,15,34367
2005,Males,10,16,33963
2005,Males,10,17,33917
2005,Males,10,18,31312
2005,Males,10,19,27661
2005,Males,10,20,24068
2005,Males,10,21,23368
2005,Males,10,22,23548
2005,Males,10,23,24022
2005,Males,10,24,23894
2005,Males,10,25,23331
2005,Males,10,26,22336
2005,Males,10,27,21082
2005,Males,10,28,21240
2005,Males,10,29,21358
2005,Males,10,30,24148
2005,Males,10,31,26079
2005,Males,10,32,28205
2005,Males,10,33,30914
2005,Males,10,34,32566
2005,Males,10,35,33850
2005,Males,10,36,35959
2005,Males,10,37,37233
2005,Males,10,38,39311
2005,Males,10,39,40478
2005,Males,10,40,42076
2005,Males,10,41,41771
2005,Males,10,42,41885
2005,Males,10,43,41782
2005,Males,10,44,40906
2005,Males,10,45,39322
2005,Males,10,46,39109
2005,Males,10,47,38221
2005,Males,10,48,37044
2005,Males,10,49,36199
2005,Males,10,50,34996
2005,Males,10,51,34906
2005,Males,10,52,34484
2005,Males,10,53,34124
2005,Males,10,54,34260
2005,Males,10,55,35232
2005,Males,10,56,36607
2005,Males,10,57,39969
2005,Males,10,58,43319
2005,Males,10,59,34125
2005,Males,10,60,33377
2005,Males,10,61,32717
2005,Males,10,62,30040
2005,Males,10,63,25786
2005,Males,10,64,23208
2005,Males,10,65,24291
2005,Males,10,66,24393
2005,Males,10,67,24003
2005,Males,10,68,22976
2005,Males,10,69,22225
2005,Males,10,70,21623
2005,Males,10,71,20468
2005,Males,10,72,19959
2005,Males,10,73,19242
2005,Males,10,74,18708
2005,Males,10,75,17640
2005,Males,10,76,16431
2005,Males,10,77,15341
2005,Males,10,78,14204
2005,Males,10,79,13416
2005,Males,10,80,11982
2005,Males,10,81,10904
2005,Males,10,82,9901
2005,Males,10,83,9062
2005,Males,10,84,8517
2005,Males,10,85,7154
2005,Males,10,86,4814
2005,Males,10,87,3438
2005,Males,10,88,3354
2005,Males,10,89,2831
2005,Males,10,90,9524
2006,Males,1,0,44179
2006,Males,1,1,42465
2006,Males,1,2,40759
2006,Males,1,3,39005
2006,Males,1,4,37206
2006,Males,1,5,36754
2006,Males,1,6,37265
2006,Males,1,7,37162
2006,Males,1,8,37527
2006,Males,1,9,38485
2006,Males,1,10,38258
2006,Males,1,11,37640
2006,Males,1,12,38089
2006,Males,1,13,37999
2006,Males,1,14,37642
2006,Males,1,15,37332
2006,Males,1,16,36660
2006,Males,1,17,36158
2006,Males,1,18,37629
2006,Males,1,19,39497
2006,Males,1,20,39495
2006,Males,1,21,41131
2006,Males,1,22,40221
2006,Males,1,23,39786
2006,Males,1,24,38945
2006,Males,1,25,40390
2006,Males,1,26,40814
2006,Males,1,27,37455
2006,Males,1,28,35692
2006,Males,1,29,35117
2006,Males,1,30,35840
2006,Males,1,31,35875
2006,Males,1,32,35757
2006,Males,1,33,36900
2006,Males,1,34,37620
2006,Males,1,35,37767
2006,Males,1,36,37511
2006,Males,1,37,37619
2006,Males,1,38,37200
2006,Males,1,39,37146
2006,Males,1,40,36114
2006,Males,1,41,35791
2006,Males,1,42,35057
2006,Males,1,43,34151
2006,Males,1,44,33568
2006,Males,1,45,32504
2006,Males,1,46,31714
2006,Males,1,47,30339
2006,Males,1,48,29936
2006,Males,1,49,28761
2006,Males,1,50,27645
2006,Males,1,51,26574
2006,Males,1,52,26607
2006,Males,1,53,26084
2006,Males,1,54,25656
2006,Males,1,55,25300
2006,Males,1,56,25794
2006,Males,1,57,25672
2006,Males,1,58,26641
2006,Males,1,59,27375
2006,Males,1,60,22028
2006,Males,1,61,21143
2006,Males,1,62,20841
2006,Males,1,63,20131
2006,Males,1,64,18745
2006,Males,1,65,18323
2006,Males,1,66,18958
2006,Males,1,67,18601
2006,Males,1,68,18389
2006,Males,1,69,17735
2006,Males,1,70,16688
2006,Males,1,71,15936
2006,Males,1,72,14690
2006,Males,1,73,14322
2006,Males,1,74,13990
2006,Males,1,75,13404
2006,Males,1,76,12548
2006,Males,1,77,11331
2006,Males,1,78,10656
2006,Males,1,79,10070
2006,Males,1,80,9455
2006,Males,1,81,8360
2006,Males,1,82,7538
2006,Males,1,83,6724
2006,Males,1,84,6212
2006,Males,1,85,5475
2006,Males,1,86,4714
2006,Males,1,87,3377
2006,Males,1,88,2126
2006,Males,1,89,1782
2006,Males,1,90,6342
2006,Males,2,0,39473
2006,Males,2,1,37653
2006,Males,2,2,35550
2006,Males,2,3,34928
2006,Males,2,4,33210
2006,Males,2,5,32656
2006,Males,2,6,33140
2006,Males,2,7,33798
2006,Males,2,8,34284
2006,Males,2,9,35167
2006,Males,2,10,35058
2006,Males,2,11,34259
2006,Males,2,12,35187
2006,Males,2,13,35040
2006,Males,2,14,35454
2006,Males,2,15,36461
2006,Males,2,16,35248
2006,Males,2,17,34622
2006,Males,2,18,35388
2006,Males,2,19,37115
2006,Males,2,20,38386
2006,Males,2,21,39915
2006,Males,2,22,39653
2006,Males,2,23,39231
2006,Males,2,24,39397
2006,Males,2,25,41255
2006,Males,2,26,41643
2006,Males,2,27,39826
2006,Males,2,28,37211
2006,Males,2,29,37192
2006,Males,2,30,37950
2006,Males,2,31,37765
2006,Males,2,32,37810
2006,Males,2,33,38775
2006,Males,2,34,39245
2006,Males,2,35,39992
2006,Males,2,36,39638
2006,Males,2,37,39209
2006,Males,2,38,39509
2006,Males,2,39,39429
2006,Males,2,40,38339
2006,Males,2,41,37488
2006,Males,2,42,36680
2006,Males,2,43,35669
2006,Males,2,44,34430
2006,Males,2,45,33392
2006,Males,2,46,32077
2006,Males,2,47,31284
2006,Males,2,48,30268
2006,Males,2,49,28926
2006,Males,2,50,27563
2006,Males,2,51,26243
2006,Males,2,52,26078
2006,Males,2,53,25923
2006,Males,2,54,25618
2006,Males,2,55,24979
2006,Males,2,56,25241
2006,Males,2,57,25323
2006,Males,2,58,26481
2006,Males,2,59,27870
2006,Males,2,60,22092
2006,Males,2,61,21152
2006,Males,2,62,20645
2006,Males,2,63,20079
2006,Males,2,64,18639
2006,Males,2,65,17776
2006,Males,2,66,18364
2006,Males,2,67,18221
2006,Males,2,68,17961
2006,Males,2,69,17174
2006,Males,2,70,16376
2006,Males,2,71,15453
2006,Males,2,72,14456
2006,Males,2,73,14079
2006,Males,2,74,13836
2006,Males,2,75,13591
2006,Males,2,76,12753
2006,Males,2,77,11696
2006,Males,2,78,10816
2006,Males,2,79,10427
2006,Males,2,80,9682
2006,Males,2,81,8875
2006,Males,2,82,7947
2006,Males,2,83,7243
2006,Males,2,84,6903
2006,Males,2,85,5933
2006,Males,2,86,5327
2006,Males,2,87,3625
2006,Males,2,88,2385
2006,Males,2,89,2066
2006,Males,2,90,7157
2006,Males,3,0,35325
2006,Males,3,1,33907
2006,Males,3,2,32385
2006,Males,3,3,30812
2006,Males,3,4,29981
2006,Males,3,5,29427
2006,Males,3,6,29757
2006,Males,3,7,30586
2006,Males,3,8,30954
2006,Males,3,9,32053
2006,Males,3,10,32002
2006,Males,3,11,31665
2006,Males,3,12,32207
2006,Males,3,13,32598
2006,Males,3,14,33717
2006,Males,3,15,34943
2006,Males,3,16,33906
2006,Males,3,17,32949
2006,Males,3,18,34377
2006,Males,3,19,35839
2006,Males,3,20,38862
2006,Males,3,21,41338
2006,Males,3,22,40670
2006,Males,3,23,40427
2006,Males,3,24,40802
2006,Males,3,25,42722
2006,Males,3,26,42700
2006,Males,3,27,41323
2006,Males,3,28,38878
2006,Males,3,29,38494
2006,Males,3,30,38685
2006,Males,3,31,38383
2006,Males,3,32,38307
2006,Males,3,33,39538
2006,Males,3,34,40013
2006,Males,3,35,40756
2006,Males,3,36,39843
2006,Males,3,37,39827
2006,Males,3,38,39813
2006,Males,3,39,40444
2006,Males,3,40,38909
2006,Males,3,41,38459
2006,Males,3,42,37766
2006,Males,3,43,36273
2006,Males,3,44,35474
2006,Males,3,45,34063
2006,Males,3,46,33088
2006,Males,3,47,31923
2006,Males,3,48,31074
2006,Males,3,49,29453
2006,Males,3,50,28647
2006,Males,3,51,27670
2006,Males,3,52,27315
2006,Males,3,53,26911
2006,Males,3,54,26427
2006,Males,3,55,26640
2006,Males,3,56,26526
2006,Males,3,57,27171
2006,Males,3,58,28118
2006,Males,3,59,30065
2006,Males,3,60,23734
2006,Males,3,61,23134
2006,Males,3,62,22669
2006,Males,3,63,21403
2006,Males,3,64,19535
2006,Males,3,65,18357
2006,Males,3,66,19038
2006,Males,3,67,18928
2006,Males,3,68,18524
2006,Males,3,69,17922
2006,Males,3,70,17232
2006,Males,3,71,16722
2006,Males,3,72,15468
2006,Males,3,73,14922
2006,Males,3,74,14707
2006,Males,3,75,14354
2006,Males,3,76,13382
2006,Males,3,77,12330
2006,Males,3,78,11690
2006,Males,3,79,10957
2006,Males,3,80,10100
2006,Males,3,81,9599
2006,Males,3,82,8695
2006,Males,3,83,7896
2006,Males,3,84,7225
2006,Males,3,85,6199
2006,Males,3,86,5415
2006,Males,3,87,3807
2006,Males,3,88,2444
2006,Males,3,89,2255
2006,Males,3,90,7670
2006,Males,4,0,32331
2006,Males,4,1,30847
2006,Males,4,2,29745
2006,Males,4,3,27983
2006,Males,4,4,26947
2006,Males,4,5,27494
2006,Males,4,6,28158
2006,Males,4,7,29076
2006,Males,4,8,29144
2006,Males,4,9,30296
2006,Males,4,10,30522
2006,Males,4,11,29980
2006,Males,4,12,30924
2006,Males,4,13,31331
2006,Males,4,14,32664
2006,Males,4,15,34112
2006,Males,4,16,33367
2006,Males,4,17,32450
2006,Males,4,18,32690
2006,Males,4,19,34774
2006,Males,4,20,38199
2006,Males,4,21,40423
2006,Males,4,22,39194
2006,Males,4,23,38652
2006,Males,4,24,38406
2006,Males,4,25,39603
2006,Males,4,26,40572
2006,Males,4,27,38710
2006,Males,4,28,37000
2006,Males,4,29,37050
2006,Males,4,30,37210
2006,Males,4,31,37757
2006,Males,4,32,38198
2006,Males,4,33,39483
2006,Males,4,34,40419
2006,Males,4,35,40263
2006,Males,4,36,39409
2006,Males,4,37,39858
2006,Males,4,38,39454
2006,Males,4,39,39959
2006,Males,4,40,39990
2006,Males,4,41,39178
2006,Males,4,42,38777
2006,Males,4,43,37329
2006,Males,4,44,36503
2006,Males,4,45,35296
2006,Males,4,46,33621
2006,Males,4,47,33295
2006,Males,4,48,32237
2006,Males,4,49,30763
2006,Males,4,50,30057
2006,Males,4,51,28913
2006,Males,4,52,29095
2006,Males,4,53,28907
2006,Males,4,54,27988
2006,Males,4,55,28435
2006,Males,4,56,29218
2006,Males,4,57,29323
2006,Males,4,58,31178
2006,Males,4,59,33496
2006,Males,4,60,26473
2006,Males,4,61,25715
2006,Males,4,62,25452
2006,Males,4,63,24498
2006,Males,4,64,21811
2006,Males,4,65,20459
2006,Males,4,66,21109
2006,Males,4,67,20857
2006,Males,4,68,20521
2006,Males,4,69,19712
2006,Males,4,70,18534
2006,Males,4,71,17841
2006,Males,4,72,16759
2006,Males,4,73,16305
2006,Males,4,74,15962
2006,Males,4,75,15349
2006,Males,4,76,14688
2006,Males,4,77,13727
2006,Males,4,78,12456
2006,Males,4,79,11968
2006,Males,4,80,11015
2006,Males,4,81,9950
2006,Males,4,82,9039
2006,Males,4,83,8207
2006,Males,4,84,7627
2006,Males,4,85,6885
2006,Males,4,86,5959
2006,Males,4,87,4107
2006,Males,4,88,2692
2006,Males,4,89,2564
2006,Males,4,90,8545
2006,Males,5,0,29733
2006,Males,5,1,28684
2006,Males,5,2,28270
2006,Males,5,3,26979
2006,Males,5,4,26098
2006,Males,5,5,26549
2006,Males,5,6,27404
2006,Males,5,7,28396
2006,Males,5,8,29343
2006,Males,5,9,29909
2006,Males,5,10,29708
2006,Males,5,11,29825
2006,Males,5,12,30858
2006,Males,5,13,31056
2006,Males,5,14,31526
2006,Males,5,15,33030
2006,Males,5,16,32567
2006,Males,5,17,31848
2006,Males,5,18,31932
2006,Males,5,19,31522
2006,Males,5,20,33768
2006,Males,5,21,34798
2006,Males,5,22,34876
2006,Males,5,23,34504
2006,Males,5,24,34818
2006,Males,5,25,36115
2006,Males,5,26,36908
2006,Males,5,27,35457
2006,Males,5,28,34052
2006,Males,5,29,33994
2006,Males,5,30,34312
2006,Males,5,31,34475
2006,Males,5,32,35087
2006,Males,5,33,36992
2006,Males,5,34,37841
2006,Males,5,35,38789
2006,Males,5,36,38167
2006,Males,5,37,38939
2006,Males,5,38,38954
2006,Males,5,39,39854
2006,Males,5,40,39688
2006,Males,5,41,39744
2006,Males,5,42,39094
2006,Males,5,43,38431
2006,Males,5,44,37157
2006,Males,5,45,36519
2006,Males,5,46,35147
2006,Males,5,47,34132
2006,Males,5,48,33885
2006,Males,5,49,32086
2006,Males,5,50,31057
2006,Males,5,51,30026
2006,Males,5,52,30142
2006,Males,5,53,30134
2006,Males,5,54,29681
2006,Males,5,55,30177
2006,Males,5,56,30802
2006,Males,5,57,32177
2006,Males,5,58,34237
2006,Males,5,59,36638
2006,Males,5,60,29021
2006,Males,5,61,28541
2006,Males,5,62,28152
2006,Males,5,63,26658
2006,Males,5,64,23754
2006,Males,5,65,21917
2006,Males,5,66,22785
2006,Males,5,67,22563
2006,Males,5,68,22135
2006,Males,5,69,21057
2006,Males,5,70,20441
2006,Males,5,71,19514
2006,Males,5,72,18337
2006,Males,5,73,17545
2006,Males,5,74,17648
2006,Males,5,75,16575
2006,Males,5,76,15709
2006,Males,5,77,14494
2006,Males,5,78,13495
2006,Males,5,79,12857
2006,Males,5,80,11905
2006,Males,5,81,10903
2006,Males,5,82,9731
2006,Males,5,83,8784
2006,Males,5,84,8276
2006,Males,5,85,7388
2006,Males,5,86,6303
2006,Males,5,87,4544
2006,Males,5,88,2993
2006,Males,5,89,2775
2006,Males,5,90,9493
2006,Males,6,0,28898
2006,Males,6,1,27921
2006,Males,6,2,27577
2006,Males,6,3,26886
2006,Males,6,4,26113
2006,Males,6,5,26482
2006,Males,6,6,27430
2006,Males,6,7,28705
2006,Males,6,8,28636
2006,Males,6,9,29989
2006,Males,6,10,29709
2006,Males,6,11,30000
2006,Males,6,12,30456
2006,Males,6,13,30555
2006,Males,6,14,31071
2006,Males,6,15,32508
2006,Males,6,16,32132
2006,Males,6,17,31067
2006,Males,6,18,31629
2006,Males,6,19,29800
2006,Males,6,20,31065
2006,Males,6,21,32187
2006,Males,6,22,31660
2006,Males,6,23,31737
2006,Males,6,24,32246
2006,Males,6,25,33982
2006,Males,6,26,34524
2006,Males,6,27,33256
2006,Males,6,28,32090
2006,Males,6,29,32357
2006,Males,6,30,32596
2006,Males,6,31,33573
2006,Males,6,32,34736
2006,Males,6,33,36150
2006,Males,6,34,37628
2006,Males,6,35,38333
2006,Males,6,36,38210
2006,Males,6,37,39066
2006,Males,6,38,39261
2006,Males,6,39,40412
2006,Males,6,40,40162
2006,Males,6,41,40296
2006,Males,6,42,39666
2006,Males,6,43,38974
2006,Males,6,44,38122
2006,Males,6,45,37413
2006,Males,6,46,35640
2006,Males,6,47,35668
2006,Males,6,48,35107
2006,Males,6,49,33724
2006,Males,6,50,31936
2006,Males,6,51,31593
2006,Males,6,52,31629
2006,Males,6,53,31617
2006,Males,6,54,30781
2006,Males,6,55,31516
2006,Males,6,56,32046
2006,Males,6,57,33974
2006,Males,6,58,36514
2006,Males,6,59,38764
2006,Males,6,60,30748
2006,Males,6,61,30131
2006,Males,6,62,29876
2006,Males,6,63,28320
2006,Males,6,64,25173
2006,Males,6,65,22753
2006,Males,6,66,23877
2006,Males,6,67,23519
2006,Males,6,68,23396
2006,Males,6,69,22369
2006,Males,6,70,21181
2006,Males,6,71,20436
2006,Males,6,72,19022
2006,Males,6,73,18728
2006,Males,6,74,18267
2006,Males,6,75,17384
2006,Males,6,76,16426
2006,Males,6,77,15449
2006,Males,6,78,14201
2006,Males,6,79,13260
2006,Males,6,80,12223
2006,Males,6,81,11119
2006,Males,6,82,10121
2006,Males,6,83,9021
2006,Males,6,84,8459
2006,Males,6,85,8086
2006,Males,6,86,6574
2006,Males,6,87,4686
2006,Males,6,88,3181
2006,Males,6,89,2840
2006,Males,6,90,9950
2006,Males,7,0,27373
2006,Males,7,1,26856
2006,Males,7,2,27151
2006,Males,7,3,26079
2006,Males,7,4,25892
2006,Males,7,5,26436
2006,Males,7,6,27778
2006,Males,7,7,28424
2006,Males,7,8,29078
2006,Males,7,9,29701
2006,Males,7,10,29702
2006,Males,7,11,30010
2006,Males,7,12,30815
2006,Males,7,13,30788
2006,Males,7,14,32195
2006,Males,7,15,33419
2006,Males,7,16,32410
2006,Males,7,17,32196
2006,Males,7,18,32465
2006,Males,7,19,30823
2006,Males,7,20,30722
2006,Males,7,21,31362
2006,Males,7,22,30146
2006,Males,7,23,30152
2006,Males,7,24,30160
2006,Males,7,25,31505
2006,Males,7,26,31381
2006,Males,7,27,30504
2006,Males,7,28,28908
2006,Males,7,29,29481
2006,Males,7,30,30098
2006,Males,7,31,31247
2006,Males,7,32,32356
2006,Males,7,33,34625
2006,Males,7,34,36082
2006,Males,7,35,37544
2006,Males,7,36,37032
2006,Males,7,37,38098
2006,Males,7,38,38623
2006,Males,7,39,40579
2006,Males,7,40,40356
2006,Males,7,41,40650
2006,Males,7,42,40006
2006,Males,7,43,39268
2006,Males,7,44,38910
2006,Males,7,45,37842
2006,Males,7,46,36611
2006,Males,7,47,36230
2006,Males,7,48,35235
2006,Males,7,49,34392
2006,Males,7,50,33032
2006,Males,7,51,32290
2006,Males,7,52,32585
2006,Males,7,53,32562
2006,Males,7,54,32044
2006,Males,7,55,32380
2006,Males,7,56,33444
2006,Males,7,57,34845
2006,Males,7,58,37251
2006,Males,7,59,40857
2006,Males,7,60,32593
2006,Males,7,61,31542
2006,Males,7,62,31230
2006,Males,7,63,28928
2006,Males,7,64,25984
2006,Males,7,65,23009
2006,Males,7,66,23940
2006,Males,7,67,24272
2006,Males,7,68,23805
2006,Males,7,69,22686
2006,Males,7,70,22073
2006,Males,7,71,20998
2006,Males,7,72,19713
2006,Males,7,73,18963
2006,Males,7,74,18773
2006,Males,7,75,17843
2006,Males,7,76,16702
2006,Males,7,77,15650
2006,Males,7,78,14578
2006,Males,7,79,13415
2006,Males,7,80,12539
2006,Males,7,81,11231
2006,Males,7,82,10155
2006,Males,7,83,9279
2006,Males,7,84,8621
2006,Males,7,85,7669
2006,Males,7,86,6576
2006,Males,7,87,4643
2006,Males,7,88,3034
2006,Males,7,89,2857
2006,Males,7,90,9910
2006,Males,8,0,27615
2006,Males,8,1,27109
2006,Males,8,2,27718
2006,Males,8,3,26740
2006,Males,8,4,26471
2006,Males,8,5,26827
2006,Males,8,6,27899
2006,Males,8,7,28973
2006,Males,8,8,29396
2006,Males,8,9,30087
2006,Males,8,10,29870
2006,Males,8,11,30104
2006,Males,8,12,31426
2006,Males,8,13,31292
2006,Males,8,14,32352
2006,Males,8,15,32795
2006,Males,8,16,32479
2006,Males,8,17,32387
2006,Males,8,18,32589
2006,Males,8,19,29711
2006,Males,8,20,28429
2006,Males,8,21,28574
2006,Males,8,22,28657
2006,Males,8,23,28664
2006,Males,8,24,28562
2006,Males,8,25,29607
2006,Males,8,26,30219
2006,Males,8,27,29077
2006,Males,8,28,27556
2006,Males,8,29,28174
2006,Males,8,30,28916
2006,Males,8,31,30483
2006,Males,8,32,31467
2006,Males,8,33,33719
2006,Males,8,34,35924
2006,Males,8,35,37595
2006,Males,8,36,37032
2006,Males,8,37,38341
2006,Males,8,38,39336
2006,Males,8,39,40253
2006,Males,8,40,40839
2006,Males,8,41,40653
2006,Males,8,42,40388
2006,Males,8,43,39833
2006,Males,8,44,39132
2006,Males,8,45,38762
2006,Males,8,46,37023
2006,Males,8,47,36111
2006,Males,8,48,36113
2006,Males,8,49,34353
2006,Males,8,50,32976
2006,Males,8,51,32254
2006,Males,8,52,32678
2006,Males,8,53,32715
2006,Males,8,54,32196
2006,Males,8,55,32586
2006,Males,8,56,33522
2006,Males,8,57,35389
2006,Males,8,58,37816
2006,Males,8,59,41221
2006,Males,8,60,32690
2006,Males,8,61,31800
2006,Males,8,62,31239
2006,Males,8,63,29257
2006,Males,8,64,25765
2006,Males,8,65,23083
2006,Males,8,66,24327
2006,Males,8,67,24164
2006,Males,8,68,23660
2006,Males,8,69,22535
2006,Males,8,70,21875
2006,Males,8,71,20679
2006,Males,8,72,19591
2006,Males,8,73,18860
2006,Males,8,74,18280
2006,Males,8,75,17984
2006,Males,8,76,16601
2006,Males,8,77,15351
2006,Males,8,78,14232
2006,Males,8,79,13325
2006,Males,8,80,12060
2006,Males,8,81,10952
2006,Males,8,82,9996
2006,Males,8,83,9096
2006,Males,8,84,8256
2006,Males,8,85,7604
2006,Males,8,86,6502
2006,Males,8,87,4513
2006,Males,8,88,3049
2006,Males,8,89,2867
2006,Males,8,90,10047
2006,Males,9,0,27394
2006,Males,9,1,27499
2006,Males,9,2,27608
2006,Males,9,3,27527
2006,Males,9,4,27275
2006,Males,9,5,27842
2006,Males,9,6,29304
2006,Males,9,7,29869
2006,Males,9,8,30795
2006,Males,9,9,31333
2006,Males,9,10,31456
2006,Males,9,11,31989
2006,Males,9,12,32503
2006,Males,9,13,32479
2006,Males,9,14,33547
2006,Males,9,15,34167
2006,Males,9,16,33729
2006,Males,9,17,34171
2006,Males,9,18,33594
2006,Males,9,19,31325
2006,Males,9,20,28250
2006,Males,9,21,27925
2006,Males,9,22,27663
2006,Males,9,23,27468
2006,Males,9,24,26965
2006,Males,9,25,27321
2006,Males,9,26,27618
2006,Males,9,27,26489
2006,Males,9,28,25504
2006,Males,9,29,26241
2006,Males,9,30,27131
2006,Males,9,31,28619
2006,Males,9,32,30123
2006,Males,9,33,32709
2006,Males,9,34,34432
2006,Males,9,35,37027
2006,Males,9,36,37021
2006,Males,9,37,38840
2006,Males,9,38,39117
2006,Males,9,39,40991
2006,Males,9,40,40958
2006,Males,9,41,41562
2006,Males,9,42,41837
2006,Males,9,43,41264
2006,Males,9,44,40687
2006,Males,9,45,39137
2006,Males,9,46,37789
2006,Males,9,47,37505
2006,Males,9,48,37377
2006,Males,9,49,35396
2006,Males,9,50,34413
2006,Males,9,51,32965
2006,Males,9,52,33698
2006,Males,9,53,33187
2006,Males,9,54,32945
2006,Males,9,55,33232
2006,Males,9,56,34033
2006,Males,9,57,35667
2006,Males,9,58,38499
2006,Males,9,59,42144
2006,Males,9,60,33113
2006,Males,9,61,32242
2006,Males,9,62,32266
2006,Males,9,63,29484
2006,Males,9,64,25717
2006,Males,9,65,23127
2006,Males,9,66,24151
2006,Males,9,67,24190
2006,Males,9,68,23588
2006,Males,9,69,23010
2006,Males,9,70,21965
2006,Males,9,71,20929
2006,Males,9,72,19559
2006,Males,9,73,18981
2006,Males,9,74,18701
2006,Males,9,75,17910
2006,Males,9,76,17088
2006,Males,9,77,16009
2006,Males,9,78,14347
2006,Males,9,79,13676
2006,Males,9,80,12659
2006,Males,9,81,11380
2006,Males,9,82,10212
2006,Males,9,83,8982
2006,Males,9,84,8344
2006,Males,9,85,7576
2006,Males,9,86,6258
2006,Males,9,87,4400
2006,Males,9,88,2998
2006,Males,9,89,2767
2006,Males,9,90,10002
2006,Males,10,0,26071
2006,Males,10,1,27025
2006,Males,10,2,28461
2006,Males,10,3,28619
2006,Males,10,4,28733
2006,Males,10,5,29866
2006,Males,10,6,30614
2006,Males,10,7,32122
2006,Males,10,8,32433
2006,Males,10,9,33144
2006,Males,10,10,33578
2006,Males,10,11,33754
2006,Males,10,12,35116
2006,Males,10,13,34784
2006,Males,10,14,34664
2006,Males,10,15,35130
2006,Males,10,16,34340
2006,Males,10,17,33950
2006,Males,10,18,33090
2006,Males,10,19,27096
2006,Males,10,20,24017
2006,Males,10,21,23907
2006,Males,10,22,24088
2006,Males,10,23,24322
2006,Males,10,24,24007
2006,Males,10,25,22958
2006,Males,10,26,22686
2006,Males,10,27,22119
2006,Males,10,28,21162
2006,Males,10,29,21379
2006,Males,10,30,22782
2006,Males,10,31,24735
2006,Males,10,32,26847
2006,Males,10,33,29064
2006,Males,10,34,31841
2006,Males,10,35,34129
2006,Males,10,36,34836
2006,Males,10,37,36805
2006,Males,10,38,38264
2006,Males,10,39,40071
2006,Males,10,40,40869
2006,Males,10,41,42319
2006,Males,10,42,42131
2006,Males,10,43,41993
2006,Males,10,44,41913
2006,Males,10,45,40915
2006,Males,10,46,39348
2006,Males,10,47,39121
2006,Males,10,48,38233
2006,Males,10,49,36883
2006,Males,10,50,35825
2006,Males,10,51,34694
2006,Males,10,52,34545
2006,Males,10,53,34232
2006,Males,10,54,33767
2006,Males,10,55,33947
2006,Males,10,56,34765
2006,Males,10,57,36163
2006,Males,10,58,39528
2006,Males,10,59,42959
2006,Males,10,60,33594
2006,Males,10,61,32877
2006,Males,10,62,32336
2006,Males,10,63,29684
2006,Males,10,64,25471
2006,Males,10,65,22796
2006,Males,10,66,23904
2006,Males,10,67,24023
2006,Males,10,68,23669
2006,Males,10,69,22659
2006,Males,10,70,21913
2006,Males,10,71,21246
2006,Males,10,72,19988
2006,Males,10,73,19434
2006,Males,10,74,18780
2006,Males,10,75,18184
2006,Males,10,76,17159
2006,Males,10,77,15858
2006,Males,10,78,14742
2006,Males,10,79,13671
2006,Males,10,80,12619
2006,Males,10,81,11215
2006,Males,10,82,10149
2006,Males,10,83,9220
2006,Males,10,84,8302
2006,Males,10,85,7581
2006,Males,10,86,6297
2006,Males,10,87,4261
2006,Males,10,88,2983
2006,Males,10,89,2802
2006,Males,10,90,9800
2007,Males,1,0,45770
2007,Males,1,1,43932
2007,Males,1,2,41926
2007,Males,1,3,40106
2007,Males,1,4,38316
2007,Males,1,5,36976
2007,Males,1,6,36283
2007,Males,1,7,36909
2007,Males,1,8,36772
2007,Males,1,9,37218
2007,Males,1,10,38199
2007,Males,1,11,38007
2007,Males,1,12,37370
2007,Males,1,13,37876
2007,Males,1,14,37746
2007,Males,1,15,36625
2007,Males,1,16,37140
2007,Males,1,17,36631
2007,Males,1,18,36836
2007,Males,1,19,40043
2007,Males,1,20,39176
2007,Males,1,21,39784
2007,Males,1,22,41785
2007,Males,1,23,41000
2007,Males,1,24,40456
2007,Males,1,25,40914
2007,Males,1,26,40926
2007,Males,1,27,41302
2007,Males,1,28,37921
2007,Males,1,29,35935
2007,Males,1,30,35326
2007,Males,1,31,35754
2007,Males,1,32,35371
2007,Males,1,33,35310
2007,Males,1,34,36532
2007,Males,1,35,37267
2007,Males,1,36,37584
2007,Males,1,37,37333
2007,Males,1,38,37238
2007,Males,1,39,36726
2007,Males,1,40,37393
2007,Males,1,41,35562
2007,Males,1,42,35316
2007,Males,1,43,34620
2007,Males,1,44,33857
2007,Males,1,45,33991
2007,Males,1,46,32102
2007,Males,1,47,31200
2007,Males,1,48,29919
2007,Males,1,49,29517
2007,Males,1,50,28860
2007,Males,1,51,27351
2007,Males,1,52,26175
2007,Males,1,53,26188
2007,Males,1,54,25910
2007,Males,1,55,25633
2007,Males,1,56,24846
2007,Males,1,57,25459
2007,Males,1,58,25264
2007,Males,1,59,26157
2007,Males,1,60,26935
2007,Males,1,61,21446
2007,Males,1,62,20629
2007,Males,1,63,20358
2007,Males,1,64,19499
2007,Males,1,65,18318
2007,Males,1,66,17666
2007,Males,1,67,18318
2007,Males,1,68,17847
2007,Males,1,69,17603
2007,Males,1,70,16979
2007,Males,1,71,15969
2007,Males,1,72,15216
2007,Males,1,73,13916
2007,Males,1,74,13522
2007,Males,1,75,13160
2007,Males,1,76,12563
2007,Males,1,77,11701
2007,Males,1,78,10580
2007,Males,1,79,9737
2007,Males,1,80,9322
2007,Males,1,81,8585
2007,Males,1,82,7559
2007,Males,1,83,6631
2007,Males,1,84,5858
2007,Males,1,85,5211
2007,Males,1,86,4635
2007,Males,1,87,3912
2007,Males,1,88,2894
2007,Males,1,89,1752
2007,Males,1,90,6336
2007,Males,2,0,40911
2007,Males,2,1,39102
2007,Males,2,2,37144
2007,Males,2,3,35302
2007,Males,2,4,34644
2007,Males,2,5,33167
2007,Males,2,6,32640
2007,Males,2,7,32912
2007,Males,2,8,33679
2007,Males,2,9,34063
2007,Males,2,10,35179
2007,Males,2,11,34931
2007,Males,2,12,34237
2007,Males,2,13,35057
2007,Males,2,14,34867
2007,Males,2,15,35316
2007,Males,2,16,36882
2007,Males,2,17,35460
2007,Males,2,18,35124
2007,Males,2,19,37781
2007,Males,2,20,37983
2007,Males,2,21,40056
2007,Males,2,22,41407
2007,Males,2,23,41424
2007,Males,2,24,41107
2007,Males,2,25,41738
2007,Males,2,26,42509
2007,Males,2,27,43122
2007,Males,2,28,41044
2007,Males,2,29,38055
2007,Males,2,30,37271
2007,Males,2,31,37717
2007,Males,2,32,37267
2007,Males,2,33,37458
2007,Males,2,34,38461
2007,Males,2,35,38992
2007,Males,2,36,39754
2007,Males,2,37,39359
2007,Males,2,38,38888
2007,Males,2,39,38965
2007,Males,2,40,39007
2007,Males,2,41,37869
2007,Males,2,42,37163
2007,Males,2,43,36389
2007,Males,2,44,35360
2007,Males,2,45,34332
2007,Males,2,46,32871
2007,Males,2,47,31709
2007,Males,2,48,30989
2007,Males,2,49,29827
2007,Males,2,50,28984
2007,Males,2,51,27359
2007,Males,2,52,25967
2007,Males,2,53,25929
2007,Males,2,54,25735
2007,Males,2,55,25342
2007,Males,2,56,24665
2007,Males,2,57,24842
2007,Males,2,58,24920
2007,Males,2,59,26029
2007,Males,2,60,27393
2007,Males,2,61,21596
2007,Males,2,62,20667
2007,Males,2,63,20208
2007,Males,2,64,19621
2007,Males,2,65,18131
2007,Males,2,66,17214
2007,Males,2,67,17832
2007,Males,2,68,17547
2007,Males,2,69,17412
2007,Males,2,70,16507
2007,Males,2,71,15680
2007,Males,2,72,14832
2007,Males,2,73,13923
2007,Males,2,74,13357
2007,Males,2,75,13178
2007,Males,2,76,12777
2007,Males,2,77,12005
2007,Males,2,78,10868
2007,Males,2,79,10071
2007,Males,2,80,9609
2007,Males,2,81,8885
2007,Males,2,82,7945
2007,Males,2,83,7132
2007,Males,2,84,6436
2007,Males,2,85,6110
2007,Males,2,86,5006
2007,Males,2,87,4425
2007,Males,2,88,3165
2007,Males,2,89,1906
2007,Males,2,90,7102
2007,Males,3,0,37078
2007,Males,3,1,35145
2007,Males,3,2,33373
2007,Males,3,3,32061
2007,Males,3,4,30678
2007,Males,3,5,29856
2007,Males,3,6,29341
2007,Males,3,7,29709
2007,Males,3,8,30475
2007,Males,3,9,31074
2007,Males,3,10,32142
2007,Males,3,11,32092
2007,Males,3,12,31748
2007,Males,3,13,32257
2007,Males,3,14,32740
2007,Males,3,15,34063
2007,Males,3,16,35437
2007,Males,3,17,34419
2007,Males,3,18,33905
2007,Males,3,19,37216
2007,Males,3,20,39026
2007,Males,3,21,40634
2007,Males,3,22,42985
2007,Males,3,23,42684
2007,Males,3,24,42959
2007,Males,3,25,42719
2007,Males,3,26,44350
2007,Males,3,27,44452
2007,Males,3,28,42613
2007,Males,3,29,40038
2007,Males,3,30,37902
2007,Males,3,31,38624
2007,Males,3,32,38032
2007,Males,3,33,38006
2007,Males,3,34,39038
2007,Males,3,35,39796
2007,Males,3,36,40473
2007,Males,3,37,39521
2007,Males,3,38,39510
2007,Males,3,39,39444
2007,Males,3,40,39779
2007,Males,3,41,38405
2007,Males,3,42,38034
2007,Males,3,43,37278
2007,Males,3,44,36008
2007,Males,3,45,35127
2007,Males,3,46,33798
2007,Males,3,47,32901
2007,Males,3,48,31613
2007,Males,3,49,30702
2007,Males,3,50,29536
2007,Males,3,51,28457
2007,Males,3,52,27478
2007,Males,3,53,27060
2007,Males,3,54,26645
2007,Males,3,55,26188
2007,Males,3,56,26472
2007,Males,3,57,26319
2007,Males,3,58,26739
2007,Males,3,59,27658
2007,Males,3,60,29690
2007,Males,3,61,23240
2007,Males,3,62,22594
2007,Males,3,63,22279
2007,Males,3,64,20843
2007,Males,3,65,19143
2007,Males,3,66,17957
2007,Males,3,67,18553
2007,Males,3,68,18525
2007,Males,3,69,18009
2007,Males,3,70,17427
2007,Males,3,71,16757
2007,Males,3,72,16163
2007,Males,3,73,14964
2007,Males,3,74,14327
2007,Males,3,75,13955
2007,Males,3,76,13612
2007,Males,3,77,12539
2007,Males,3,78,11666
2007,Males,3,79,10919
2007,Males,3,80,10271
2007,Males,3,81,9264
2007,Males,3,82,8772
2007,Males,3,83,7939
2007,Males,3,84,7021
2007,Males,3,85,6188
2007,Males,3,86,5311
2007,Males,3,87,4715
2007,Males,3,88,3370
2007,Males,3,89,2024
2007,Males,3,90,7749
2007,Males,4,0,33525
2007,Males,4,1,31750
2007,Males,4,2,30525
2007,Males,4,3,29577
2007,Males,4,4,27775
2007,Males,4,5,26914
2007,Males,4,6,27518
2007,Males,4,7,28355
2007,Males,4,8,29317
2007,Males,4,9,29205
2007,Males,4,10,30534
2007,Males,4,11,30658
2007,Males,4,12,30137
2007,Males,4,13,31162
2007,Males,4,14,31278
2007,Males,4,15,33208
2007,Males,4,16,34695
2007,Males,4,17,33748
2007,Males,4,18,33501
2007,Males,4,19,35403
2007,Males,4,20,38053
2007,Males,4,21,39853
2007,Males,4,22,41116
2007,Males,4,23,40482
2007,Males,4,24,40347
2007,Males,4,25,39430
2007,Males,4,26,41245
2007,Males,4,27,42020
2007,Males,4,28,40103
2007,Males,4,29,38075
2007,Males,4,30,36950
2007,Males,4,31,37049
2007,Males,4,32,37714
2007,Males,4,33,37975
2007,Males,4,34,39265
2007,Males,4,35,39816
2007,Males,4,36,40182
2007,Males,4,37,39204
2007,Males,4,38,39500
2007,Males,4,39,39262
2007,Males,4,40,39590
2007,Males,4,41,39692
2007,Males,4,42,38829
2007,Males,4,43,38512
2007,Males,4,44,37355
2007,Males,4,45,36008
2007,Males,4,46,34910
2007,Males,4,47,33373
2007,Males,4,48,33113
2007,Males,4,49,32082
2007,Males,4,50,30647
2007,Males,4,51,29930
2007,Males,4,52,28872
2007,Males,4,53,28877
2007,Males,4,54,28809
2007,Males,4,55,27856
2007,Males,4,56,28235
2007,Males,4,57,29082
2007,Males,4,58,29180
2007,Males,4,59,30918
2007,Males,4,60,32942
2007,Males,4,61,26094
2007,Males,4,62,25182
2007,Males,4,63,25192
2007,Males,4,64,24055
2007,Males,4,65,21480
2007,Males,4,66,20098
2007,Males,4,67,20551
2007,Males,4,68,20488
2007,Males,4,69,20048
2007,Males,4,70,19134
2007,Males,4,71,18016
2007,Males,4,72,17334
2007,Males,4,73,16091
2007,Males,4,74,15627
2007,Males,4,75,15439
2007,Males,4,76,14652
2007,Males,4,77,13955
2007,Males,4,78,12909
2007,Males,4,79,11795
2007,Males,4,80,11168
2007,Males,4,81,10180
2007,Males,4,82,9198
2007,Males,4,83,8248
2007,Males,4,84,7396
2007,Males,4,85,6834
2007,Males,4,86,5983
2007,Males,4,87,5094
2007,Males,4,88,3565
2007,Males,4,89,2260
2007,Males,4,90,8726
2007,Males,5,0,30426
2007,Males,5,1,29565
2007,Males,5,2,28519
2007,Males,5,3,28093
2007,Males,5,4,26909
2007,Males,5,5,25975
2007,Males,5,6,26631
2007,Males,5,7,27520
2007,Males,5,8,28578
2007,Males,5,9,29396
2007,Males,5,10,30094
2007,Males,5,11,29934
2007,Males,5,12,29826
2007,Males,5,13,31082
2007,Males,5,14,31061
2007,Males,5,15,32061
2007,Males,5,16,33351
2007,Males,5,17,32953
2007,Males,5,18,32310
2007,Males,5,19,32992
2007,Males,5,20,33765
2007,Males,5,21,34973
2007,Males,5,22,36095
2007,Males,5,23,35817
2007,Males,5,24,36165
2007,Males,5,25,35728
2007,Males,5,26,37549
2007,Males,5,27,37843
2007,Males,5,28,36811
2007,Males,5,29,34720
2007,Males,5,30,33586
2007,Males,5,31,34379
2007,Males,5,32,34647
2007,Males,5,33,34928
2007,Males,5,34,36760
2007,Males,5,35,37711
2007,Males,5,36,38859
2007,Males,5,37,38272
2007,Males,5,38,38909
2007,Males,5,39,38767
2007,Males,5,40,39669
2007,Males,5,41,39406
2007,Males,5,42,39545
2007,Males,5,43,38910
2007,Males,5,44,38391
2007,Males,5,45,36795
2007,Males,5,46,36270
2007,Males,5,47,34980
2007,Males,5,48,34061
2007,Males,5,49,33827
2007,Males,5,50,31836
2007,Males,5,51,31009
2007,Males,5,52,29995
2007,Males,5,53,30200
2007,Males,5,54,30125
2007,Males,5,55,29543
2007,Males,5,56,30053
2007,Males,5,57,30645
2007,Males,5,58,31945
2007,Males,5,59,34069
2007,Males,5,60,36231
2007,Males,5,61,28553
2007,Males,5,62,28198
2007,Males,5,63,27749
2007,Males,5,64,26116
2007,Males,5,65,23448
2007,Males,5,66,21530
2007,Males,5,67,22449
2007,Males,5,68,22094
2007,Males,5,69,21710
2007,Males,5,70,20569
2007,Males,5,71,20015
2007,Males,5,72,19011
2007,Males,5,73,17829
2007,Males,5,74,16974
2007,Males,5,75,16939
2007,Males,5,76,15932
2007,Males,5,77,14994
2007,Males,5,78,13720
2007,Males,5,79,12736
2007,Males,5,80,12098
2007,Males,5,81,11080
2007,Males,5,82,9979
2007,Males,5,83,8746
2007,Males,5,84,8007
2007,Males,5,85,7494
2007,Males,5,86,6451
2007,Males,5,87,5497
2007,Males,5,88,3919
2007,Males,5,89,2509
2007,Males,5,90,9605
2007,Males,6,0,29903
2007,Males,6,1,28833
2007,Males,6,2,27993
2007,Males,6,3,27646
2007,Males,6,4,27010
2007,Males,6,5,26220
2007,Males,6,6,26827
2007,Males,6,7,27679
2007,Males,6,8,29078
2007,Males,6,9,28976
2007,Males,6,10,30076
2007,Males,6,11,30031
2007,Males,6,12,30216
2007,Males,6,13,30791
2007,Males,6,14,30712
2007,Males,6,15,31491
2007,Males,6,16,32734
2007,Males,6,17,32220
2007,Males,6,18,31371
2007,Males,6,19,30847
2007,Males,6,20,31098
2007,Males,6,21,32039
2007,Males,6,22,33621
2007,Males,6,23,32972
2007,Males,6,24,33069
2007,Males,6,25,33032
2007,Males,6,26,35255
2007,Males,6,27,35621
2007,Males,6,28,34367
2007,Males,6,29,32830
2007,Males,6,30,32108
2007,Males,6,31,32835
2007,Males,6,32,33805
2007,Males,6,33,34729
2007,Males,6,34,36262
2007,Males,6,35,38011
2007,Males,6,36,38656
2007,Males,6,37,38436
2007,Males,6,38,39196
2007,Males,6,39,39475
2007,Males,6,40,40394
2007,Males,6,41,40174
2007,Males,6,42,40173
2007,Males,6,43,39780
2007,Males,6,44,39098
2007,Males,6,45,38017
2007,Males,6,46,37366
2007,Males,6,47,35605
2007,Males,6,48,35467
2007,Males,6,49,34959
2007,Males,6,50,33459
2007,Males,6,51,32058
2007,Males,6,52,31467
2007,Males,6,53,31548
2007,Males,6,54,31675
2007,Males,6,55,30718
2007,Males,6,56,31438
2007,Males,6,57,31751
2007,Males,6,58,33884
2007,Males,6,59,36154
2007,Males,6,60,38536
2007,Males,6,61,30314
2007,Males,6,62,29819
2007,Males,6,63,29577
2007,Males,6,64,27959
2007,Males,6,65,24929
2007,Males,6,66,22386
2007,Males,6,67,23645
2007,Males,6,68,23206
2007,Males,6,69,22989
2007,Males,6,70,21949
2007,Males,6,71,20748
2007,Males,6,72,19923
2007,Males,6,73,18523
2007,Males,6,74,18165
2007,Males,6,75,17603
2007,Males,6,76,16646
2007,Males,6,77,15731
2007,Males,6,78,14770
2007,Males,6,79,13385
2007,Males,6,80,12451
2007,Males,6,81,11382
2007,Males,6,82,10255
2007,Males,6,83,9242
2007,Males,6,84,8193
2007,Males,6,85,7710
2007,Males,6,86,7160
2007,Males,6,87,5587
2007,Males,6,88,4040
2007,Males,6,89,2638
2007,Males,6,90,10116
2007,Males,7,0,28390
2007,Males,7,1,27873
2007,Males,7,2,27120
2007,Males,7,3,27175
2007,Males,7,4,26205
2007,Males,7,5,25951
2007,Males,7,6,26681
2007,Males,7,7,28210
2007,Males,7,8,28540
2007,Males,7,9,29375
2007,Males,7,10,30154
2007,Males,7,11,30044
2007,Males,7,12,30217
2007,Males,7,13,31024
2007,Males,7,14,31259
2007,Males,7,15,32692
2007,Males,7,16,33743
2007,Males,7,17,32853
2007,Males,7,18,32513
2007,Males,7,19,32297
2007,Males,7,20,30895
2007,Males,7,21,31172
2007,Males,7,22,31577
2007,Males,7,23,30740
2007,Males,7,24,31055
2007,Males,7,25,30516
2007,Males,7,26,32333
2007,Males,7,27,32140
2007,Males,7,28,31041
2007,Males,7,29,29476
2007,Males,7,30,29625
2007,Males,7,31,30259
2007,Males,7,32,31331
2007,Males,7,33,32786
2007,Males,7,34,34807
2007,Males,7,35,36448
2007,Males,7,36,37959
2007,Males,7,37,37548
2007,Males,7,38,38570
2007,Males,7,39,38851
2007,Males,7,40,40406
2007,Males,7,41,40614
2007,Males,7,42,40758
2007,Males,7,43,40054
2007,Males,7,44,39388
2007,Males,7,45,38798
2007,Males,7,46,37823
2007,Males,7,47,36536
2007,Males,7,48,36016
2007,Males,7,49,35018
2007,Males,7,50,34167
2007,Males,7,51,33114
2007,Males,7,52,32392
2007,Males,7,53,32628
2007,Males,7,54,32591
2007,Males,7,55,31681
2007,Males,7,56,32260
2007,Males,7,57,33339
2007,Males,7,58,34668
2007,Males,7,59,37038
2007,Males,7,60,40492
2007,Males,7,61,32171
2007,Males,7,62,31073
2007,Males,7,63,30826
2007,Males,7,64,28579
2007,Males,7,65,25521
2007,Males,7,66,22689
2007,Males,7,67,23614
2007,Males,7,68,23908
2007,Males,7,69,23442
2007,Males,7,70,22313
2007,Males,7,71,21564
2007,Males,7,72,20545
2007,Males,7,73,19156
2007,Males,7,74,18415
2007,Males,7,75,18162
2007,Males,7,76,17197
2007,Males,7,77,16033
2007,Males,7,78,14871
2007,Males,7,79,13820
2007,Males,7,80,12704
2007,Males,7,81,11687
2007,Males,7,82,10418
2007,Males,7,83,9349
2007,Males,7,84,8458
2007,Males,7,85,7714
2007,Males,7,86,6786
2007,Males,7,87,5615
2007,Males,7,88,4110
2007,Males,7,89,2588
2007,Males,7,90,10054
2007,Males,8,0,28466
2007,Males,8,1,28090
2007,Males,8,2,27494
2007,Males,8,3,28006
2007,Males,8,4,27219
2007,Males,8,5,26704
2007,Males,8,6,27254
2007,Males,8,7,28198
2007,Males,8,8,29418
2007,Males,8,9,29755
2007,Males,8,10,30307
2007,Males,8,11,30307
2007,Males,8,12,30557
2007,Males,8,13,31731
2007,Males,8,14,31573
2007,Males,8,15,32768
2007,Males,8,16,33252
2007,Males,8,17,33119
2007,Males,8,18,32547
2007,Males,8,19,31436
2007,Males,8,20,29047
2007,Males,8,21,28908
2007,Males,8,22,29354
2007,Males,8,23,29265
2007,Males,8,24,29517
2007,Males,8,25,29146
2007,Males,8,26,30188
2007,Males,8,27,30793
2007,Males,8,28,29887
2007,Males,8,29,28367
2007,Males,8,30,28512
2007,Males,8,31,29279
2007,Males,8,32,30955
2007,Males,8,33,31958
2007,Males,8,34,34337
2007,Males,8,35,36507
2007,Males,8,36,38081
2007,Males,8,37,37582
2007,Males,8,38,38859
2007,Males,8,39,39802
2007,Males,8,40,40238
2007,Males,8,41,41029
2007,Males,8,42,40859
2007,Males,8,43,40530
2007,Males,8,44,39843
2007,Males,8,45,38857
2007,Males,8,46,38783
2007,Males,8,47,36924
2007,Males,8,48,35970
2007,Males,8,49,36051
2007,Males,8,50,34202
2007,Males,8,51,33026
2007,Males,8,52,32253
2007,Males,8,53,32622
2007,Males,8,54,32643
2007,Males,8,55,31953
2007,Males,8,56,32402
2007,Males,8,57,33304
2007,Males,8,58,35096
2007,Males,8,59,37543
2007,Males,8,60,40826
2007,Males,8,61,32194
2007,Males,8,62,31442
2007,Males,8,63,30843
2007,Males,8,64,28798
2007,Males,8,65,25407
2007,Males,8,66,22791
2007,Males,8,67,24048
2007,Males,8,68,23848
2007,Males,8,69,23196
2007,Males,8,70,22358
2007,Males,8,71,21457
2007,Males,8,72,20275
2007,Males,8,73,19169
2007,Males,8,74,18353
2007,Males,8,75,17782
2007,Males,8,76,17507
2007,Males,8,77,16022
2007,Males,8,78,14637
2007,Males,8,79,13463
2007,Males,8,80,12449
2007,Males,8,81,11288
2007,Males,8,82,10228
2007,Males,8,83,9202
2007,Males,8,84,8297
2007,Males,8,85,7566
2007,Males,8,86,6754
2007,Males,8,87,5606
2007,Males,8,88,3983
2007,Males,8,89,2626
2007,Males,8,90,10246
2007,Males,9,0,27929
2007,Males,9,1,28096
2007,Males,9,2,28161
2007,Males,9,3,28218
2007,Males,9,4,28092
2007,Males,9,5,27415
2007,Males,9,6,28233
2007,Males,9,7,29597
2007,Males,9,8,30361
2007,Males,9,9,31114
2007,Males,9,10,31595
2007,Males,9,11,31794
2007,Males,9,12,32223
2007,Males,9,13,32997
2007,Males,9,14,32543
2007,Males,9,15,34038
2007,Males,9,16,34414
2007,Males,9,17,34051
2007,Males,9,18,33938
2007,Males,9,19,32607
2007,Males,9,20,28454
2007,Males,9,21,27722
2007,Males,9,22,28600
2007,Males,9,23,28106
2007,Males,9,24,27797
2007,Males,9,25,26971
2007,Males,9,26,27181
2007,Males,9,27,27810
2007,Males,9,28,26817
2007,Males,9,29,26093
2007,Males,9,30,26807
2007,Males,9,31,27374
2007,Males,9,32,29033
2007,Males,9,33,30679
2007,Males,9,34,33256
2007,Males,9,35,35797
2007,Males,9,36,37797
2007,Males,9,37,37457
2007,Males,9,38,39329
2007,Males,9,39,39700
2007,Males,9,40,41099
2007,Males,9,41,41224
2007,Males,9,42,41703
2007,Males,9,43,42080
2007,Males,9,44,41297
2007,Males,9,45,40273
2007,Males,9,46,39042
2007,Males,9,47,37610
2007,Males,9,48,37193
2007,Males,9,49,37224
2007,Males,9,50,35271
2007,Males,9,51,34229
2007,Males,9,52,32832
2007,Males,9,53,33639
2007,Males,9,54,33057
2007,Males,9,55,32664
2007,Males,9,56,32863
2007,Males,9,57,33804
2007,Males,9,58,35455
2007,Males,9,59,38121
2007,Males,9,60,41769
2007,Males,9,61,32558
2007,Males,9,62,31708
2007,Males,9,63,31786
2007,Males,9,64,29166
2007,Males,9,65,25409
2007,Males,9,66,22857
2007,Males,9,67,23756
2007,Males,9,68,23908
2007,Males,9,69,23265
2007,Males,9,70,22702
2007,Males,9,71,21664
2007,Males,9,72,20524
2007,Males,9,73,19135
2007,Males,9,74,18533
2007,Males,9,75,18328
2007,Males,9,76,17332
2007,Males,9,77,16519
2007,Males,9,78,15286
2007,Males,9,79,13705
2007,Males,9,80,12746
2007,Males,9,81,11963
2007,Males,9,82,10578
2007,Males,9,83,9431
2007,Males,9,84,8213
2007,Males,9,85,7443
2007,Males,9,86,6654
2007,Males,9,87,5520
2007,Males,9,88,3897
2007,Males,9,89,2485
2007,Males,9,90,10145
2007,Males,10,0,26980
2007,Males,10,1,27452
2007,Males,10,2,28354
2007,Males,10,3,29514
2007,Males,10,4,29393
2007,Males,10,5,29319
2007,Males,10,6,30240
2007,Males,10,7,31128
2007,Males,10,8,32534
2007,Males,10,9,32913
2007,Males,10,10,33608
2007,Males,10,11,33989
2007,Males,10,12,34042
2007,Males,10,13,35325
2007,Males,10,14,34871
2007,Males,10,15,34598
2007,Males,10,16,35062
2007,Males,10,17,34304
2007,Males,10,18,33363
2007,Males,10,19,29505
2007,Males,10,20,23685
2007,Males,10,21,24187
2007,Males,10,22,24790
2007,Males,10,23,24805
2007,Males,10,24,24133
2007,Males,10,25,23139
2007,Males,10,26,22424
2007,Males,10,27,22536
2007,Males,10,28,22099
2007,Males,10,29,21354
2007,Males,10,30,22888
2007,Males,10,31,23395
2007,Males,10,32,25613
2007,Males,10,33,27677
2007,Males,10,34,30047
2007,Males,10,35,33644
2007,Males,10,36,35398
2007,Males,10,37,35852
2007,Males,10,38,37904
2007,Males,10,39,39200
2007,Males,10,40,40505
2007,Males,10,41,41185
2007,Males,10,42,42722
2007,Males,10,43,42432
2007,Males,10,44,42136
2007,Males,10,45,41593
2007,Males,10,46,40618
2007,Males,10,47,39157
2007,Males,10,48,38991
2007,Males,10,49,37872
2007,Males,10,50,36605
2007,Males,10,51,35615
2007,Males,10,52,34396
2007,Males,10,53,34360
2007,Males,10,54,34004
2007,Males,10,55,33171
2007,Males,10,56,33533
2007,Males,10,57,34334
2007,Males,10,58,35683
2007,Males,10,59,38998
2007,Males,10,60,42280
2007,Males,10,61,32919
2007,Males,10,62,32176
2007,Males,10,63,31763
2007,Males,10,64,29181
2007,Males,10,65,25111
2007,Males,10,66,22388
2007,Males,10,67,23636
2007,Males,10,68,23703
2007,Males,10,69,23312
2007,Males,10,70,22260
2007,Males,10,71,21485
2007,Males,10,72,20846
2007,Males,10,73,19630
2007,Males,10,74,19054
2007,Males,10,75,18269
2007,Males,10,76,17666
2007,Males,10,77,16516
2007,Males,10,78,15248
2007,Males,10,79,14139
2007,Males,10,80,12858
2007,Males,10,81,11885
2007,Males,10,82,10450
2007,Males,10,83,9445
2007,Males,10,84,8483
2007,Males,10,85,7658
2007,Males,10,86,6801
2007,Males,10,87,5418
2007,Males,10,88,3799
2007,Males,10,89,2530
2007,Males,10,90,10069
2008,Males,1,0,47295
2008,Males,1,1,45186
2008,Males,1,2,43306
2008,Males,1,3,41155
2008,Males,1,4,39304
2008,Males,1,5,37927
2008,Males,1,6,36572
2008,Males,1,7,35963
2008,Males,1,8,36541
2008,Males,1,9,36410
2008,Males,1,10,37000
2008,Males,1,11,37828
2008,Males,1,12,37707
2008,Males,1,13,37238
2008,Males,1,14,37681
2008,Males,1,15,37007
2008,Males,1,16,36545
2008,Males,1,17,37201
2008,Males,1,18,37184
2008,Males,1,19,38936
2008,Males,1,20,39580
2008,Males,1,21,39174
2008,Males,1,22,39734
2008,Males,1,23,42085
2008,Males,1,24,41308
2008,Males,1,25,42333
2008,Males,1,26,41332
2008,Males,1,27,41299
2008,Males,1,28,41609
2008,Males,1,29,38385
2008,Males,1,30,36608
2008,Males,1,31,35529
2008,Males,1,32,35805
2008,Males,1,33,35464
2008,Males,1,34,35359
2008,Males,1,35,36200
2008,Males,1,36,37114
2008,Males,1,37,37152
2008,Males,1,38,36843
2008,Males,1,39,36845
2008,Males,1,40,37127
2008,Males,1,41,37100
2008,Males,1,42,35216
2008,Males,1,43,34962
2008,Males,1,44,34334
2008,Males,1,45,34373
2008,Males,1,46,33743
2008,Males,1,47,31649
2008,Males,1,48,30953
2008,Males,1,49,29812
2008,Males,1,50,29795
2008,Males,1,51,28652
2008,Males,1,52,27235
2008,Males,1,53,26090
2008,Males,1,54,25974
2008,Males,1,55,25981
2008,Males,1,56,25203
2008,Males,1,57,24569
2008,Males,1,58,25022
2008,Males,1,59,24943
2008,Males,1,60,25838
2008,Males,1,61,26600
2008,Males,1,62,20984
2008,Males,1,63,20191
2008,Males,1,64,19851
2008,Males,1,65,19128
2008,Males,1,66,17790
2008,Males,1,67,17103
2008,Males,1,68,17722
2008,Males,1,69,17210
2008,Males,1,70,16844
2008,Males,1,71,16187
2008,Males,1,72,15328
2008,Males,1,73,14440
2008,Males,1,74,13192
2008,Males,1,75,12751
2008,Males,1,76,12257
2008,Males,1,77,11740
2008,Males,1,78,10909
2008,Males,1,79,9752
2008,Males,1,80,8838
2008,Males,1,81,8408
2008,Males,1,82,7734
2008,Males,1,83,6699
2008,Males,1,84,5896
2008,Males,1,85,4934
2008,Males,1,86,4504
2008,Males,1,87,3932
2008,Males,1,88,3193
2008,Males,1,89,2449
2008,Males,1,90,6069
2008,Males,2,0,42366
2008,Males,2,1,40410
2008,Males,2,2,38918
2008,Males,2,3,36723
2008,Males,2,4,35048
2008,Males,2,5,34688
2008,Males,2,6,33066
2008,Males,2,7,32619
2008,Males,2,8,32976
2008,Males,2,9,33707
2008,Males,2,10,33920
2008,Males,2,11,34952
2008,Males,2,12,34849
2008,Males,2,13,34105
2008,Males,2,14,34938
2008,Males,2,15,34917
2008,Males,2,16,35550
2008,Males,2,17,37194
2008,Males,2,18,36118
2008,Males,2,19,37347
2008,Males,2,20,38473
2008,Males,2,21,38712
2008,Males,2,22,41045
2008,Males,2,23,42744
2008,Males,2,24,42520
2008,Males,2,25,43256
2008,Males,2,26,43027
2008,Males,2,27,44332
2008,Males,2,28,44337
2008,Males,2,29,41938
2008,Males,2,30,38829
2008,Males,2,31,37460
2008,Males,2,32,37985
2008,Males,2,33,37386
2008,Males,2,34,37489
2008,Males,2,35,38130
2008,Males,2,36,38599
2008,Males,2,37,39307
2008,Males,2,38,39011
2008,Males,2,39,38668
2008,Males,2,40,38689
2008,Males,2,41,38502
2008,Males,2,42,37346
2008,Males,2,43,36686
2008,Males,2,44,35977
2008,Males,2,45,35389
2008,Males,2,46,34145
2008,Males,2,47,32772
2008,Males,2,48,31391
2008,Males,2,49,30676
2008,Males,2,50,30013
2008,Males,2,51,28868
2008,Males,2,52,27220
2008,Males,2,53,25913
2008,Males,2,54,25919
2008,Males,2,55,25530
2008,Males,2,56,24980
2008,Males,2,57,24307
2008,Males,2,58,24438
2008,Males,2,59,24498
2008,Males,2,60,25740
2008,Males,2,61,27023
2008,Males,2,62,21296
2008,Males,2,63,20191
2008,Males,2,64,19938
2008,Males,2,65,19260
2008,Males,2,66,17746
2008,Males,2,67,16733
2008,Males,2,68,17377
2008,Males,2,69,17109
2008,Males,2,70,16710
2008,Males,2,71,15929
2008,Males,2,72,15118
2008,Males,2,73,14276
2008,Males,2,74,13345
2008,Males,2,75,12797
2008,Males,2,76,12513
2008,Males,2,77,12025
2008,Males,2,78,11189
2008,Males,2,79,10183
2008,Males,2,80,9374
2008,Males,2,81,8844
2008,Males,2,82,7970
2008,Males,2,83,7183
2008,Males,2,84,6308
2008,Males,2,85,5642
2008,Males,2,86,5298
2008,Males,2,87,4212
2008,Males,2,88,3607
2008,Males,2,89,2639
2008,Males,2,90,6888
2008,Males,3,0,39236
2008,Males,3,1,36870
2008,Males,3,2,35125
2008,Males,3,3,33197
2008,Males,3,4,31671
2008,Males,3,5,30558
2008,Males,3,6,29686
2008,Males,3,7,29364
2008,Males,3,8,29857
2008,Males,3,9,30656
2008,Males,3,10,31121
2008,Males,3,11,32136
2008,Males,3,12,32304
2008,Males,3,13,31846
2008,Males,3,14,32367
2008,Males,3,15,33026
2008,Males,3,16,34479
2008,Males,3,17,36011
2008,Males,3,18,35556
2008,Males,3,19,36536
2008,Males,3,20,39963
2008,Males,3,21,39973
2008,Males,3,22,42043
2008,Males,3,23,44255
2008,Males,3,24,44542
2008,Males,3,25,44785
2008,Males,3,26,44733
2008,Males,3,27,46008
2008,Males,3,28,46384
2008,Males,3,29,43994
2008,Males,3,30,40212
2008,Males,3,31,38579
2008,Males,3,32,38837
2008,Males,3,33,38283
2008,Males,3,34,38138
2008,Males,3,35,38777
2008,Males,3,36,39555
2008,Males,3,37,40118
2008,Males,3,38,39542
2008,Males,3,39,39073
2008,Males,3,40,39088
2008,Males,3,41,39470
2008,Males,3,42,38165
2008,Males,3,43,37732
2008,Males,3,44,37111
2008,Males,3,45,35835
2008,Males,3,46,35074
2008,Males,3,47,33640
2008,Males,3,48,32751
2008,Males,3,49,31552
2008,Males,3,50,30745
2008,Males,3,51,29499
2008,Males,3,52,28394
2008,Males,3,53,27381
2008,Males,3,54,27088
2008,Males,3,55,26605
2008,Males,3,56,25944
2008,Males,3,57,26087
2008,Males,3,58,26135
2008,Males,3,59,26369
2008,Males,3,60,27351
2008,Males,3,61,29343
2008,Males,3,62,22972
2008,Males,3,63,22214
2008,Males,3,64,21915
2008,Males,3,65,20620
2008,Males,3,66,18752
2008,Males,3,67,17574
2008,Males,3,68,18055
2008,Males,3,69,18030
2008,Males,3,70,17558
2008,Males,3,71,16968
2008,Males,3,72,16172
2008,Males,3,73,15577
2008,Males,3,74,14413
2008,Males,3,75,13673
2008,Males,3,76,13266
2008,Males,3,77,12806
2008,Males,3,78,11804
2008,Males,3,79,10872
2008,Males,3,80,10300
2008,Males,3,81,9479
2008,Males,3,82,8419
2008,Males,3,83,7871
2008,Males,3,84,7156
2008,Males,3,85,6109
2008,Males,3,86,5442
2008,Males,3,87,4622
2008,Males,3,88,3853
2008,Males,3,89,2898
2008,Males,3,90,7631
2008,Males,4,0,35495
2008,Males,4,1,33193
2008,Males,4,2,31622
2008,Males,4,3,30373
2008,Males,4,4,29416
2008,Males,4,5,27907
2008,Males,4,6,27010
2008,Males,4,7,27686
2008,Males,4,8,28449
2008,Males,4,9,29539
2008,Males,4,10,29487
2008,Males,4,11,30689
2008,Males,4,12,30926
2008,Males,4,13,30251
2008,Males,4,14,31187
2008,Males,4,15,31824
2008,Males,4,16,33577
2008,Males,4,17,35178
2008,Males,4,18,34901
2008,Males,4,19,36923
2008,Males,4,20,39299
2008,Males,4,21,38814
2008,Males,4,22,40511
2008,Males,4,23,41965
2008,Males,4,24,41462
2008,Males,4,25,40900
2008,Males,4,26,41159
2008,Males,4,27,42849
2008,Males,4,28,43355
2008,Males,4,29,41415
2008,Males,4,30,38492
2008,Males,4,31,37472
2008,Males,4,32,37503
2008,Males,4,33,37753
2008,Males,4,34,37970
2008,Males,4,35,38454
2008,Males,4,36,39525
2008,Males,4,37,40063
2008,Males,4,38,38830
2008,Males,4,39,39374
2008,Males,4,40,38988
2008,Males,4,41,39345
2008,Males,4,42,39547
2008,Males,4,43,38621
2008,Males,4,44,38316
2008,Males,4,45,37097
2008,Males,4,46,35994
2008,Males,4,47,34916
2008,Males,4,48,33489
2008,Males,4,49,33058
2008,Males,4,50,32277
2008,Males,4,51,30712
2008,Males,4,52,30014
2008,Males,4,53,28958
2008,Males,4,54,28825
2008,Males,4,55,28529
2008,Males,4,56,27569
2008,Males,4,57,27985
2008,Males,4,58,28922
2008,Males,4,59,28992
2008,Males,4,60,30497
2008,Males,4,61,32818
2008,Males,4,62,25840
2008,Males,4,63,24904
2008,Males,4,64,24942
2008,Males,4,65,23750
2008,Males,4,66,21163
2008,Males,4,67,19615
2008,Males,4,68,20155
2008,Males,4,69,19995
2008,Males,4,70,19597
2008,Males,4,71,18602
2008,Males,4,72,17550
2008,Males,4,73,16805
2008,Males,4,74,15529
2008,Males,4,75,15158
2008,Males,4,76,14769
2008,Males,4,77,13906
2008,Males,4,78,13264
2008,Males,4,79,12186
2008,Males,4,80,11003
2008,Males,4,81,10289
2008,Males,4,82,9316
2008,Males,4,83,8289
2008,Males,4,84,7470
2008,Males,4,85,6602
2008,Males,4,86,5990
2008,Males,4,87,5193
2008,Males,4,88,4389
2008,Males,4,89,3158
2008,Males,4,90,8572
2008,Males,5,0,32054
2008,Males,5,1,30530
2008,Males,5,2,29390
2008,Males,5,3,28396
2008,Males,5,4,28048
2008,Males,5,5,27023
2008,Males,5,6,26269
2008,Males,5,7,26863
2008,Males,5,8,27780
2008,Males,5,9,28736
2008,Males,5,10,29515
2008,Males,5,11,30282
2008,Males,5,12,30142
2008,Males,5,13,29865
2008,Males,5,14,31282
2008,Males,5,15,31662
2008,Males,5,16,32478
2008,Males,5,17,33485
2008,Males,5,18,33471
2008,Males,5,19,33036
2008,Males,5,20,34777
2008,Males,5,21,34315
2008,Males,5,22,35693
2008,Males,5,23,36843
2008,Males,5,24,36962
2008,Males,5,25,37039
2008,Males,5,26,36854
2008,Males,5,27,38621
2008,Males,5,28,38910
2008,Males,5,29,37543
2008,Males,5,30,34831
2008,Males,5,31,33990
2008,Males,5,32,34774
2008,Males,5,33,34662
2008,Males,5,34,35139
2008,Males,5,35,36504
2008,Males,5,36,37624
2008,Males,5,37,39003
2008,Males,5,38,37919
2008,Males,5,39,38584
2008,Males,5,40,38499
2008,Males,5,41,39576
2008,Males,5,42,39275
2008,Males,5,43,39495
2008,Males,5,44,38874
2008,Males,5,45,37960
2008,Males,5,46,36933
2008,Males,5,47,36354
2008,Males,5,48,34992
2008,Males,5,49,34060
2008,Males,5,50,33599
2008,Males,5,51,31996
2008,Males,5,52,31267
2008,Males,5,53,30091
2008,Males,5,54,30175
2008,Males,5,55,30085
2008,Males,5,56,29414
2008,Males,5,57,29989
2008,Males,5,58,30534
2008,Males,5,59,31720
2008,Males,5,60,33820
2008,Males,5,61,36188
2008,Males,5,62,28273
2008,Males,5,63,27933
2008,Males,5,64,27524
2008,Males,5,65,25894
2008,Males,5,66,23188
2008,Males,5,67,21291
2008,Males,5,68,22112
2008,Males,5,69,21615
2008,Males,5,70,21266
2008,Males,5,71,20216
2008,Males,5,72,19413
2008,Males,5,73,18378
2008,Males,5,74,17235
2008,Males,5,75,16329
2008,Males,5,76,16336
2008,Males,5,77,15214
2008,Males,5,78,14260
2008,Males,5,79,13004
2008,Males,5,80,11962
2008,Males,5,81,11167
2008,Males,5,82,10217
2008,Males,5,83,9130
2008,Males,5,84,7955
2008,Males,5,85,7157
2008,Males,5,86,6560
2008,Males,5,87,5717
2008,Males,5,88,4587
2008,Males,5,89,3454
2008,Males,5,90,9459
2008,Males,6,0,30960
2008,Males,6,1,29931
2008,Males,6,2,28925
2008,Males,6,3,28164
2008,Males,6,4,27639
2008,Males,6,5,26738
2008,Males,6,6,26270
2008,Males,6,7,27010
2008,Males,6,8,27729
2008,Males,6,9,29138
2008,Males,6,10,29142
2008,Males,6,11,30295
2008,Males,6,12,30141
2008,Males,6,13,30415
2008,Males,6,14,31034
2008,Males,6,15,31191
2008,Males,6,16,31634
2008,Males,6,17,32778
2008,Males,6,18,32319
2008,Males,6,19,30577
2008,Males,6,20,31918
2008,Males,6,21,31645
2008,Males,6,22,33071
2008,Males,6,23,34329
2008,Males,6,24,33856
2008,Males,6,25,33752
2008,Males,6,26,34017
2008,Males,6,27,36138
2008,Males,6,28,36603
2008,Males,6,29,35455
2008,Males,6,30,32964
2008,Males,6,31,32457
2008,Males,6,32,33220
2008,Males,6,33,34193
2008,Males,6,34,34971
2008,Males,6,35,36274
2008,Males,6,36,38104
2008,Males,6,37,38948
2008,Males,6,38,38448
2008,Males,6,39,39098
2008,Males,6,40,39404
2008,Males,6,41,40442
2008,Males,6,42,39965
2008,Males,6,43,40154
2008,Males,6,44,39931
2008,Males,6,45,39140
2008,Males,6,46,38022
2008,Males,6,47,37423
2008,Males,6,48,35639
2008,Males,6,49,35409
2008,Males,6,50,34858
2008,Males,6,51,33540
2008,Males,6,52,32184
2008,Males,6,53,31551
2008,Males,6,54,31512
2008,Males,6,55,31466
2008,Males,6,56,30550
2008,Males,6,57,31358
2008,Males,6,58,31643
2008,Males,6,59,33649
2008,Males,6,60,35902
2008,Males,6,61,38319
2008,Males,6,62,30043
2008,Males,6,63,29699
2008,Males,6,64,29354
2008,Males,6,65,27824
2008,Males,6,66,24711
2008,Males,6,67,22086
2008,Males,6,68,23347
2008,Males,6,69,22867
2008,Males,6,70,22499
2008,Males,6,71,21528
2008,Males,6,72,20305
2008,Males,6,73,19464
2008,Males,6,74,17996
2008,Males,6,75,17357
2008,Males,6,76,16962
2008,Males,6,77,16040
2008,Males,6,78,14938
2008,Males,6,79,13940
2008,Males,6,80,12648
2008,Males,6,81,11670
2008,Males,6,82,10529
2008,Males,6,83,9397
2008,Males,6,84,8324
2008,Males,6,85,7509
2008,Males,6,86,6862
2008,Males,6,87,6215
2008,Males,6,88,4706
2008,Males,6,89,3465
2008,Males,6,90,9964
2008,Males,7,0,29617
2008,Males,7,1,28352
2008,Males,7,2,28335
2008,Males,7,3,27357
2008,Males,7,4,27396
2008,Males,7,5,26398
2008,Males,7,6,26091
2008,Males,7,7,27067
2008,Males,7,8,28456
2008,Males,7,9,28852
2008,Males,7,10,29621
2008,Males,7,11,30402
2008,Males,7,12,30282
2008,Males,7,13,30474
2008,Males,7,14,31617
2008,Males,7,15,31630
2008,Males,7,16,32905
2008,Males,7,17,34114
2008,Males,7,18,33000
2008,Males,7,19,32279
2008,Males,7,20,31932
2008,Males,7,21,30682
2008,Males,7,22,30915
2008,Males,7,23,31733
2008,Males,7,24,31072
2008,Males,7,25,31253
2008,Males,7,26,30931
2008,Males,7,27,32692
2008,Males,7,28,32870
2008,Males,7,29,31598
2008,Males,7,30,29750
2008,Males,7,31,29934
2008,Males,7,32,30596
2008,Males,7,33,31603
2008,Males,7,34,33086
2008,Males,7,35,35037
2008,Males,7,36,36783
2008,Males,7,37,38256
2008,Males,7,38,37730
2008,Males,7,39,38772
2008,Males,7,40,38630
2008,Males,7,41,40460
2008,Males,7,42,40483
2008,Males,7,43,40841
2008,Males,7,44,40135
2008,Males,7,45,39512
2008,Males,7,46,38889
2008,Males,7,47,37916
2008,Males,7,48,36584
2008,Males,7,49,36062
2008,Males,7,50,34982
2008,Males,7,51,34291
2008,Males,7,52,33065
2008,Males,7,53,32322
2008,Males,7,54,32693
2008,Males,7,55,32371
2008,Males,7,56,31498
2008,Males,7,57,32170
2008,Males,7,58,33100
2008,Males,7,59,34461
2008,Males,7,60,36829
2008,Males,7,61,40449
2008,Males,7,62,31875
2008,Males,7,63,30785
2008,Males,7,64,30674
2008,Males,7,65,28198
2008,Males,7,66,25294
2008,Males,7,67,22431
2008,Males,7,68,23384
2008,Males,7,69,23584
2008,Males,7,70,23155
2008,Males,7,71,21884
2008,Males,7,72,21132
2008,Males,7,73,20134
2008,Males,7,74,18666
2008,Males,7,75,17774
2008,Males,7,76,17553
2008,Males,7,77,16527
2008,Males,7,78,15227
2008,Males,7,79,14170
2008,Males,7,80,13108
2008,Males,7,81,11852
2008,Males,7,82,10889
2008,Males,7,83,9636
2008,Males,7,84,8515
2008,Males,7,85,7634
2008,Males,7,86,6875
2008,Males,7,87,5883
2008,Males,7,88,4702
2008,Males,7,89,3617
2008,Males,7,90,9842
2008,Males,8,0,29122
2008,Males,8,1,28656
2008,Males,8,2,28233
2008,Males,8,3,27893
2008,Males,8,4,28257
2008,Males,8,5,27034
2008,Males,8,6,26891
2008,Males,8,7,27463
2008,Males,8,8,28606
2008,Males,8,9,29677
2008,Males,8,10,30058
2008,Males,8,11,30606
2008,Males,8,12,30819
2008,Males,8,13,30809
2008,Males,8,14,31900
2008,Males,8,15,32031
2008,Males,8,16,33043
2008,Males,8,17,33554
2008,Males,8,18,33170
2008,Males,8,19,31196
2008,Males,8,20,30286
2008,Males,8,21,29182
2008,Males,8,22,28899
2008,Males,8,23,29747
2008,Males,8,24,29580
2008,Males,8,25,29745
2008,Males,8,26,29621
2008,Males,8,27,30535
2008,Males,8,28,31305
2008,Males,8,29,30451
2008,Males,8,30,28804
2008,Males,8,31,29027
2008,Males,8,32,29803
2008,Males,8,33,31342
2008,Males,8,34,32464
2008,Males,8,35,34547
2008,Males,8,36,36709
2008,Males,8,37,38568
2008,Males,8,38,37708
2008,Males,8,39,39125
2008,Males,8,40,39805
2008,Males,8,41,40174
2008,Males,8,42,41153
2008,Males,8,43,40730
2008,Males,8,44,40687
2008,Males,8,45,39693
2008,Males,8,46,38949
2008,Males,8,47,38680
2008,Males,8,48,36867
2008,Males,8,49,36071
2008,Males,8,50,35878
2008,Males,8,51,34219
2008,Males,8,52,33082
2008,Males,8,53,32296
2008,Males,8,54,32642
2008,Males,8,55,32414
2008,Males,8,56,31822
2008,Males,8,57,32261
2008,Males,8,58,33121
2008,Males,8,59,34889
2008,Males,8,60,37357
2008,Males,8,61,40656
2008,Males,8,62,31871
2008,Males,8,63,31164
2008,Males,8,64,30652
2008,Males,8,65,28440
2008,Males,8,66,25239
2008,Males,8,67,22415
2008,Males,8,68,23732
2008,Males,8,69,23495
2008,Males,8,70,22973
2008,Males,8,71,21921
2008,Males,8,72,21102
2008,Males,8,73,19893
2008,Males,8,74,18683
2008,Males,8,75,17828
2008,Males,8,76,17150
2008,Males,8,77,16905
2008,Males,8,78,15379
2008,Males,8,79,13844
2008,Males,8,80,12700
2008,Males,8,81,11794
2008,Males,8,82,10519
2008,Males,8,83,9445
2008,Males,8,84,8382
2008,Males,8,85,7483
2008,Males,8,86,6749
2008,Males,8,87,5834
2008,Males,8,88,4809
2008,Males,8,89,3434
2008,Males,8,90,10040
2008,Males,9,0,28832
2008,Males,9,1,28297
2008,Males,9,2,28704
2008,Males,9,3,28336
2008,Males,9,4,28528
2008,Males,9,5,28345
2008,Males,9,6,27571
2008,Males,9,7,28495
2008,Males,9,8,29924
2008,Males,9,9,30700
2008,Males,9,10,31210
2008,Males,9,11,32057
2008,Males,9,12,32093
2008,Males,9,13,32499
2008,Males,9,14,33241
2008,Males,9,15,33019
2008,Males,9,16,34486
2008,Males,9,17,34988
2008,Males,9,18,33780
2008,Males,9,19,32804
2008,Males,9,20,29695
2008,Males,9,21,27973
2008,Males,9,22,28086
2008,Males,9,23,28532
2008,Males,9,24,27769
2008,Males,9,25,27599
2008,Males,9,26,27061
2008,Males,9,27,27244
2008,Males,9,28,27921
2008,Males,9,29,27376
2008,Males,9,30,26603
2008,Males,9,31,27298
2008,Males,9,32,27715
2008,Males,9,33,29782
2008,Males,9,34,31251
2008,Males,9,35,34125
2008,Males,9,36,36247
2008,Males,9,37,38220
2008,Males,9,38,37946
2008,Males,9,39,39648
2008,Males,9,40,39668
2008,Males,9,41,41194
2008,Males,9,42,41415
2008,Males,9,43,41966
2008,Males,9,44,41950
2008,Males,9,45,40989
2008,Males,9,46,40265
2008,Males,9,47,39020
2008,Males,9,48,37596
2008,Males,9,49,37176
2008,Males,9,50,36997
2008,Males,9,51,35278
2008,Males,9,52,34194
2008,Males,9,53,32796
2008,Males,9,54,33601
2008,Males,9,55,32829
2008,Males,9,56,32346
2008,Males,9,57,32599
2008,Males,9,58,33461
2008,Males,9,59,35217
2008,Males,9,60,37800
2008,Males,9,61,41635
2008,Males,9,62,32210
2008,Males,9,63,31408
2008,Males,9,64,31662
2008,Males,9,65,28821
2008,Males,9,66,25182
2008,Males,9,67,22501
2008,Males,9,68,23461
2008,Males,9,69,23678
2008,Males,9,70,23019
2008,Males,9,71,22308
2008,Males,9,72,21198
2008,Males,9,73,20165
2008,Males,9,74,18662
2008,Males,9,75,18026
2008,Males,9,76,17807
2008,Males,9,77,16724
2008,Males,9,78,15906
2008,Males,9,79,14546
2008,Males,9,80,12883
2008,Males,9,81,11990
2008,Males,9,82,11248
2008,Males,9,83,9856
2008,Males,9,84,8635
2008,Males,9,85,7448
2008,Males,9,86,6709
2008,Males,9,87,5827
2008,Males,9,88,4695
2008,Males,9,89,3412
2008,Males,9,90,10009
2008,Males,10,0,26904
2008,Males,10,1,27948
2008,Males,10,2,28392
2008,Males,10,3,29034
2008,Males,10,4,30175
2008,Males,10,5,29673
2008,Males,10,6,29595
2008,Males,10,7,30505
2008,Males,10,8,31432
2008,Males,10,9,32933
2008,Males,10,10,33230
2008,Males,10,11,33933
2008,Males,10,12,34072
2008,Males,10,13,34117
2008,Males,10,14,35334
2008,Males,10,15,34702
2008,Males,10,16,34312
2008,Males,10,17,34659
2008,Males,10,18,33074
2008,Males,10,19,29107
2008,Males,10,20,25815
2008,Males,10,21,23512
2008,Males,10,22,24872
2008,Males,10,23,25184
2008,Males,10,24,24056
2008,Males,10,25,22911
2008,Males,10,26,22493
2008,Males,10,27,21713
2008,Males,10,28,22407
2008,Males,10,29,22115
2008,Males,10,30,22725
2008,Males,10,31,23218
2008,Males,10,32,24001
2008,Males,10,33,26395
2008,Males,10,34,28532
2008,Males,10,35,31533
2008,Males,10,36,34375
2008,Males,10,37,36103
2008,Males,10,38,36692
2008,Males,10,39,38657
2008,Males,10,40,39516
2008,Males,10,41,40740
2008,Males,10,42,41339
2008,Males,10,43,42721
2008,Males,10,44,42485
2008,Males,10,45,42017
2008,Males,10,46,41485
2008,Males,10,47,40579
2008,Males,10,48,39186
2008,Males,10,49,38777
2008,Males,10,50,37603
2008,Males,10,51,36410
2008,Males,10,52,35550
2008,Males,10,53,34085
2008,Males,10,54,34205
2008,Males,10,55,33508
2008,Males,10,56,32880
2008,Males,10,57,33076
2008,Males,10,58,33905
2008,Males,10,59,35171
2008,Males,10,60,38448
2008,Males,10,61,42024
2008,Males,10,62,32524
2008,Males,10,63,31833
2008,Males,10,64,31472
2008,Males,10,65,28846
2008,Males,10,66,24879
2008,Males,10,67,22211
2008,Males,10,68,23310
2008,Males,10,69,23484
2008,Males,10,70,22994
2008,Males,10,71,21994
2008,Males,10,72,21092
2008,Males,10,73,20414
2008,Males,10,74,19237
2008,Males,10,75,18637
2008,Males,10,76,17773
2008,Males,10,77,17107
2008,Males,10,78,15982
2008,Males,10,79,14651
2008,Males,10,80,13245
2008,Males,10,81,12223
2008,Males,10,82,11118
2008,Males,10,83,9748
2008,Males,10,84,8750
2008,Males,10,85,7730
2008,Males,10,86,6797
2008,Males,10,87,5923
2008,Males,10,88,4630
2008,Males,10,89,3374
2008,Males,10,90,9998
2009,Males,1,0,46790
2009,Males,1,1,46470
2009,Males,1,2,44523
2009,Males,1,3,42545
2009,Males,1,4,40167
2009,Males,1,5,38784
2009,Males,1,6,37285
2009,Males,1,7,35995
2009,Males,1,8,35627
2009,Males,1,9,36097
2009,Males,1,10,36341
2009,Males,1,11,36842
2009,Males,1,12,37514
2009,Males,1,13,37754
2009,Males,1,14,37029
2009,Males,1,15,37229
2009,Males,1,16,37183
2009,Males,1,17,36432
2009,Males,1,18,37863
2009,Males,1,19,39415
2009,Males,1,20,37989
2009,Males,1,21,39292
2009,Males,1,22,38474
2009,Males,1,23,39619
2009,Males,1,24,41781
2009,Males,1,25,42094
2009,Males,1,26,41801
2009,Males,1,27,41054
2009,Males,1,28,41099
2009,Males,1,29,41467
2009,Males,1,30,39026
2009,Males,1,31,36785
2009,Males,1,32,35628
2009,Males,1,33,35809
2009,Males,1,34,35491
2009,Males,1,35,34907
2009,Males,1,36,35970
2009,Males,1,37,36925
2009,Males,1,38,36884
2009,Males,1,39,36422
2009,Males,1,40,37181
2009,Males,1,41,36919
2009,Males,1,42,36852
2009,Males,1,43,34928
2009,Males,1,44,34514
2009,Males,1,45,34977
2009,Males,1,46,34246
2009,Males,1,47,33585
2009,Males,1,48,31543
2009,Males,1,49,30845
2009,Males,1,50,30045
2009,Males,1,51,29586
2009,Males,1,52,28376
2009,Males,1,53,27216
2009,Males,1,54,25800
2009,Males,1,55,26080
2009,Males,1,56,25639
2009,Males,1,57,24902
2009,Males,1,58,24261
2009,Males,1,59,24645
2009,Males,1,60,24472
2009,Males,1,61,25259
2009,Males,1,62,26175
2009,Males,1,63,20568
2009,Males,1,64,19785
2009,Males,1,65,19532
2009,Males,1,66,18534
2009,Males,1,67,17321
2009,Males,1,68,16468
2009,Males,1,69,17121
2009,Males,1,70,16412
2009,Males,1,71,16111
2009,Males,1,72,15484
2009,Males,1,73,14596
2009,Males,1,74,13723
2009,Males,1,75,12481
2009,Males,1,76,11915
2009,Males,1,77,11484
2009,Males,1,78,10969
2009,Males,1,79,10107
2009,Males,1,80,8969
2009,Males,1,81,8063
2009,Males,1,82,7517
2009,Males,1,83,6943
2009,Males,1,84,5936
2009,Males,1,85,4998
2009,Males,1,86,4313
2009,Males,1,87,3849
2009,Males,1,88,3260
2009,Males,1,89,2627
2009,Males,1,90,6641
2009,Males,2,0,42657
2009,Males,2,1,42003
2009,Males,2,2,39874
2009,Males,2,3,38774
2009,Males,2,4,36457
2009,Males,2,5,34753
2009,Males,2,6,34410
2009,Males,2,7,32926
2009,Males,2,8,32481
2009,Males,2,9,32871
2009,Males,2,10,33772
2009,Males,2,11,33905
2009,Males,2,12,35011
2009,Males,2,13,34948
2009,Males,2,14,34294
2009,Males,2,15,35143
2009,Males,2,16,35257
2009,Males,2,17,35886
2009,Males,2,18,38065
2009,Males,2,19,38710
2009,Males,2,20,38151
2009,Males,2,21,39267
2009,Males,2,22,39322
2009,Males,2,23,41672
2009,Males,2,24,43295
2009,Males,2,25,43743
2009,Males,2,26,43692
2009,Males,2,27,43559
2009,Males,2,28,44617
2009,Males,2,29,44624
2009,Males,2,30,42682
2009,Males,2,31,39153
2009,Males,2,32,37567
2009,Males,2,33,38010
2009,Males,2,34,37479
2009,Males,2,35,37101
2009,Males,2,36,37889
2009,Males,2,37,38266
2009,Males,2,38,38950
2009,Males,2,39,38637
2009,Males,2,40,38579
2009,Males,2,41,38415
2009,Males,2,42,38197
2009,Males,2,43,37062
2009,Males,2,44,36536
2009,Males,2,45,35936
2009,Males,2,46,35303
2009,Males,2,47,34100
2009,Males,2,48,32727
2009,Males,2,49,31257
2009,Males,2,50,30876
2009,Males,2,51,29833
2009,Males,2,52,28799
2009,Males,2,53,27015
2009,Males,2,54,25780
2009,Males,2,55,25893
2009,Males,2,56,25224
2009,Males,2,57,24584
2009,Males,2,58,24096
2009,Males,2,59,24097
2009,Males,2,60,24299
2009,Males,2,61,25321
2009,Males,2,62,26690
2009,Males,2,63,20931
2009,Males,2,64,19788
2009,Males,2,65,19570
2009,Males,2,66,18836
2009,Males,2,67,17266
2009,Males,2,68,16170
2009,Males,2,69,16916
2009,Males,2,70,16429
2009,Males,2,71,16176
2009,Males,2,72,15334
2009,Males,2,73,14520
2009,Males,2,74,13664
2009,Males,2,75,12771
2009,Males,2,76,12137
2009,Males,2,77,11771
2009,Males,2,78,11202
2009,Males,2,79,10332
2009,Males,2,80,9515
2009,Males,2,81,8570
2009,Males,2,82,8036
2009,Males,2,83,7177
2009,Males,2,84,6430
2009,Males,2,85,5701
2009,Males,2,86,4821
2009,Males,2,87,4552
2009,Males,2,88,3493
2009,Males,2,89,3001
2009,Males,2,90,7454
2009,Males,3,0,38813
2009,Males,3,1,38714
2009,Males,3,2,36560
2009,Males,3,3,34978
2009,Males,3,4,32904
2009,Males,3,5,31579
2009,Males,3,6,30494
2009,Males,3,7,29561
2009,Males,3,8,29431
2009,Males,3,9,30015
2009,Males,3,10,30745
2009,Males,3,11,31297
2009,Males,3,12,32222
2009,Males,3,13,32575
2009,Males,3,14,32028
2009,Males,3,15,32749
2009,Males,3,16,33503
2009,Males,3,17,35068
2009,Males,3,18,37320
2009,Males,3,19,38588
2009,Males,3,20,39473
2009,Males,3,21,40931
2009,Males,3,22,40556
2009,Males,3,23,42894
2009,Males,3,24,45629
2009,Males,3,25,45087
2009,Males,3,26,45438
2009,Males,3,27,45574
2009,Males,3,28,46594
2009,Males,3,29,46748
2009,Males,3,30,44129
2009,Males,3,31,40531
2009,Males,3,32,38783
2009,Males,3,33,39047
2009,Males,3,34,38346
2009,Males,3,35,37779
2009,Males,3,36,38428
2009,Males,3,37,39227
2009,Males,3,38,39945
2009,Males,3,39,39119
2009,Males,3,40,38984
2009,Males,3,41,38836
2009,Males,3,42,39109
2009,Males,3,43,38018
2009,Males,3,44,37474
2009,Males,3,45,37197
2009,Males,3,46,35724
2009,Males,3,47,35057
2009,Males,3,48,33589
2009,Males,3,49,32770
2009,Males,3,50,31523
2009,Males,3,51,30641
2009,Males,3,52,29347
2009,Males,3,53,28278
2009,Males,3,54,27333
2009,Males,3,55,27066
2009,Males,3,56,26526
2009,Males,3,57,25794
2009,Males,3,58,25969
2009,Males,3,59,25859
2009,Males,3,60,26109
2009,Males,3,61,27017
2009,Males,3,62,29076
2009,Males,3,63,22659
2009,Males,3,64,21887
2009,Males,3,65,21647
2009,Males,3,66,20247
2009,Males,3,67,18400
2009,Males,3,68,17189
2009,Males,3,69,17601
2009,Males,3,70,17608
2009,Males,3,71,17068
2009,Males,3,72,16380
2009,Males,3,73,15622
2009,Males,3,74,15019
2009,Males,3,75,13724
2009,Males,3,76,13032
2009,Males,3,77,12595
2009,Males,3,78,12102
2009,Males,3,79,11012
2009,Males,3,80,10186
2009,Males,3,81,9456
2009,Males,3,82,8608
2009,Males,3,83,7669
2009,Males,3,84,7061
2009,Males,3,85,6148
2009,Males,3,86,5337
2009,Males,3,87,4662
2009,Males,3,88,3918
2009,Males,3,89,3188
2009,Males,3,90,8188
2009,Males,4,0,35423
2009,Males,4,1,35108
2009,Males,4,2,32905
2009,Males,4,3,31621
2009,Males,4,4,30151
2009,Males,4,5,29432
2009,Males,4,6,27963
2009,Males,4,7,27123
2009,Males,4,8,27813
2009,Males,4,9,28596
2009,Males,4,10,29823
2009,Males,4,11,29599
2009,Males,4,12,30850
2009,Males,4,13,31219
2009,Males,4,14,30277
2009,Males,4,15,31528
2009,Males,4,16,32112
2009,Males,4,17,34137
2009,Males,4,18,36662
2009,Males,4,19,38212
2009,Males,4,20,40413
2009,Males,4,21,40183
2009,Males,4,22,38748
2009,Males,4,23,40989
2009,Males,4,24,42431
2009,Males,4,25,41446
2009,Males,4,26,41740
2009,Males,4,27,41941
2009,Males,4,28,43750
2009,Males,4,29,44126
2009,Males,4,30,41871
2009,Males,4,31,38961
2009,Males,4,32,37832
2009,Males,4,33,37851
2009,Males,4,34,37843
2009,Males,4,35,37220
2009,Males,4,36,38368
2009,Males,4,37,39194
2009,Males,4,38,39849
2009,Males,4,39,38615
2009,Males,4,40,39252
2009,Males,4,41,38874
2009,Males,4,42,39375
2009,Males,4,43,39487
2009,Males,4,44,38524
2009,Males,4,45,38138
2009,Males,4,46,37047
2009,Males,4,47,36045
2009,Males,4,48,34883
2009,Males,4,49,33492
2009,Males,4,50,33162
2009,Males,4,51,32311
2009,Males,4,52,30590
2009,Males,4,53,29944
2009,Males,4,54,28884
2009,Males,4,55,28687
2009,Males,4,56,28418
2009,Males,4,57,27385
2009,Males,4,58,27851
2009,Males,4,59,28779
2009,Males,4,60,28689
2009,Males,4,61,30191
2009,Males,4,62,32617
2009,Males,4,63,25625
2009,Males,4,64,24528
2009,Males,4,65,24725
2009,Males,4,66,23410
2009,Males,4,67,20788
2009,Males,4,68,19187
2009,Males,4,69,19768
2009,Males,4,70,19555
2009,Males,4,71,19132
2009,Males,4,72,18056
2009,Males,4,73,16983
2009,Males,4,74,16245
2009,Males,4,75,15110
2009,Males,4,76,14525
2009,Males,4,77,14072
2009,Males,4,78,13199
2009,Males,4,79,12438
2009,Males,4,80,11424
2009,Males,4,81,10267
2009,Males,4,82,9537
2009,Males,4,83,8498
2009,Males,4,84,7432
2009,Males,4,85,6610
2009,Males,4,86,5817
2009,Males,4,87,5200
2009,Males,4,88,4354
2009,Males,4,89,3504
2009,Males,4,90,9086
2009,Males,5,0,32570
2009,Males,5,1,32036
2009,Males,5,2,30541
2009,Males,5,3,29476
2009,Males,5,4,28493
2009,Males,5,5,28189
2009,Males,5,6,27256
2009,Males,5,7,26513
2009,Males,5,8,27131
2009,Males,5,9,28101
2009,Males,5,10,28979
2009,Males,5,11,29829
2009,Males,5,12,30661
2009,Males,5,13,30465
2009,Males,5,14,30185
2009,Males,5,15,31868
2009,Males,5,16,31898
2009,Males,5,17,32630
2009,Males,5,18,33965
2009,Males,5,19,34510
2009,Males,5,20,34815
2009,Males,5,21,35155
2009,Males,5,22,34620
2009,Males,5,23,35979
2009,Males,5,24,37846
2009,Males,5,25,36953
2009,Males,5,26,37227
2009,Males,5,27,37357
2009,Males,5,28,39190
2009,Males,5,29,39229
2009,Males,5,30,37680
2009,Males,5,31,35364
2009,Males,5,32,34475
2009,Males,5,33,35001
2009,Males,5,34,34933
2009,Males,5,35,34749
2009,Males,5,36,36395
2009,Males,5,37,37631
2009,Males,5,38,38791
2009,Males,5,39,37691
2009,Males,5,40,38610
2009,Males,5,41,38526
2009,Males,5,42,39449
2009,Males,5,43,39119
2009,Males,5,44,39508
2009,Males,5,45,38538
2009,Males,5,46,37913
2009,Males,5,47,36963
2009,Males,5,48,36331
2009,Males,5,49,35077
2009,Males,5,50,33900
2009,Males,5,51,33580
2009,Males,5,52,31979
2009,Males,5,53,31158
2009,Males,5,54,30070
2009,Males,5,55,30109
2009,Males,5,56,30004
2009,Males,5,57,29288
2009,Males,5,58,29875
2009,Males,5,59,30408
2009,Males,5,60,31489
2009,Males,5,61,33647
2009,Males,5,62,36076
2009,Males,5,63,28072
2009,Males,5,64,27637
2009,Males,5,65,27237
2009,Males,5,66,25604
2009,Males,5,67,22963
2009,Males,5,68,20972
2009,Males,5,69,21716
2009,Males,5,70,21161
2009,Males,5,71,20807
2009,Males,5,72,19734
2009,Males,5,73,18944
2009,Males,5,74,17875
2009,Males,5,75,16608
2009,Males,5,76,15701
2009,Males,5,77,15613
2009,Males,5,78,14497
2009,Males,5,79,13474
2009,Males,5,80,12212
2009,Males,5,81,11156
2009,Males,5,82,10270
2009,Males,5,83,9440
2009,Males,5,84,8175
2009,Males,5,85,7251
2009,Males,5,86,6305
2009,Males,5,87,5678
2009,Males,5,88,4826
2009,Males,5,89,3770
2009,Males,5,90,10118
2009,Males,6,0,31596
2009,Males,6,1,31075
2009,Males,6,2,30008
2009,Males,6,3,29086
2009,Males,6,4,28284
2009,Males,6,5,27736
2009,Males,6,6,27140
2009,Males,6,7,26592
2009,Males,6,8,27523
2009,Males,6,9,28267
2009,Males,6,10,29348
2009,Males,6,11,29480
2009,Males,6,12,30604
2009,Males,6,13,30399
2009,Males,6,14,30632
2009,Males,6,15,31622
2009,Males,6,16,31433
2009,Males,6,17,31647
2009,Males,6,18,33031
2009,Males,6,19,31717
2009,Males,6,20,31641
2009,Males,6,21,32354
2009,Males,6,22,32155
2009,Males,6,23,33580
2009,Males,6,24,34889
2009,Males,6,25,33986
2009,Males,6,26,34512
2009,Males,6,27,34373
2009,Males,6,28,36546
2009,Males,6,29,37094
2009,Males,6,30,35647
2009,Males,6,31,33488
2009,Males,6,32,33064
2009,Males,6,33,33617
2009,Males,6,34,34496
2009,Males,6,35,34923
2009,Males,6,36,36426
2009,Males,6,37,38107
2009,Males,6,38,38903
2009,Males,6,39,38384
2009,Males,6,40,39222
2009,Males,6,41,39288
2009,Males,6,42,40294
2009,Males,6,43,40080
2009,Males,6,44,40204
2009,Males,6,45,39945
2009,Males,6,46,39130
2009,Males,6,47,38263
2009,Males,6,48,37484
2009,Males,6,49,35661
2009,Males,6,50,35177
2009,Males,6,51,34770
2009,Males,6,52,33535
2009,Males,6,53,32230
2009,Males,6,54,31494
2009,Males,6,55,31382
2009,Males,6,56,31509
2009,Males,6,57,30563
2009,Males,6,58,31163
2009,Males,6,59,31475
2009,Males,6,60,33484
2009,Males,6,61,35592
2009,Males,6,62,38281
2009,Males,6,63,29743
2009,Males,6,64,29327
2009,Males,6,65,29095
2009,Males,6,66,27467
2009,Males,6,67,24347
2009,Males,6,68,21754
2009,Males,6,69,22970
2009,Males,6,70,22312
2009,Males,6,71,22127
2009,Males,6,72,20993
2009,Males,6,73,19773
2009,Males,6,74,18888
2009,Males,6,75,17304
2009,Males,6,76,16764
2009,Males,6,77,16235
2009,Males,6,78,15338
2009,Males,6,79,14298
2009,Males,6,80,13159
2009,Males,6,81,11823
2009,Males,6,82,10795
2009,Males,6,83,9681
2009,Males,6,84,8485
2009,Males,6,85,7589
2009,Males,6,86,6552
2009,Males,6,87,5937
2009,Males,6,88,5321
2009,Males,6,89,3904
2009,Males,6,90,10674
2009,Males,7,0,28892
2009,Males,7,1,29765
2009,Males,7,2,28586
2009,Males,7,3,28524
2009,Males,7,4,27570
2009,Males,7,5,27447
2009,Males,7,6,26519
2009,Males,7,7,26291
2009,Males,7,8,27284
2009,Males,7,9,28653
2009,Males,7,10,29162
2009,Males,7,11,29881
2009,Males,7,12,30660
2009,Males,7,13,30630
2009,Males,7,14,30912
2009,Males,7,15,32004
2009,Males,7,16,32022
2009,Males,7,17,33303
2009,Males,7,18,34372
2009,Males,7,19,32953
2009,Males,7,20,31731
2009,Males,7,21,31459
2009,Males,7,22,30071
2009,Males,7,23,30668
2009,Males,7,24,31816
2009,Males,7,25,30654
2009,Males,7,26,31305
2009,Males,7,27,31170
2009,Males,7,28,32780
2009,Males,7,29,33331
2009,Males,7,30,31962
2009,Males,7,31,30101
2009,Males,7,32,30437
2009,Males,7,33,30984
2009,Males,7,34,31729
2009,Males,7,35,33046
2009,Males,7,36,34916
2009,Males,7,37,36736
2009,Males,7,38,38417
2009,Males,7,39,37759
2009,Males,7,40,38712
2009,Males,7,41,38886
2009,Males,7,42,40556
2009,Males,7,43,40521
2009,Males,7,44,40871
2009,Males,7,45,40234
2009,Males,7,46,39482
2009,Males,7,47,38962
2009,Males,7,48,38006
2009,Males,7,49,36650
2009,Males,7,50,35902
2009,Males,7,51,34979
2009,Males,7,52,34351
2009,Males,7,53,33118
2009,Males,7,54,32169
2009,Males,7,55,32431
2009,Males,7,56,32240
2009,Males,7,57,31338
2009,Males,7,58,31974
2009,Males,7,59,32945
2009,Males,7,60,34217
2009,Males,7,61,36636
2009,Males,7,62,40268
2009,Males,7,63,31485
2009,Males,7,64,30572
2009,Males,7,65,30378
2009,Males,7,66,27971
2009,Males,7,67,25088
2009,Males,7,68,21995
2009,Males,7,69,22926
2009,Males,7,70,23436
2009,Males,7,71,22702
2009,Males,7,72,21418
2009,Males,7,73,20637
2009,Males,7,74,19584
2009,Males,7,75,18039
2009,Males,7,76,17199
2009,Males,7,77,16836
2009,Males,7,78,15852
2009,Males,7,79,14497
2009,Males,7,80,13444
2009,Males,7,81,12227
2009,Males,7,82,11047
2009,Males,7,83,10005
2009,Males,7,84,8854
2009,Males,7,85,7729
2009,Males,7,86,6858
2009,Males,7,87,6042
2009,Males,7,88,4976
2009,Males,7,89,3923
2009,Males,7,90,10587
2009,Males,8,0,28422
2009,Males,8,1,29332
2009,Males,8,2,29044
2009,Males,8,3,28611
2009,Males,8,4,28164
2009,Males,8,5,28306
2009,Males,8,6,27267
2009,Males,8,7,27045
2009,Males,8,8,27796
2009,Males,8,9,28886
2009,Males,8,10,29989
2009,Males,8,11,30400
2009,Males,8,12,31100
2009,Males,8,13,31007
2009,Males,8,14,31085
2009,Males,8,15,32457
2009,Males,8,16,32316
2009,Males,8,17,33564
2009,Males,8,18,33525
2009,Males,8,19,31888
2009,Males,8,20,30359
2009,Males,8,21,30286
2009,Males,8,22,29142
2009,Males,8,23,29373
2009,Males,8,24,29943
2009,Males,8,25,29640
2009,Males,8,26,29760
2009,Males,8,27,29753
2009,Males,8,28,30672
2009,Males,8,29,31555
2009,Males,8,30,30870
2009,Males,8,31,29185
2009,Males,8,32,29244
2009,Males,8,33,30133
2009,Males,8,34,31844
2009,Males,8,35,32740
2009,Males,8,36,34611
2009,Males,8,37,36921
2009,Males,8,38,38599
2009,Males,8,39,37908
2009,Males,8,40,39070
2009,Males,8,41,39949
2009,Males,8,42,40507
2009,Males,8,43,41127
2009,Males,8,44,40846
2009,Males,8,45,40533
2009,Males,8,46,39864
2009,Males,8,47,39047
2009,Males,8,48,38634
2009,Males,8,49,36816
2009,Males,8,50,36000
2009,Males,8,51,35771
2009,Males,8,52,34176
2009,Males,8,53,33064
2009,Males,8,54,32247
2009,Males,8,55,32536
2009,Males,8,56,32385
2009,Males,8,57,31678
2009,Males,8,58,32161
2009,Males,8,59,32920
2009,Males,8,60,34745
2009,Males,8,61,37063
2009,Males,8,62,40508
2009,Males,8,63,31627
2009,Males,8,64,30826
2009,Males,8,65,30495
2009,Males,8,66,28128
2009,Males,8,67,24953
2009,Males,8,68,22166
2009,Males,8,69,23371
2009,Males,8,70,23295
2009,Males,8,71,22485
2009,Males,8,72,21460
2009,Males,8,73,20501
2009,Males,8,74,19397
2009,Males,8,75,18168
2009,Males,8,76,17169
2009,Males,8,77,16587
2009,Males,8,78,16162
2009,Males,8,79,14656
2009,Males,8,80,13169
2009,Males,8,81,11878
2009,Males,8,82,11012
2009,Males,8,83,9671
2009,Males,8,84,8576
2009,Males,8,85,7550
2009,Males,8,86,6716
2009,Males,8,87,5958
2009,Males,8,88,5031
2009,Males,8,89,4010
2009,Males,8,90,10749
2009,Males,9,0,28023
2009,Males,9,1,28916
2009,Males,9,2,28772
2009,Males,9,3,29182
2009,Males,9,4,28794
2009,Males,9,5,28871
2009,Males,9,6,28451
2009,Males,9,7,27883
2009,Males,9,8,28715
2009,Males,9,9,30229
2009,Males,9,10,31024
2009,Males,9,11,31483
2009,Males,9,12,32446
2009,Males,9,13,32350
2009,Males,9,14,32655
2009,Males,9,15,33964
2009,Males,9,16,33612
2009,Males,9,17,34961
2009,Males,9,18,34811
2009,Males,9,19,32571
2009,Males,9,20,29787
2009,Males,9,21,29139
2009,Males,9,22,28006
2009,Males,9,23,28124
2009,Males,9,24,28252
2009,Males,9,25,27162
2009,Males,9,26,27122
2009,Males,9,27,26750
2009,Males,9,28,27011
2009,Males,9,29,28077
2009,Males,9,30,28115
2009,Males,9,31,26916
2009,Males,9,32,27643
2009,Males,9,33,28229
2009,Males,9,34,30135
2009,Males,9,35,32063
2009,Males,9,36,34452
2009,Males,9,37,36611
2009,Males,9,38,38595
2009,Males,9,39,38131
2009,Males,9,40,39753
2009,Males,9,41,39852
2009,Males,9,42,41321
2009,Males,9,43,41626
2009,Males,9,44,42147
2009,Males,9,45,41609
2009,Males,9,46,41067
2009,Males,9,47,40275
2009,Males,9,48,39054
2009,Males,9,49,37721
2009,Males,9,50,37060
2009,Males,9,51,36888
2009,Males,9,52,35184
2009,Males,9,53,34318
2009,Males,9,54,32671
2009,Males,9,55,33313
2009,Males,9,56,32644
2009,Males,9,57,32187
2009,Males,9,58,32460
2009,Males,9,59,33259
2009,Males,9,60,34977
2009,Males,9,61,37503
2009,Males,9,62,41489
2009,Males,9,63,31950
2009,Males,9,64,31110
2009,Males,9,65,31362
2009,Males,9,66,28577
2009,Males,9,67,24834
2009,Males,9,68,22266
2009,Males,9,69,23175
2009,Males,9,70,23338
2009,Males,9,71,22735
2009,Males,9,72,21983
2009,Males,9,73,20814
2009,Males,9,74,19674
2009,Males,9,75,18313
2009,Males,9,76,17491
2009,Males,9,77,17233
2009,Males,9,78,16078
2009,Males,9,79,15221
2009,Males,9,80,13590
2009,Males,9,81,12128
2009,Males,9,82,11222
2009,Males,9,83,10457
2009,Males,9,84,9040
2009,Males,9,85,7737
2009,Males,9,86,6699
2009,Males,9,87,5936
2009,Males,9,88,5078
2009,Males,9,89,3868
2009,Males,9,90,10776
2009,Males,10,0,25921
2009,Males,10,1,27903
2009,Males,10,2,28842
2009,Males,10,3,29239
2009,Males,10,4,29598
2009,Males,10,5,30630
2009,Males,10,6,29948
2009,Males,10,7,29918
2009,Males,10,8,30908
2009,Males,10,9,31712
2009,Males,10,10,33222
2009,Males,10,11,33614
2009,Males,10,12,34175
2009,Males,10,13,34351
2009,Males,10,14,34252
2009,Males,10,15,35483
2009,Males,10,16,34822
2009,Males,10,17,34169
2009,Males,10,18,33603
2009,Males,10,19,28918
2009,Males,10,20,25316
2009,Males,10,21,25289
2009,Males,10,22,24133
2009,Males,10,23,25032
2009,Males,10,24,24479
2009,Males,10,25,22335
2009,Males,10,26,21811
2009,Males,10,27,21785
2009,Males,10,28,21202
2009,Males,10,29,22107
2009,Males,10,30,23270
2009,Males,10,31,22835
2009,Males,10,32,23881
2009,Males,10,33,24546
2009,Males,10,34,27109
2009,Males,10,35,29641
2009,Males,10,36,31944
2009,Males,10,37,34903
2009,Males,10,38,36859
2009,Males,10,39,37212
2009,Males,10,40,39058
2009,Males,10,41,39797
2009,Males,10,42,40918
2009,Males,10,43,41440
2009,Males,10,44,42737
2009,Males,10,45,42406
2009,Males,10,46,41970
2009,Males,10,47,41476
2009,Males,10,48,40496
2009,Males,10,49,38997
2009,Males,10,50,38516
2009,Males,10,51,37485
2009,Males,10,52,36219
2009,Males,10,53,35253
2009,Males,10,54,33925
2009,Males,10,55,33765
2009,Males,10,56,33382
2009,Males,10,57,32626
2009,Males,10,58,32817
2009,Males,10,59,33701
2009,Males,10,60,35017
2009,Males,10,61,38243
2009,Males,10,62,41800
2009,Males,10,63,32247
2009,Males,10,64,31482
2009,Males,10,65,31298
2009,Males,10,66,28682
2009,Males,10,67,24698
2009,Males,10,68,21870
2009,Males,10,69,23048
2009,Males,10,70,23179
2009,Males,10,71,22691
2009,Males,10,72,21618
2009,Males,10,73,20704
2009,Males,10,74,20020
2009,Males,10,75,18831
2009,Males,10,76,18101
2009,Males,10,77,17241
2009,Males,10,78,16565
2009,Males,10,79,15350
2009,Males,10,80,13860
2009,Males,10,81,12517
2009,Males,10,82,11446
2009,Males,10,83,10431
2009,Males,10,84,9003
2009,Males,10,85,8017
2009,Males,10,86,6947
2009,Males,10,87,6041
2009,Males,10,88,5011
2009,Males,10,89,3897
2009,Males,10,90,10706
2010,Males,1,0,46795
2010,Males,1,1,46054
2010,Males,1,2,45810
2010,Males,1,3,43973
2010,Males,1,4,42005
2010,Males,1,5,39833
2010,Males,1,6,38178
2010,Males,1,7,36709
2010,Males,1,8,35641
2010,Males,1,9,35374
2010,Males,1,10,35907
2010,Males,1,11,35973
2010,Males,1,12,36493
2010,Males,1,13,37319
2010,Males,1,14,37893
2010,Males,1,15,36599
2010,Males,1,16,37493
2010,Males,1,17,37490
2010,Males,1,18,37225
2010,Males,1,19,40518
2010,Males,1,20,39338
2010,Males,1,21,39095
2010,Males,1,22,39968
2010,Males,1,23,39018
2010,Males,1,24,40426
2010,Males,1,25,43136
2010,Males,1,26,41901
2010,Males,1,27,41660
2010,Males,1,28,41069
2010,Males,1,29,41135
2010,Males,1,30,41636
2010,Males,1,31,38621
2010,Males,1,32,36404
2010,Males,1,33,35397
2010,Males,1,34,35613
2010,Males,1,35,35188
2010,Males,1,36,34748
2010,Males,1,37,35783
2010,Males,1,38,36752
2010,Males,1,39,36593
2010,Males,1,40,36530
2010,Males,1,41,36824
2010,Males,1,42,36468
2010,Males,1,43,36319
2010,Males,1,44,34470
2010,Males,1,45,34963
2010,Males,1,46,34791
2010,Males,1,47,34068
2010,Males,1,48,33299
2010,Males,1,49,31401
2010,Males,1,50,31024
2010,Males,1,51,29714
2010,Males,1,52,29326
2010,Males,1,53,28052
2010,Males,1,54,26834
2010,Males,1,55,25873
2010,Males,1,56,25765
2010,Males,1,57,25287
2010,Males,1,58,24504
2010,Males,1,59,24030
2010,Males,1,60,24334
2010,Males,1,61,24011
2010,Males,1,62,24850
2010,Males,1,63,25842
2010,Males,1,64,20154
2010,Males,1,65,19373
2010,Males,1,66,19112
2010,Males,1,67,18098
2010,Males,1,68,16818
2010,Males,1,69,15872
2010,Males,1,70,16311
2010,Males,1,71,15817
2010,Males,1,72,15455
2010,Males,1,73,14810
2010,Males,1,74,13861
2010,Males,1,75,12939
2010,Males,1,76,11760
2010,Males,1,77,11170
2010,Males,1,78,10745
2010,Males,1,79,10209
2010,Males,1,80,9380
2010,Males,1,81,8237
2010,Males,1,82,7252
2010,Males,1,83,6772
2010,Males,1,84,6235
2010,Males,1,85,5111
2010,Males,1,86,4389
2010,Males,1,87,3732
2010,Males,1,88,3314
2010,Males,1,89,2670
2010,Males,1,90,7168
2010,Males,2,0,43554
2010,Males,2,1,42175
2010,Males,2,2,41678
2010,Males,2,3,39523
2010,Males,2,4,38459
2010,Males,2,5,36265
2010,Males,2,6,34557
2010,Males,2,7,34212
2010,Males,2,8,32667
2010,Males,2,9,32526
2010,Males,2,10,32976
2010,Males,2,11,33702
2010,Males,2,12,34110
2010,Males,2,13,35135
2010,Males,2,14,35042
2010,Males,2,15,34583
2010,Males,2,16,35599
2010,Males,2,17,35795
2010,Males,2,18,36845
2010,Males,2,19,41202
2010,Males,2,20,40860
2010,Males,2,21,40278
2010,Males,2,22,41268
2010,Males,2,23,41348
2010,Males,2,24,43449
2010,Males,2,25,45142
2010,Males,2,26,44457
2010,Males,2,27,44463
2010,Males,2,28,44254
2010,Males,2,29,45328
2010,Males,2,30,44795
2010,Males,2,31,42500
2010,Males,2,32,38932
2010,Males,2,33,37369
2010,Males,2,34,37720
2010,Males,2,35,36923
2010,Males,2,36,36814
2010,Males,2,37,37655
2010,Males,2,38,38080
2010,Males,2,39,38564
2010,Males,2,40,38341
2010,Males,2,41,38109
2010,Males,2,42,38069
2010,Males,2,43,37781
2010,Males,2,44,36538
2010,Males,2,45,36535
2010,Males,2,46,35903
2010,Males,2,47,35107
2010,Males,2,48,34157
2010,Males,2,49,32507
2010,Males,2,50,31449
2010,Males,2,51,30572
2010,Males,2,52,29514
2010,Males,2,53,28533
2010,Males,2,54,26842
2010,Males,2,55,25636
2010,Males,2,56,25540
2010,Males,2,57,25058
2010,Males,2,58,24396
2010,Males,2,59,23784
2010,Males,2,60,24091
2010,Males,2,61,23907
2010,Males,2,62,24938
2010,Males,2,63,26301
2010,Males,2,64,20553
2010,Males,2,65,19458
2010,Males,2,66,19199
2010,Males,2,67,18424
2010,Males,2,68,16891
2010,Males,2,69,15730
2010,Males,2,70,16362
2010,Males,2,71,15931
2010,Males,2,72,15551
2010,Males,2,73,14698
2010,Males,2,74,13872
2010,Males,2,75,13164
2010,Males,2,76,12193
2010,Males,2,77,11447
2010,Males,2,78,11046
2010,Males,2,79,10459
2010,Males,2,80,9656
2010,Males,2,81,8710
2010,Males,2,82,7751
2010,Males,2,83,7236
2010,Males,2,84,6485
2010,Males,2,85,5624
2010,Males,2,86,4985
2010,Males,2,87,4209
2010,Males,2,88,3822
2010,Males,2,89,2872
2010,Males,2,90,7964
2010,Males,3,0,39776
2010,Males,3,1,38417
2010,Males,3,2,38394
2010,Males,3,3,36290
2010,Males,3,4,34988
2010,Males,3,5,32767
2010,Males,3,6,31504
2010,Males,3,7,30597
2010,Males,3,8,29565
2010,Males,3,9,29532
2010,Males,3,10,30088
2010,Males,3,11,31048
2010,Males,3,12,31493
2010,Males,3,13,32380
2010,Males,3,14,32869
2010,Males,3,15,32513
2010,Males,3,16,33480
2010,Males,3,17,34071
2010,Males,3,18,36451
2010,Males,3,19,41054
2010,Males,3,20,43123
2010,Males,3,21,41821
2010,Males,3,22,43221
2010,Males,3,23,42671
2010,Males,3,24,45561
2010,Males,3,25,46618
2010,Males,3,26,46333
2010,Males,3,27,46837
2010,Males,3,28,46475
2010,Males,3,29,47567
2010,Males,3,30,46647
2010,Males,3,31,44317
2010,Males,3,32,40327
2010,Males,3,33,38628
2010,Males,3,34,38836
2010,Males,3,35,38035
2010,Males,3,36,37508
2010,Males,3,37,38171
2010,Males,3,38,38824
2010,Males,3,39,39803
2010,Males,3,40,38610
2010,Males,3,41,38471
2010,Males,3,42,38285
2010,Males,3,43,38563
2010,Males,3,44,37381
2010,Males,3,45,37544
2010,Males,3,46,37094
2010,Males,3,47,35771
2010,Males,3,48,35157
2010,Males,3,49,33682
2010,Males,3,50,32689
2010,Males,3,51,31345
2010,Males,3,52,30462
2010,Males,3,53,29207
2010,Males,3,54,28133
2010,Males,3,55,27217
2010,Males,3,56,26867
2010,Males,3,57,26408
2010,Males,3,58,25508
2010,Males,3,59,25718
2010,Males,3,60,25627
2010,Males,3,61,25733
2010,Males,3,62,26767
2010,Males,3,63,28838
2010,Males,3,64,22202
2010,Males,3,65,21647
2010,Males,3,66,21354
2010,Males,3,67,19906
2010,Males,3,68,18018
2010,Males,3,69,16730
2010,Males,3,70,17294
2010,Males,3,71,17108
2010,Males,3,72,16599
2010,Males,3,73,15787
2010,Males,3,74,15013
2010,Males,3,75,14305
2010,Males,3,76,13127
2010,Males,3,77,12401
2010,Males,3,78,11931
2010,Males,3,79,11409
2010,Males,3,80,10383
2010,Males,3,81,9460
2010,Males,3,82,8652
2010,Males,3,83,7846
2010,Males,3,84,6926
2010,Males,3,85,6055
2010,Males,3,86,5434
2010,Males,3,87,4707
2010,Males,3,88,4002
2010,Males,3,89,3249
2010,Males,3,90,8923
2010,Males,4,0,36309
2010,Males,4,1,34967
2010,Males,4,2,34904
2010,Males,4,3,32724
2010,Males,4,4,31496
2010,Males,4,5,30147
2010,Males,4,6,29281
2010,Males,4,7,28089
2010,Males,4,8,27250
2010,Males,4,9,27967
2010,Males,4,10,28882
2010,Males,4,11,29885
2010,Males,4,12,29683
2010,Males,4,13,31092
2010,Males,4,14,31290
2010,Males,4,15,30725
2010,Males,4,16,32040
2010,Males,4,17,32598
2010,Males,4,18,35608
2010,Males,4,19,40458
2010,Males,4,20,42939
2010,Males,4,21,42309
2010,Males,4,22,41421
2010,Males,4,23,40240
2010,Males,4,24,42877
2010,Males,4,25,42811
2010,Males,4,26,42409
2010,Males,4,27,42567
2010,Males,4,28,43057
2010,Males,4,29,44505
2010,Males,4,30,43922
2010,Males,4,31,41898
2010,Males,4,32,39022
2010,Males,4,33,37788
2010,Males,4,34,37524
2010,Males,4,35,37233
2010,Males,4,36,37017
2010,Males,4,37,38045
2010,Males,4,38,38921
2010,Males,4,39,39798
2010,Males,4,40,38245
2010,Males,4,41,38861
2010,Males,4,42,38607
2010,Males,4,43,38936
2010,Males,4,44,39307
2010,Males,4,45,38343
2010,Males,4,46,38080
2010,Males,4,47,37152
2010,Males,4,48,36221
2010,Males,4,49,34798
2010,Males,4,50,33503
2010,Males,4,51,33076
2010,Males,4,52,32110
2010,Males,4,53,30506
2010,Males,4,54,29793
2010,Males,4,55,28691
2010,Males,4,56,28562
2010,Males,4,57,28267
2010,Males,4,58,27239
2010,Males,4,59,27610
2010,Males,4,60,28434
2010,Males,4,61,28522
2010,Males,4,62,29896
2010,Males,4,63,32419
2010,Males,4,64,25419
2010,Males,4,65,24189
2010,Males,4,66,24449
2010,Males,4,67,23151
2010,Males,4,68,20545
2010,Males,4,69,18816
2010,Males,4,70,19350
2010,Males,4,71,19072
2010,Males,4,72,18628
2010,Males,4,73,17495
2010,Males,4,74,16370
2010,Males,4,75,15834
2010,Males,4,76,14428
2010,Males,4,77,13894
2010,Males,4,78,13456
2010,Males,4,79,12555
2010,Males,4,80,11720
2010,Males,4,81,10664
2010,Males,4,82,9493
2010,Males,4,83,8768
2010,Males,4,84,7759
2010,Males,4,85,6689
2010,Males,4,86,5852
2010,Males,4,87,5082
2010,Males,4,88,4455
2010,Males,4,89,3641
2010,Males,4,90,10011
2010,Males,5,0,33307
2010,Males,5,1,32091
2010,Males,5,2,31935
2010,Males,5,3,30696
2010,Males,5,4,29644
2010,Males,5,5,28605
2010,Males,5,6,28338
2010,Males,5,7,27183
2010,Males,5,8,26719
2010,Males,5,9,27250
2010,Males,5,10,28377
2010,Males,5,11,29333
2010,Males,5,12,30043
2010,Males,5,13,30937
2010,Males,5,14,30703
2010,Males,5,15,30725
2010,Males,5,16,32263
2010,Males,5,17,32232
2010,Males,5,18,33291
2010,Males,5,19,35164
2010,Males,5,20,37298
2010,Males,5,21,36125
2010,Males,5,22,36244
2010,Males,5,23,35641
2010,Males,5,24,37639
2010,Males,5,25,38222
2010,Males,5,26,37379
2010,Males,5,27,38058
2010,Males,5,28,38090
2010,Males,5,29,39797
2010,Males,5,30,39228
2010,Males,5,31,37935
2010,Males,5,32,35140
2010,Males,5,33,34611
2010,Males,5,34,34851
2010,Males,5,35,34538
2010,Males,5,36,34788
2010,Males,5,37,36340
2010,Males,5,38,37531
2010,Males,5,39,38619
2010,Males,5,40,37578
2010,Males,5,41,38314
2010,Males,5,42,38180
2010,Males,5,43,39088
2010,Males,5,44,38969
2010,Males,5,45,39131
2010,Males,5,46,38609
2010,Males,5,47,37917
2010,Males,5,48,37155
2010,Males,5,49,36451
2010,Males,5,50,34706
2010,Males,5,51,33863
2010,Males,5,52,33556
2010,Males,5,53,31980
2010,Males,5,54,31043
2010,Males,5,55,30049
2010,Males,5,56,29982
2010,Males,5,57,29916
2010,Males,5,58,29124
2010,Males,5,59,29829
2010,Males,5,60,30246
2010,Males,5,61,31352
2010,Males,5,62,33490
2010,Males,5,63,35851
2010,Males,5,64,27873
2010,Males,5,65,27404
2010,Males,5,66,26979
2010,Males,5,67,25342
2010,Males,5,68,22663
2010,Males,5,69,20616
2010,Males,5,70,21208
2010,Males,5,71,20718
2010,Males,5,72,20276
2010,Males,5,73,19311
2010,Males,5,74,18394
2010,Males,5,75,17353
2010,Males,5,76,16096
2010,Males,5,77,14988
2010,Males,5,78,14924
2010,Males,5,79,13673
2010,Males,5,80,12832
2010,Males,5,81,11378
2010,Males,5,82,10398
2010,Males,5,83,9470
2010,Males,5,84,8455
2010,Males,5,85,7451
2010,Males,5,86,6454
2010,Males,5,87,5461
2010,Males,5,88,4918
2010,Males,5,89,4019
2010,Males,5,90,10925
2010,Males,6,0,31800
2010,Males,6,1,31461
2010,Males,6,2,31105
2010,Males,6,3,30100
2010,Males,6,4,29318
2010,Males,6,5,28340
2010,Males,6,6,27778
2010,Males,6,7,27100
2010,Males,6,8,26664
2010,Males,6,9,27745
2010,Males,6,10,28485
2010,Males,6,11,29697
2010,Males,6,12,29745
2010,Males,6,13,30957
2010,Males,6,14,30721
2010,Males,6,15,31075
2010,Males,6,16,31949
2010,Males,6,17,31605
2010,Males,6,18,31992
2010,Males,6,19,32567
2010,Males,6,20,32898
2010,Males,6,21,32431
2010,Males,6,22,33596
2010,Males,6,23,33256
2010,Males,6,24,34599
2010,Males,6,25,34841
2010,Males,6,26,34549
2010,Males,6,27,34783
2010,Males,6,28,35242
2010,Males,6,29,37108
2010,Males,6,30,36646
2010,Males,6,31,35709
2010,Males,6,32,33725
2010,Males,6,33,32834
2010,Males,6,34,33646
2010,Males,6,35,34641
2010,Males,6,36,34753
2010,Males,6,37,36429
2010,Males,6,38,38074
2010,Males,6,39,38915
2010,Males,6,40,38238
2010,Males,6,41,38814
2010,Males,6,42,39111
2010,Males,6,43,40140
2010,Males,6,44,40030
2010,Males,6,45,40270
2010,Males,6,46,39968
2010,Males,6,47,39198
2010,Males,6,48,38252
2010,Males,6,49,37617
2010,Males,6,50,35403
2010,Males,6,51,35113
2010,Males,6,52,34655
2010,Males,6,53,33360
2010,Males,6,54,32162
2010,Males,6,55,31471
2010,Males,6,56,31337
2010,Males,6,57,31503
2010,Males,6,58,30430
2010,Males,6,59,30995
2010,Males,6,60,31363
2010,Males,6,61,33331
2010,Males,6,62,35325
2010,Males,6,63,38241
2010,Males,6,64,29540
2010,Males,6,65,29144
2010,Males,6,66,28892
2010,Males,6,67,27117
2010,Males,6,68,24087
2010,Males,6,69,21389
2010,Males,6,70,22497
2010,Males,6,71,21947
2010,Males,6,72,21699
2010,Males,6,73,20472
2010,Males,6,74,19258
2010,Males,6,75,18265
2010,Males,6,76,16672
2010,Males,6,77,16099
2010,Males,6,78,15591
2010,Males,6,79,14534
2010,Males,6,80,13565
2010,Males,6,81,12383
2010,Males,6,82,11086
2010,Males,6,83,9902
2010,Males,6,84,8854
2010,Males,6,85,7808
2010,Males,6,86,6739
2010,Males,6,87,5760
2010,Males,6,88,5149
2010,Males,6,89,4481
2010,Males,6,90,11737
2010,Males,7,0,29451
2010,Males,7,1,29023
2010,Males,7,2,29920
2010,Males,7,3,28912
2010,Males,7,4,28948
2010,Males,7,5,27754
2010,Males,7,6,27658
2010,Males,7,7,26734
2010,Males,7,8,26510
2010,Males,7,9,27470
2010,Males,7,10,28927
2010,Males,7,11,29585
2010,Males,7,12,30246
2010,Males,7,13,31002
2010,Males,7,14,30995
2010,Males,7,15,31413
2010,Males,7,16,32342
2010,Males,7,17,32453
2010,Males,7,18,33533
2010,Males,7,19,34094
2010,Males,7,20,32672
2010,Males,7,21,32257
2010,Males,7,22,31818
2010,Males,7,23,30667
2010,Males,7,24,31555
2010,Males,7,25,31647
2010,Males,7,26,30780
2010,Males,7,27,31544
2010,Males,7,28,31633
2010,Males,7,29,33193
2010,Males,7,30,33278
2010,Males,7,31,32338
2010,Males,7,32,30154
2010,Males,7,33,30434
2010,Males,7,34,31013
2010,Males,7,35,31808
2010,Males,7,36,33274
2010,Males,7,37,35189
2010,Males,7,38,36929
2010,Males,7,39,38686
2010,Males,7,40,37476
2010,Males,7,41,38859
2010,Males,7,42,38788
2010,Males,7,43,40409
2010,Males,7,44,40373
2010,Males,7,45,40782
2010,Males,7,46,40347
2010,Males,7,47,39619
2010,Males,7,48,39050
2010,Males,7,49,38047
2010,Males,7,50,36425
2010,Males,7,51,35976
2010,Males,7,52,34928
2010,Males,7,53,34281
2010,Males,7,54,33096
2010,Males,7,55,31991
2010,Males,7,56,32302
2010,Males,7,57,32272
2010,Males,7,58,31204
2010,Males,7,59,31841
2010,Males,7,60,32893
2010,Males,7,61,34213
2010,Males,7,62,36309
2010,Males,7,63,40106
2010,Males,7,64,31207
2010,Males,7,65,30203
2010,Males,7,66,30276
2010,Males,7,67,27714
2010,Males,7,68,24797
2010,Males,7,69,21753
2010,Males,7,70,22756
2010,Males,7,71,23007
2010,Males,7,72,22199
2010,Males,7,73,20970
2010,Males,7,74,20071
2010,Males,7,75,18963
2010,Males,7,76,17556
2010,Males,7,77,16650
2010,Males,7,78,16224
2010,Males,7,79,15078
2010,Males,7,80,13770
2010,Males,7,81,12600
2010,Males,7,82,11325
2010,Males,7,83,10193
2010,Males,7,84,9209
2010,Males,7,85,8044
2010,Males,7,86,6882
2010,Males,7,87,6119
2010,Males,7,88,5268
2010,Males,7,89,4235
2010,Males,7,90,11575
2010,Males,8,0,29151
2010,Males,8,1,28706
2010,Males,8,2,29544
2010,Males,8,3,29329
2010,Males,8,4,29131
2010,Males,8,5,28185
2010,Males,8,6,28465
2010,Males,8,7,27409
2010,Males,8,8,27342
2010,Males,8,9,28124
2010,Males,8,10,29037
2010,Males,8,11,30366
2010,Males,8,12,30809
2010,Males,8,13,31310
2010,Males,8,14,31363
2010,Males,8,15,31494
2010,Males,8,16,32858
2010,Males,8,17,32819
2010,Males,8,18,33499
2010,Males,8,19,32040
2010,Males,8,20,31363
2010,Males,8,21,30741
2010,Males,8,22,31046
2010,Males,8,23,29608
2010,Males,8,24,30149
2010,Males,8,25,29890
2010,Males,8,26,29780
2010,Males,8,27,29851
2010,Males,8,28,30064
2010,Males,8,29,30819
2010,Males,8,30,31821
2010,Males,8,31,30993
2010,Males,8,32,29372
2010,Males,8,33,29436
2010,Males,8,34,30407
2010,Males,8,35,31987
2010,Males,8,36,32931
2010,Males,8,37,34813
2010,Males,8,38,37207
2010,Males,8,39,38880
2010,Males,8,40,37701
2010,Males,8,41,39074
2010,Males,8,42,39947
2010,Males,8,43,40543
2010,Males,8,44,41051
2010,Males,8,45,40957
2010,Males,8,46,40501
2010,Males,8,47,39990
2010,Males,8,48,39168
2010,Males,8,49,38815
2010,Males,8,50,36739
2010,Males,8,51,35976
2010,Males,8,52,35611
2010,Males,8,53,34078
2010,Males,8,54,33062
2010,Males,8,55,32113
2010,Males,8,56,32514
2010,Males,8,57,32313
2010,Males,8,58,31579
2010,Males,8,59,32033
2010,Males,8,60,32723
2010,Males,8,61,34588
2010,Males,8,62,36754
2010,Males,8,63,40429
2010,Males,8,64,31411
2010,Males,8,65,30659
2010,Males,8,66,30279
2010,Males,8,67,27782
2010,Males,8,68,24635
2010,Males,8,69,21843
2010,Males,8,70,23031
2010,Males,8,71,22931
2010,Males,8,72,22186
2010,Males,8,73,21060
2010,Males,8,74,20110
2010,Males,8,75,18888
2010,Males,8,76,17579
2010,Males,8,77,16552
2010,Males,8,78,15900
2010,Males,8,79,15445
2010,Males,8,80,13802
2010,Males,8,81,12380
2010,Males,8,82,11155
2010,Males,8,83,10219
2010,Males,8,84,8863
2010,Males,8,85,7988
2010,Males,8,86,6823
2010,Males,8,87,5976
2010,Males,8,88,5249
2010,Males,8,89,4216
2010,Males,8,90,11883
2010,Males,9,0,28000
2010,Males,9,1,28414
2010,Males,9,2,29627
2010,Males,9,3,29238
2010,Males,9,4,29666
2010,Males,9,5,28983
2010,Males,9,6,28965
2010,Males,9,7,28657
2010,Males,9,8,28089
2010,Males,9,9,29011
2010,Males,9,10,30504
2010,Males,9,11,31148
2010,Males,9,12,31787
2010,Males,9,13,32656
2010,Males,9,14,32516
2010,Males,9,15,33230
2010,Males,9,16,34389
2010,Males,9,17,34008
2010,Males,9,18,34631
2010,Males,9,19,33517
2010,Males,9,20,29260
2010,Males,9,21,29362
2010,Males,9,22,29640
2010,Males,9,23,28529
2010,Males,9,24,28446
2010,Males,9,25,27894
2010,Males,9,26,26666
2010,Males,9,27,26684
2010,Males,9,28,26645
2010,Males,9,29,27269
2010,Males,9,30,28484
2010,Males,9,31,28402
2010,Males,9,32,27300
2010,Males,9,33,27922
2010,Males,9,34,28427
2010,Males,9,35,30838
2010,Males,9,36,32427
2010,Males,9,37,34815
2010,Males,9,38,36918
2010,Males,9,39,38899
2010,Males,9,40,37936
2010,Males,9,41,39845
2010,Males,9,42,39756
2010,Males,9,43,41340
2010,Males,9,44,41475
2010,Males,9,45,41784
2010,Males,9,46,41711
2010,Males,9,47,41108
2010,Males,9,48,40245
2010,Males,9,49,39063
2010,Males,9,50,37568
2010,Males,9,51,36941
2010,Males,9,52,36582
2010,Males,9,53,34898
2010,Males,9,54,34064
2010,Males,9,55,32419
2010,Males,9,56,33170
2010,Males,9,57,32507
2010,Males,9,58,31984
2010,Males,9,59,32338
2010,Males,9,60,33130
2010,Males,9,61,34774
2010,Males,9,62,37106
2010,Males,9,63,41413
2010,Males,9,64,31702
2010,Males,9,65,30875
2010,Males,9,66,31244
2010,Males,9,67,28357
2010,Males,9,68,24562
2010,Males,9,69,21974
2010,Males,9,70,22973
2010,Males,9,71,23026
2010,Males,9,72,22430
2010,Males,9,73,21521
2010,Males,9,74,20279
2010,Males,9,75,19335
2010,Males,9,76,17763
2010,Males,9,77,16864
2010,Males,9,78,16585
2010,Males,9,79,15409
2010,Males,9,80,14257
2010,Males,9,81,12838
2010,Males,9,82,11431
2010,Males,9,83,10548
2010,Males,9,84,9626
2010,Males,9,85,8185
2010,Males,9,86,7028
2010,Males,9,87,5873
2010,Males,9,88,5223
2010,Males,9,89,4292
2010,Males,9,90,11731
2010,Males,10,0,26048
2010,Males,10,1,27081
2010,Males,10,2,28990
2010,Males,10,3,29960
2010,Males,10,4,30179
2010,Males,10,5,29946
2010,Males,10,6,31078
2010,Males,10,7,30334
2010,Males,10,8,30123
2010,Males,10,9,31207
2010,Males,10,10,32132
2010,Males,10,11,33676
2010,Males,10,12,33852
2010,Males,10,13,34403
2010,Males,10,14,34559
2010,Males,10,15,34278
2010,Males,10,16,35795
2010,Males,10,17,34841
2010,Males,10,18,33376
2010,Males,10,19,29387
2010,Males,10,20,25051
2010,Males,10,21,24769
2010,Males,10,22,26029
2010,Males,10,23,24668
2010,Males,10,24,24946
2010,Males,10,25,23197
2010,Males,10,26,21540
2010,Males,10,27,21366
2010,Males,10,28,21496
2010,Males,10,29,21031
2010,Males,10,30,23070
2010,Males,10,31,23628
2010,Males,10,32,23356
2010,Males,10,33,24393
2010,Males,10,34,25290
2010,Males,10,35,28628
2010,Males,10,36,30447
2010,Males,10,37,32599
2010,Males,10,38,35694
2010,Males,10,39,37560
2010,Males,10,40,37347
2010,Males,10,41,39326
2010,Males,10,42,39797
2010,Males,10,43,41031
2010,Males,10,44,41427
2010,Males,10,45,42767
2010,Males,10,46,42526
2010,Males,10,47,41929
2010,Males,10,48,41477
2010,Males,10,49,40324
2010,Males,10,50,38630
2010,Males,10,51,38211
2010,Males,10,52,37220
2010,Males,10,53,35975
2010,Males,10,54,35023
2010,Males,10,55,33452
2010,Males,10,56,33537
2010,Males,10,57,33070
2010,Males,10,58,32280
2010,Males,10,59,32514
2010,Males,10,60,33318
2010,Males,10,61,34752
2010,Males,10,62,37921
2010,Males,10,63,41533
2010,Males,10,64,31861
2010,Males,10,65,31160
2010,Males,10,66,31175
2010,Males,10,67,28395
2010,Males,10,68,24547
2010,Males,10,69,21543
2010,Males,10,70,22828
2010,Males,10,71,22863
2010,Males,10,72,22367
2010,Males,10,73,21241
2010,Males,10,74,20392
2010,Males,10,75,19567
2010,Males,10,76,18333
2010,Males,10,77,17528
2010,Males,10,78,16695
2010,Males,10,79,15972
2010,Males,10,80,14689
2010,Males,10,81,13183
2010,Males,10,82,11778
2010,Males,10,83,10652
2010,Males,10,84,9660
2010,Males,10,85,8223
2010,Males,10,86,7200
2010,Males,10,87,6175
2010,Males,10,88,5295
2010,Males,10,89,4319
2010,Males,10,90,11592
2011,Males,1,0,47455
2011,Males,1,1,46610
2011,Males,1,2,45788
2011,Males,1,3,45340
2011,Males,1,4,43637
2011,Males,1,5,41913
2011,Males,1,6,39499
2011,Males,1,7,37617
2011,Males,1,8,36306
2011,Males,1,9,35207
2011,Males,1,10,35287
2011,Males,1,11,35754
2011,Males,1,12,35920
2011,Males,1,13,36515
2011,Males,1,14,37432
2011,Males,1,15,37726
2011,Males,1,16,36910
2011,Males,1,17,38258
2011,Males,1,18,38484
2011,Males,1,19,39605
2011,Males,1,20,40900
2011,Males,1,21,40664
2011,Males,1,22,39934
2011,Males,1,23,40966
2011,Males,1,24,39864
2011,Males,1,25,42044
2011,Males,1,26,43278
2011,Males,1,27,41897
2011,Males,1,28,41624
2011,Males,1,29,41282
2011,Males,1,30,41125
2011,Males,1,31,41278
2011,Males,1,32,38335
2011,Males,1,33,36275
2011,Males,1,34,35206
2011,Males,1,35,35190
2011,Males,1,36,34956
2011,Males,1,37,34519
2011,Males,1,38,35589
2011,Males,1,39,36590
2011,Males,1,40,36877
2011,Males,1,41,36014
2011,Males,1,42,36271
2011,Males,1,43,35922
2011,Males,1,44,35924
2011,Males,1,45,34780
2011,Males,1,46,34615
2011,Males,1,47,34538
2011,Males,1,48,33851
2011,Males,1,49,33260
2011,Males,1,50,31745
2011,Males,1,51,30698
2011,Males,1,52,29532
2011,Males,1,53,28972
2011,Males,1,54,27865
2011,Males,1,55,26807
2011,Males,1,56,25464
2011,Males,1,57,25390
2011,Males,1,58,24994
2011,Males,1,59,24122
2011,Males,1,60,23710
2011,Males,1,61,23839
2011,Males,1,62,23541
2011,Males,1,63,24337
2011,Males,1,64,25463
2011,Males,1,65,19762
2011,Males,1,66,18746
2011,Males,1,67,18621
2011,Males,1,68,17459
2011,Males,1,69,16271
2011,Males,1,70,15157
2011,Males,1,71,15643
2011,Males,1,72,15103
2011,Males,1,73,14741
2011,Males,1,74,14089
2011,Males,1,75,13126
2011,Males,1,76,12288
2011,Males,1,77,11094
2011,Males,1,78,10400
2011,Males,1,79,9984
2011,Males,1,80,9353
2011,Males,1,81,8574
2011,Males,1,82,7388
2011,Males,1,83,6503
2011,Males,1,84,6008
2011,Males,1,85,5359
2011,Males,1,86,4421
2011,Males,1,87,3787
2011,Males,1,88,3116
2011,Males,1,89,2715
2011,Males,1,90,7486
2011,Males,2,0,43664
2011,Males,2,1,42887
2011,Males,2,2,41958
2011,Males,2,3,41527
2011,Males,2,4,39502
2011,Males,2,5,38603
2011,Males,2,6,35970
2011,Males,2,7,34302
2011,Males,2,8,34039
2011,Males,2,9,32617
2011,Males,2,10,32714
2011,Males,2,11,33137
2011,Males,2,12,33877
2011,Males,2,13,34126
2011,Males,2,14,35180
2011,Males,2,15,35289
2011,Males,2,16,35091
2011,Males,2,17,36156
2011,Males,2,18,36818
2011,Males,2,19,39849
2011,Males,2,20,43385
2011,Males,2,21,43597
2011,Males,2,22,42864
2011,Males,2,23,43526
2011,Males,2,24,43461
2011,Males,2,25,45757
2011,Males,2,26,46471
2011,Males,2,27,45540
2011,Males,2,28,45495
2011,Males,2,29,45229
2011,Males,2,30,45454
2011,Males,2,31,45064
2011,Males,2,32,42483
2011,Males,2,33,38861
2011,Males,2,34,37446
2011,Males,2,35,37403
2011,Males,2,36,36738
2011,Males,2,37,36435
2011,Males,2,38,37384
2011,Males,2,39,37853
2011,Males,2,40,38374
2011,Males,2,41,37886
2011,Males,2,42,37673
2011,Males,2,43,37609
2011,Males,2,44,37261
2011,Males,2,45,36571
2011,Males,2,46,36345
2011,Males,2,47,35743
2011,Males,2,48,34915
2011,Males,2,49,34050
2011,Males,2,50,32629
2011,Males,2,51,31154
2011,Males,2,52,30305
2011,Males,2,53,29348
2011,Males,2,54,28255
2011,Males,2,55,26804
2011,Males,2,56,25401
2011,Males,2,57,25424
2011,Males,2,58,24764
2011,Males,2,59,24219
2011,Males,2,60,23677
2011,Males,2,61,23665
2011,Males,2,62,23501
2011,Males,2,63,24471
2011,Males,2,64,25886
2011,Males,2,65,20043
2011,Males,2,66,18893
2011,Males,2,67,18789
2011,Males,2,68,17892
2011,Males,2,69,16449
2011,Males,2,70,15166
2011,Males,2,71,15832
2011,Males,2,72,15437
2011,Males,2,73,15012
2011,Males,2,74,14098
2011,Males,2,75,13262
2011,Males,2,76,12489
2011,Males,2,77,11490
2011,Males,2,78,10766
2011,Males,2,79,10365
2011,Males,2,80,9739
2011,Males,2,81,8856
2011,Males,2,82,7934
2011,Males,2,83,7016
2011,Males,2,84,6434
2011,Males,2,85,5768
2011,Males,2,86,4940
2011,Males,2,87,4214
2011,Males,2,88,3618
2011,Males,2,89,3224
2011,Males,2,90,8394
2011,Males,3,0,40805
2011,Males,3,1,39029
2011,Males,3,2,37932
2011,Males,3,3,38113
2011,Males,3,4,36069
2011,Males,3,5,34935
2011,Males,3,6,32722
2011,Males,3,7,31493
2011,Males,3,8,30543
2011,Males,3,9,29584
2011,Males,3,10,29578
2011,Males,3,11,30284
2011,Males,3,12,31139
2011,Males,3,13,31826
2011,Males,3,14,32643
2011,Males,3,15,33341
2011,Males,3,16,33013
2011,Males,3,17,33945
2011,Males,3,18,35308
2011,Males,3,19,40460
2011,Males,3,20,45682
2011,Males,3,21,45592
2011,Males,3,22,44362
2011,Males,3,23,45493
2011,Males,3,24,44815
2011,Males,3,25,47241
2011,Males,3,26,48300
2011,Males,3,27,47695
2011,Males,3,28,48148
2011,Males,3,29,47736
2011,Males,3,30,47308
2011,Males,3,31,46970
2011,Males,3,32,44570
2011,Males,3,33,40498
2011,Males,3,34,38590
2011,Males,3,35,38692
2011,Males,3,36,37805
2011,Males,3,37,37271
2011,Males,3,38,38159
2011,Males,3,39,38558
2011,Males,3,40,39325
2011,Males,3,41,38092
2011,Males,3,42,38045
2011,Males,3,43,37726
2011,Males,3,44,38058
2011,Males,3,45,37253
2011,Males,3,46,37381
2011,Males,3,47,36931
2011,Males,3,48,35680
2011,Males,3,49,35064
2011,Males,3,50,33549
2011,Males,3,51,32554
2011,Males,3,52,31210
2011,Males,3,53,30275
2011,Males,3,54,29072
2011,Males,3,55,28056
2011,Males,3,56,27019
2011,Males,3,57,26561
2011,Males,3,58,26250
2011,Males,3,59,25319
2011,Males,3,60,25440
2011,Males,3,61,25299
2011,Males,3,62,25488
2011,Males,3,63,26332
2011,Males,3,64,28436
2011,Males,3,65,21856
2011,Males,3,66,21301
2011,Males,3,67,20912
2011,Males,3,68,19535
2011,Males,3,69,17616
2011,Males,3,70,16354
2011,Males,3,71,16711
2011,Males,3,72,16556
2011,Males,3,73,16099
2011,Males,3,74,15203
2011,Males,3,75,14448
2011,Males,3,76,13742
2011,Males,3,77,12563
2011,Males,3,78,11671
2011,Males,3,79,11211
2011,Males,3,80,10833
2011,Males,3,81,9688
2011,Males,3,82,8704
2011,Males,3,83,7867
2011,Males,3,84,7100
2011,Males,3,85,6132
2011,Males,3,86,5365
2011,Males,3,87,4768
2011,Males,3,88,4023
2011,Males,3,89,3415
2011,Males,3,90,9438
2011,Males,4,0,37139
2011,Males,4,1,35823
2011,Males,4,2,34612
2011,Males,4,3,34696
2011,Males,4,4,32604
2011,Males,4,5,31588
2011,Males,4,6,30106
2011,Males,4,7,29356
2011,Males,4,8,27859
2011,Males,4,9,27374
2011,Males,4,10,28268
2011,Males,4,11,29054
2011,Males,4,12,30131
2011,Males,4,13,29918
2011,Males,4,14,31241
2011,Males,4,15,31865
2011,Males,4,16,31186
2011,Males,4,17,32437
2011,Males,4,18,33976
2011,Males,4,19,39339
2011,Males,4,20,45077
2011,Males,4,21,45009
2011,Males,4,22,43111
2011,Males,4,23,42470
2011,Males,4,24,41241
2011,Males,4,25,43503
2011,Males,4,26,44297
2011,Males,4,27,43608
2011,Males,4,28,43822
2011,Males,4,29,44014
2011,Males,4,30,44507
2011,Males,4,31,44102
2011,Males,4,32,42194
2011,Males,4,33,39027
2011,Males,4,34,37537
2011,Males,4,35,36900
2011,Males,4,36,36932
2011,Males,4,37,36639
2011,Males,4,38,37948
2011,Males,4,39,39118
2011,Males,4,40,39351
2011,Males,4,41,38006
2011,Males,4,42,38478
2011,Males,4,43,38400
2011,Males,4,44,38572
2011,Males,4,45,38865
2011,Males,4,46,38371
2011,Males,4,47,38110
2011,Males,4,48,37095
2011,Males,4,49,36196
2011,Males,4,50,34845
2011,Males,4,51,33434
2011,Males,4,52,33009
2011,Males,4,53,31970
2011,Males,4,54,30303
2011,Males,4,55,29718
2011,Males,4,56,28666
2011,Males,4,57,28453
2011,Males,4,58,28207
2011,Males,4,59,27054
2011,Males,4,60,27288
2011,Males,4,61,28226
2011,Males,4,62,28361
2011,Males,4,63,29567
2011,Males,4,64,32269
2011,Males,4,65,25060
2011,Males,4,66,23947
2011,Males,4,67,24196
2011,Males,4,68,22764
2011,Males,4,69,20165
2011,Males,4,70,18306
2011,Males,4,71,18847
2011,Males,4,72,18602
2011,Males,4,73,18099
2011,Males,4,74,16945
2011,Males,4,75,15876
2011,Males,4,76,15272
2011,Males,4,77,13801
2011,Males,4,78,13152
2011,Males,4,79,12731
2011,Males,4,80,11823
2011,Males,4,81,10845
2011,Males,4,82,9892
2011,Males,4,83,8746
2011,Males,4,84,7903
2011,Males,4,85,6954
2011,Males,4,86,5946
2011,Males,4,87,5173
2011,Males,4,88,4390
2011,Males,4,89,3756
2011,Males,4,90,10696
2011,Males,5,0,33202
2011,Males,5,1,32815
2011,Males,5,2,31704
2011,Males,5,3,31799
2011,Males,5,4,30718
2011,Males,5,5,29793
2011,Males,5,6,28576
2011,Males,5,7,28454
2011,Males,5,8,27352
2011,Males,5,9,26784
2011,Males,5,10,27491
2011,Males,5,11,28514
2011,Males,5,12,29558
2011,Males,5,13,30229
2011,Males,5,14,31025
2011,Males,5,15,31113
2011,Males,5,16,31051
2011,Males,5,17,32524
2011,Males,5,18,32825
2011,Males,5,19,34526
2011,Males,5,20,38056
2011,Males,5,21,38688
2011,Males,5,22,37687
2011,Males,5,23,37816
2011,Males,5,24,37305
2011,Males,5,25,38371
2011,Males,5,26,39344
2011,Males,5,27,38628
2011,Males,5,28,39197
2011,Males,5,29,39121
2011,Males,5,30,39669
2011,Males,5,31,39695
2011,Males,5,32,38231
2011,Males,5,33,35208
2011,Males,5,34,34579
2011,Males,5,35,34308
2011,Males,5,36,34509
2011,Males,5,37,34663
2011,Males,5,38,36155
2011,Males,5,39,37549
2011,Males,5,40,38303
2011,Males,5,41,37326
2011,Males,5,42,38154
2011,Males,5,43,37923
2011,Males,5,44,38811
2011,Males,5,45,38466
2011,Males,5,46,39089
2011,Males,5,47,38590
2011,Males,5,48,38063
2011,Males,5,49,37173
2011,Males,5,50,36151
2011,Males,5,51,34790
2011,Males,5,52,33885
2011,Males,5,53,33479
2011,Males,5,54,31893
2011,Males,5,55,31076
2011,Males,5,56,30075
2011,Males,5,57,29930
2011,Males,5,58,29909
2011,Males,5,59,28947
2011,Males,5,60,29575
2011,Males,5,61,30100
2011,Males,5,62,31162
2011,Males,5,63,33161
2011,Males,5,64,35646
2011,Males,5,65,27559
2011,Males,5,66,27135
2011,Males,5,67,26716
2011,Males,5,68,25068
2011,Males,5,69,22301
2011,Males,5,70,20200
2011,Males,5,71,20724
2011,Males,5,72,20283
2011,Males,5,73,19771
2011,Males,5,74,18719
2011,Males,5,75,17747
2011,Males,5,76,16715
2011,Males,5,77,15464
2011,Males,5,78,14320
2011,Males,5,79,14145
2011,Males,5,80,13024
2011,Males,5,81,12020
2011,Males,5,82,10654
2011,Males,5,83,9590
2011,Males,5,84,8583
2011,Males,5,85,7688
2011,Males,5,86,6699
2011,Males,5,87,5698
2011,Males,5,88,4726
2011,Males,5,89,4130
2011,Males,5,90,11769
2011,Males,6,0,32584
2011,Males,6,1,31551
2011,Males,6,2,31370
2011,Males,6,3,31296
2011,Males,6,4,30329
2011,Males,6,5,29534
2011,Males,6,6,28444
2011,Males,6,7,27851
2011,Males,6,8,27265
2011,Males,6,9,26828
2011,Males,6,10,27917
2011,Males,6,11,28717
2011,Males,6,12,29872
2011,Males,6,13,30041
2011,Males,6,14,31127
2011,Males,6,15,31304
2011,Males,6,16,31361
2011,Males,6,17,32309
2011,Males,6,18,31941
2011,Males,6,19,31369
2011,Males,6,20,33444
2011,Males,6,21,33534
2011,Males,6,22,33756
2011,Males,6,23,34846
2011,Males,6,24,34316
2011,Males,6,25,35367
2011,Males,6,26,35822
2011,Males,6,27,35314
2011,Males,6,28,35677
2011,Males,6,29,36077
2011,Males,6,30,37056
2011,Males,6,31,37092
2011,Males,6,32,36129
2011,Males,6,33,33763
2011,Males,6,34,33086
2011,Males,6,35,33774
2011,Males,6,36,34619
2011,Males,6,37,34889
2011,Males,6,38,36435
2011,Males,6,39,37920
2011,Males,6,40,38840
2011,Males,6,41,38044
2011,Males,6,42,38740
2011,Males,6,43,38952
2011,Males,6,44,39930
2011,Males,6,45,40043
2011,Males,6,46,40359
2011,Males,6,47,39886
2011,Males,6,48,39097
2011,Males,6,49,38204
2011,Males,6,50,37299
2011,Males,6,51,35409
2011,Males,6,52,35098
2011,Males,6,53,34553
2011,Males,6,54,33261
2011,Males,6,55,32131
2011,Males,6,56,31446
2011,Males,6,57,31365
2011,Males,6,58,31369
2011,Males,6,59,30319
2011,Males,6,60,30802
2011,Males,6,61,31251
2011,Males,6,62,33193
2011,Males,6,63,35063
2011,Males,6,64,37870
2011,Males,6,65,29321
2011,Males,6,66,28670
2011,Males,6,67,28697
2011,Males,6,68,26825
2011,Males,6,69,23769
2011,Males,6,70,20949
2011,Males,6,71,22196
2011,Males,6,72,21405
2011,Males,6,73,21175
2011,Males,6,74,20022
2011,Males,6,75,18711
2011,Males,6,76,17689
2011,Males,6,77,16102
2011,Males,6,78,15423
2011,Males,6,79,14886
2011,Males,6,80,13854
2011,Males,6,81,12719
2011,Males,6,82,11465
2011,Males,6,83,10249
2011,Males,6,84,9165
2011,Males,6,85,8114
2011,Males,6,86,6992
2011,Males,6,87,5936
2011,Males,6,88,5029
2011,Males,6,89,4433
2011,Males,6,90,12795
2011,Males,7,0,29723
2011,Males,7,1,29226
2011,Males,7,2,29017
2011,Males,7,3,29936
2011,Males,7,4,29066
2011,Males,7,5,28984
2011,Males,7,6,27871
2011,Males,7,7,27770
2011,Males,7,8,26915
2011,Males,7,9,26744
2011,Males,7,10,27669
2011,Males,7,11,29052
2011,Males,7,12,29789
2011,Males,7,13,30435
2011,Males,7,14,31425
2011,Males,7,15,31506
2011,Males,7,16,31686
2011,Males,7,17,32726
2011,Males,7,18,32902
2011,Males,7,19,33336
2011,Males,7,20,34174
2011,Males,7,21,33139
2011,Males,7,22,32137
2011,Males,7,23,32066
2011,Males,7,24,31210
2011,Males,7,25,31730
2011,Males,7,26,31830
2011,Males,7,27,31298
2011,Males,7,28,32126
2011,Males,7,29,32460
2011,Males,7,30,33374
2011,Males,7,31,33510
2011,Males,7,32,32565
2011,Males,7,33,30374
2011,Males,7,34,30577
2011,Males,7,35,31195
2011,Males,7,36,31960
2011,Males,7,37,33393
2011,Males,7,38,35215
2011,Males,7,39,36929
2011,Males,7,40,38540
2011,Males,7,41,37381
2011,Males,7,42,38714
2011,Males,7,43,38704
2011,Males,7,44,40313
2011,Males,7,45,40250
2011,Males,7,46,40692
2011,Males,7,47,40452
2011,Males,7,48,39678
2011,Males,7,49,39039
2011,Males,7,50,37955
2011,Males,7,51,36467
2011,Males,7,52,35861
2011,Males,7,53,34782
2011,Males,7,54,34244
2011,Males,7,55,33012
2011,Males,7,56,31922
2011,Males,7,57,32160
2011,Males,7,58,32206
2011,Males,7,59,31016
2011,Males,7,60,31716
2011,Males,7,61,32697
2011,Males,7,62,34029
2011,Males,7,63,35987
2011,Males,7,64,39898
2011,Males,7,65,30718
2011,Males,7,66,29907
2011,Males,7,67,29998
2011,Males,7,68,27411
2011,Males,7,69,24373
2011,Males,7,70,21397
2011,Males,7,71,22312
2011,Males,7,72,22548
2011,Males,7,73,21720
2011,Males,7,74,20401
2011,Males,7,75,19441
2011,Males,7,76,18404
2011,Males,7,77,16946
2011,Males,7,78,15992
2011,Males,7,79,15490
2011,Males,7,80,14331
2011,Males,7,81,12982
2011,Males,7,82,11822
2011,Males,7,83,10448
2011,Males,7,84,9423
2011,Males,7,85,8365
2011,Males,7,86,7223
2011,Males,7,87,6085
2011,Males,7,88,5271
2011,Males,7,89,4534
2011,Males,7,90,12625
2011,Males,8,0,29121
2011,Males,8,1,29260
2011,Males,8,2,28972
2011,Males,8,3,29930
2011,Males,8,4,29705
2011,Males,8,5,29129
2011,Males,8,6,28346
2011,Males,8,7,28629
2011,Males,8,8,27619
2011,Males,8,9,27451
2011,Males,8,10,28288
2011,Males,8,11,29373
2011,Males,8,12,30546
2011,Males,8,13,31012
2011,Males,8,14,31657
2011,Males,8,15,31997
2011,Males,8,16,31882
2011,Males,8,17,33402
2011,Males,8,18,32771
2011,Males,8,19,31955
2011,Males,8,20,31164
2011,Males,8,21,31747
2011,Males,8,22,31389
2011,Males,8,23,31706
2011,Males,8,24,30438
2011,Males,8,25,30499
2011,Males,8,26,30263
2011,Males,8,27,30100
2011,Males,8,28,30315
2011,Males,8,29,30656
2011,Males,8,30,31158
2011,Males,8,31,32042
2011,Males,8,32,31467
2011,Males,8,33,29524
2011,Males,8,34,29855
2011,Males,8,35,30696
2011,Males,8,36,32249
2011,Males,8,37,33411
2011,Males,8,38,35164
2011,Males,8,39,37482
2011,Males,8,40,38779
2011,Males,8,41,37665
2011,Males,8,42,39067
2011,Males,8,43,39865
2011,Males,8,44,40465
2011,Males,8,45,40807
2011,Males,8,46,40916
2011,Males,8,47,40525
2011,Males,8,48,39995
2011,Males,8,49,39361
2011,Males,8,50,38554
2011,Males,8,51,36603
2011,Males,8,52,35895
2011,Males,8,53,35542
2011,Males,8,54,33915
2011,Males,8,55,32794
2011,Males,8,56,31943
2011,Males,8,57,32446
2011,Males,8,58,32241
2011,Males,8,59,31381
2011,Males,8,60,31812
2011,Males,8,61,32574
2011,Males,8,62,34284
2011,Males,8,63,36408
2011,Males,8,64,40295
2011,Males,8,65,31032
2011,Males,8,66,30367
2011,Males,8,67,30014
2011,Males,8,68,27529
2011,Males,8,69,24328
2011,Males,8,70,21557
2011,Males,8,71,22681
2011,Males,8,72,22548
2011,Males,8,73,21671
2011,Males,8,74,20603
2011,Males,8,75,19449
2011,Males,8,76,18343
2011,Males,8,77,16983
2011,Males,8,78,15997
2011,Males,8,79,15228
2011,Males,8,80,14594
2011,Males,8,81,13097
2011,Males,8,82,11721
2011,Males,8,83,10445
2011,Males,8,84,9449
2011,Males,8,85,8175
2011,Males,8,86,7145
2011,Males,8,87,6079
2011,Males,8,88,5241
2011,Males,8,89,4521
2011,Males,8,90,12856
2011,Males,9,0,28048
2011,Males,9,1,28361
2011,Males,9,2,28865
2011,Males,9,3,30215
2011,Males,9,4,29746
2011,Males,9,5,29990
2011,Males,9,6,29234
2011,Males,9,7,29024
2011,Males,9,8,28796
2011,Males,9,9,28254
2011,Males,9,10,29073
2011,Males,9,11,30735
2011,Males,9,12,31477
2011,Males,9,13,31959
2011,Males,9,14,32747
2011,Males,9,15,32972
2011,Males,9,16,33513
2011,Males,9,17,34950
2011,Males,9,18,34142
2011,Males,9,19,33811
2011,Males,9,20,30655
2011,Males,9,21,28771
2011,Males,9,22,29939
2011,Males,9,23,30234
2011,Males,9,24,28575
2011,Males,9,25,28079
2011,Males,9,26,27483
2011,Males,9,27,26277
2011,Males,9,28,26570
2011,Males,9,29,27035
2011,Males,9,30,27842
2011,Males,9,31,28934
2011,Males,9,32,28687
2011,Males,9,33,27753
2011,Males,9,34,28391
2011,Males,9,35,29258
2011,Males,9,36,31272
2011,Males,9,37,32814
2011,Males,9,38,35178
2011,Males,9,39,37320
2011,Males,9,40,38733
2011,Males,9,41,38068
2011,Males,9,42,39863
2011,Males,9,43,39709
2011,Males,9,44,41202
2011,Males,9,45,41227
2011,Males,9,46,41654
2011,Males,9,47,41738
2011,Males,9,48,40985
2011,Males,9,49,40215
2011,Males,9,50,38671
2011,Males,9,51,37491
2011,Males,9,52,36657
2011,Males,9,53,36445
2011,Males,9,54,34798
2011,Males,9,55,33826
2011,Males,9,56,32123
2011,Males,9,57,32892
2011,Males,9,58,32356
2011,Males,9,59,31744
2011,Males,9,60,32101
2011,Males,9,61,32799
2011,Males,9,62,34435
2011,Males,9,63,36802
2011,Males,9,64,41239
2011,Males,9,65,31276
2011,Males,9,66,30597
2011,Males,9,67,30954
2011,Males,9,68,28062
2011,Males,9,69,24291
2011,Males,9,70,21658
2011,Males,9,71,22514
2011,Males,9,72,22574
2011,Males,9,73,22008
2011,Males,9,74,21046
2011,Males,9,75,19917
2011,Males,9,76,18716
2011,Males,9,77,17183
2011,Males,9,78,16246
2011,Males,9,79,15902
2011,Males,9,80,14595
2011,Males,9,81,13644
2011,Males,9,82,12140
2011,Males,9,83,10651
2011,Males,9,84,9680
2011,Males,9,85,8724
2011,Males,9,86,7439
2011,Males,9,87,6281
2011,Males,9,88,5217
2011,Males,9,89,4500
2011,Males,9,90,12916
2011,Males,10,0,26151
2011,Males,10,1,27048
2011,Males,10,2,28111
2011,Males,10,3,29903
2011,Males,10,4,30756
2011,Males,10,5,30663
2011,Males,10,6,30306
2011,Males,10,7,31260
2011,Males,10,8,30601
2011,Males,10,9,30399
2011,Males,10,10,31532
2011,Males,10,11,32420
2011,Males,10,12,33908
2011,Males,10,13,34061
2011,Males,10,14,34593
2011,Males,10,15,34500
2011,Males,10,16,34531
2011,Males,10,17,36000
2011,Males,10,18,34125
2011,Males,10,19,28975
2011,Males,10,20,25328
2011,Males,10,21,24404
2011,Males,10,22,25968
2011,Males,10,23,26652
2011,Males,10,24,24391
2011,Males,10,25,23690
2011,Males,10,26,22387
2011,Males,10,27,20805
2011,Males,10,28,21066
2011,Males,10,29,21356
2011,Males,10,30,21957
2011,Males,10,31,23163
2011,Males,10,32,23986
2011,Males,10,33,23856
2011,Males,10,34,24929
2011,Males,10,35,26630
2011,Males,10,36,29269
2011,Males,10,37,31190
2011,Males,10,38,33291
2011,Males,10,39,36241
2011,Males,10,40,37936
2011,Males,10,41,37567
2011,Males,10,42,39552
2011,Males,10,43,39785
2011,Males,10,44,41123
2011,Males,10,45,41548
2011,Males,10,46,42675
2011,Males,10,47,42420
2011,Males,10,48,41958
2011,Males,10,49,41381
2011,Males,10,50,40011
2011,Males,10,51,38324
2011,Males,10,52,37900
2011,Males,10,53,36788
2011,Males,10,54,35543
2011,Males,10,55,34582
2011,Males,10,56,33076
2011,Males,10,57,33215
2011,Males,10,58,32737
2011,Males,10,59,31853
2011,Males,10,60,32276
2011,Males,10,61,32985
2011,Males,10,62,34343
2011,Males,10,63,37417
2011,Males,10,64,41282
2011,Males,10,65,31531
2011,Males,10,66,30746
2011,Males,10,67,30876
2011,Males,10,68,28027
2011,Males,10,69,24238
2011,Males,10,70,21173
2011,Males,10,71,22461
2011,Males,10,72,22535
2011,Males,10,73,21959
2011,Males,10,74,20768
2011,Males,10,75,19934
2011,Males,10,76,19077
2011,Males,10,77,17851
2011,Males,10,78,16973
2011,Males,10,79,16122
2011,Males,10,80,15249
2011,Males,10,81,14004
2011,Males,10,82,12399
2011,Males,10,83,11045
2011,Males,10,84,9944
2011,Males,10,85,8881
2011,Males,10,86,7445
2011,Males,10,87,6442
2011,Males,10,88,5488
2011,Males,10,89,4521
2011,Males,10,90,12828
2012,Males,1,0,48715
2012,Males,1,1,47355
2012,Males,1,2,46181
2012,Males,1,3,45394
2012,Males,1,4,45259
2012,Males,1,5,43188
2012,Males,1,6,41588
2012,Males,1,7,38995
2012,Males,1,8,37273
2012,Males,1,9,36102
2012,Males,1,10,35188
2012,Males,1,11,34997
2012,Males,1,12,35498
2012,Males,1,13,35996
2012,Males,1,14,36282
2012,Males,1,15,37150
2012,Males,1,16,37211
2012,Males,1,17,36575
2012,Males,1,18,38228
2012,Males,1,19,39513
2012,Males,1,20,40974
2012,Males,1,21,41595
2012,Males,1,22,41524
2012,Males,1,23,40427
2012,Males,1,24,40715
2012,Males,1,25,41053
2012,Males,1,26,42791
2012,Males,1,27,43320
2012,Males,1,28,41656
2012,Males,1,29,41298
2012,Males,1,30,41512
2012,Males,1,31,40782
2012,Males,1,32,41003
2012,Males,1,33,38098
2012,Males,1,34,35535
2012,Males,1,35,34666
2012,Males,1,36,35128
2012,Males,1,37,34788
2012,Males,1,38,34447
2012,Males,1,39,35071
2012,Males,1,40,35778
2012,Males,1,41,36626
2012,Males,1,42,35897
2012,Males,1,43,35752
2012,Males,1,44,35538
2012,Males,1,45,35831
2012,Males,1,46,34995
2012,Males,1,47,34570
2012,Males,1,48,34343
2012,Males,1,49,33281
2012,Males,1,50,33184
2012,Males,1,51,31458
2012,Males,1,52,30644
2012,Males,1,53,29349
2012,Males,1,54,28741
2012,Males,1,55,27922
2012,Males,1,56,26736
2012,Males,1,57,25223
2012,Males,1,58,24991
2012,Males,1,59,24517
2012,Males,1,60,23993
2012,Males,1,61,23498
2012,Males,1,62,23414
2012,Males,1,63,22996
2012,Males,1,64,23812
2012,Males,1,65,24898
2012,Males,1,66,19188
2012,Males,1,67,18281
2012,Males,1,68,17968
2012,Males,1,69,17024
2012,Males,1,70,15680
2012,Males,1,71,14575
2012,Males,1,72,14974
2012,Males,1,73,14523
2012,Males,1,74,14154
2012,Males,1,75,13236
2012,Males,1,76,12398
2012,Males,1,77,11531
2012,Males,1,78,10305
2012,Males,1,79,9769
2012,Males,1,80,9177
2012,Males,1,81,8566
2012,Males,1,82,7851
2012,Males,1,83,6739
2012,Males,1,84,5770
2012,Males,1,85,5374
2012,Males,1,86,4568
2012,Males,1,87,3788
2012,Males,1,88,3139
2012,Males,1,89,2636
2012,Males,1,90,8032
2012,Males,2,0,45614
2012,Males,2,1,43521
2012,Males,2,2,42636
2012,Males,2,3,41555
2012,Males,2,4,41400
2012,Males,2,5,39508
2012,Males,2,6,38528
2012,Males,2,7,36223
2012,Males,2,8,34576
2012,Males,2,9,33655
2012,Males,2,10,32229
2012,Males,2,11,32795
2012,Males,2,12,33026
2012,Males,2,13,33986
2012,Males,2,14,34200
2012,Males,2,15,35247
2012,Males,2,16,35284
2012,Males,2,17,35392
2012,Males,2,18,36897
2012,Males,2,19,38923
2012,Males,2,20,41462
2012,Males,2,21,44190
2012,Males,2,22,44099
2012,Males,2,23,43906
2012,Males,2,24,44600
2012,Males,2,25,44583
2012,Males,2,26,46454
2012,Males,2,27,47184
2012,Males,2,28,45934
2012,Males,2,29,45512
2012,Males,2,30,45112
2012,Males,2,31,45245
2012,Males,2,32,44725
2012,Males,2,33,41753
2012,Males,2,34,38424
2012,Males,2,35,37129
2012,Males,2,36,37043
2012,Males,2,37,36570
2012,Males,2,38,36024
2012,Males,2,39,36765
2012,Males,2,40,37294
2012,Males,2,41,38010
2012,Males,2,42,37629
2012,Males,2,43,37595
2012,Males,2,44,37418
2012,Males,2,45,37087
2012,Males,2,46,36731
2012,Males,2,47,36244
2012,Males,2,48,35529
2012,Males,2,49,34514
2012,Males,2,50,33963
2012,Males,2,51,32704
2012,Males,2,52,31064
2012,Males,2,53,30219
2012,Males,2,54,29157
2012,Males,2,55,28110
2012,Males,2,56,26670
2012,Males,2,57,25363
2012,Males,2,58,25174
2012,Males,2,59,24481
2012,Males,2,60,23869
2012,Males,2,61,23437
2012,Males,2,62,23237
2012,Males,2,63,23099
2012,Males,2,64,23857
2012,Males,2,65,25122
2012,Males,2,66,19637
2012,Males,2,67,18573
2012,Males,2,68,18378
2012,Males,2,69,17336
2012,Males,2,70,16148
2012,Males,2,71,14731
2012,Males,2,72,15250
2012,Males,2,73,14771
2012,Males,2,74,14447
2012,Males,2,75,13473
2012,Males,2,76,12686
2012,Males,2,77,11930
2012,Males,2,78,10744
2012,Males,2,79,10129
2012,Males,2,80,9665
2012,Males,2,81,9051
2012,Males,2,82,8227
2012,Males,2,83,7197
2012,Males,2,84,6253
2012,Males,2,85,5818
2012,Males,2,86,5093
2012,Males,2,87,4282
2012,Males,2,88,3678
2012,Males,2,89,3038
2012,Males,2,90,9156
2012,Males,3,0,42455
2012,Males,3,1,40340
2012,Males,3,2,39028
2012,Males,3,3,37822
2012,Males,3,4,37816
2012,Males,3,5,35905
2012,Males,3,6,34758
2012,Males,3,7,32757
2012,Males,3,8,31489
2012,Males,3,9,30520
2012,Males,3,10,29909
2012,Males,3,11,29673
2012,Males,3,12,30419
2012,Males,3,13,31187
2012,Males,3,14,32043
2012,Males,3,15,32954
2012,Males,3,16,33792
2012,Males,3,17,33277
2012,Males,3,18,35455
2012,Males,3,19,39034
2012,Males,3,20,42618
2012,Males,3,21,45967
2012,Males,3,22,45989
2012,Males,3,23,45781
2012,Males,3,24,46436
2012,Males,3,25,46318
2012,Males,3,26,48237
2012,Males,3,27,49025
2012,Males,3,28,48040
2012,Males,3,29,48258
2012,Males,3,30,47187
2012,Males,3,31,47199
2012,Males,3,32,46127
2012,Males,3,33,44076
2012,Males,3,34,40276
2012,Males,3,35,37910
2012,Males,3,36,37951
2012,Males,3,37,37265
2012,Males,3,38,36722
2012,Males,3,39,37934
2012,Males,3,40,38138
2012,Males,3,41,38961
2012,Males,3,42,37625
2012,Males,3,43,37770
2012,Males,3,44,37741
2012,Males,3,45,38012
2012,Males,3,46,37029
2012,Males,3,47,37037
2012,Males,3,48,36917
2012,Males,3,49,35560
2012,Males,3,50,34992
2012,Males,3,51,33477
2012,Males,3,52,32290
2012,Males,3,53,31145
2012,Males,3,54,30259
2012,Males,3,55,28957
2012,Males,3,56,27908
2012,Males,3,57,26820
2012,Males,3,58,26328
2012,Males,3,59,26108
2012,Males,3,60,25029
2012,Males,3,61,25104
2012,Males,3,62,25091
2012,Males,3,63,25137
2012,Males,3,64,25931
2012,Males,3,65,28111
2012,Males,3,66,21455
2012,Males,3,67,20981
2012,Males,3,68,20602
2012,Males,3,69,19010
2012,Males,3,70,17194
2012,Males,3,71,15818
2012,Males,3,72,16229
2012,Males,3,73,15985
2012,Males,3,74,15487
2012,Males,3,75,14700
2012,Males,3,76,13886
2012,Males,3,77,13139
2012,Males,3,78,11827
2012,Males,3,79,11063
2012,Males,3,80,10566
2012,Males,3,81,10114
2012,Males,3,82,9063
2012,Males,3,83,7902
2012,Males,3,84,7077
2012,Males,3,85,6326
2012,Males,3,86,5460
2012,Males,3,87,4710
2012,Males,3,88,4099
2012,Males,3,89,3406
2012,Males,3,90,10177
2012,Males,4,0,38449
2012,Males,4,1,36980
2012,Males,4,2,35454
2012,Males,4,3,34506
2012,Males,4,4,34331
2012,Males,4,5,32866
2012,Males,4,6,31705
2012,Males,4,7,30005
2012,Males,4,8,29446
2012,Males,4,9,28128
2012,Males,4,10,27776
2012,Males,4,11,28386
2012,Males,4,12,29321
2012,Males,4,13,30108
2012,Males,4,14,30084
2012,Males,4,15,31547
2012,Males,4,16,32231
2012,Males,4,17,31619
2012,Males,4,18,34060
2012,Males,4,19,38642
2012,Males,4,20,42598
2012,Males,4,21,45204
2012,Males,4,22,43950
2012,Males,4,23,43624
2012,Males,4,24,43619
2012,Males,4,25,42316
2012,Males,4,26,43880
2012,Males,4,27,44570
2012,Males,4,28,43818
2012,Males,4,29,44409
2012,Males,4,30,43624
2012,Males,4,31,44354
2012,Males,4,32,43980
2012,Males,4,33,41677
2012,Males,4,34,38623
2012,Males,4,35,36962
2012,Males,4,36,36552
2012,Males,4,37,36477
2012,Males,4,38,36491
2012,Males,4,39,37781
2012,Males,4,40,38510
2012,Males,4,41,39135
2012,Males,4,42,37873
2012,Males,4,43,38244
2012,Males,4,44,38331
2012,Males,4,45,38343
2012,Males,4,46,38517
2012,Males,4,47,38483
2012,Males,4,48,37817
2012,Males,4,49,36950
2012,Males,4,50,36070
2012,Males,4,51,34802
2012,Males,4,52,33378
2012,Males,4,53,32887
2012,Males,4,54,31726
2012,Males,4,55,30461
2012,Males,4,56,29494
2012,Males,4,57,28399
2012,Males,4,58,28431
2012,Males,4,59,27993
2012,Males,4,60,26980
2012,Males,4,61,27136
2012,Males,4,62,28065
2012,Males,4,63,28122
2012,Males,4,64,29401
2012,Males,4,65,31877
2012,Males,4,66,24675
2012,Males,4,67,23620
2012,Males,4,68,23725
2012,Males,4,69,22269
2012,Males,4,70,19777
2012,Males,4,71,17864
2012,Males,4,72,18382
2012,Males,4,73,18062
2012,Males,4,74,17610
2012,Males,4,75,16343
2012,Males,4,76,15330
2012,Males,4,77,14584
2012,Males,4,78,13236
2012,Males,4,79,12493
2012,Males,4,80,12001
2012,Males,4,81,11032
2012,Males,4,82,10176
2012,Males,4,83,9090
2012,Males,4,84,7835
2012,Males,4,85,7147
2012,Males,4,86,6189
2012,Males,4,87,5228
2012,Males,4,88,4435
2012,Males,4,89,3723
2012,Males,4,90,11533
2012,Males,5,0,34306
2012,Males,5,1,33303
2012,Males,5,2,32892
2012,Males,5,3,31870
2012,Males,5,4,31765
2012,Males,5,5,30675
2012,Males,5,6,29987
2012,Males,5,7,28919
2012,Males,5,8,28552
2012,Males,5,9,27640
2012,Males,5,10,26746
2012,Males,5,11,27835
2012,Males,5,12,28664
2012,Males,5,13,29581
2012,Males,5,14,30355
2012,Males,5,15,31328
2012,Males,5,16,31486
2012,Males,5,17,31326
2012,Males,5,18,33034
2012,Males,5,19,33997
2012,Males,5,20,36664
2012,Males,5,21,38982
2012,Males,5,22,38972
2012,Males,5,23,38228
2012,Males,5,24,38605
2012,Males,5,25,37496
2012,Males,5,26,38855
2012,Males,5,27,39530
2012,Males,5,28,38704
2012,Males,5,29,39577
2012,Males,5,30,38890
2012,Males,5,31,39515
2012,Males,5,32,39554
2012,Males,5,33,37951
2012,Males,5,34,35312
2012,Males,5,35,34001
2012,Males,5,36,33851
2012,Males,5,37,34173
2012,Males,5,38,34572
2012,Males,5,39,36212
2012,Males,5,40,37404
2012,Males,5,41,38163
2012,Males,5,42,37285
2012,Males,5,43,38111
2012,Males,5,44,37637
2012,Males,5,45,38895
2012,Males,5,46,38501
2012,Males,5,47,38853
2012,Males,5,48,38707
2012,Males,5,49,38125
2012,Males,5,50,37015
2012,Males,5,51,36404
2012,Males,5,52,34672
2012,Males,5,53,33874
2012,Males,5,54,33184
2012,Males,5,55,31834
2012,Males,5,56,31077
2012,Males,5,57,29932
2012,Males,5,58,29929
2012,Males,5,59,29757
2012,Males,5,60,28808
2012,Males,5,61,29326
2012,Males,5,62,29938
2012,Males,5,63,31027
2012,Males,5,64,32816
2012,Males,5,65,35388
2012,Males,5,66,27550
2012,Males,5,67,26637
2012,Males,5,68,26479
2012,Males,5,69,24604
2012,Males,5,70,21799
2012,Males,5,71,19652
2012,Males,5,72,20179
2012,Males,5,73,19847
2012,Males,5,74,19227
2012,Males,5,75,18306
2012,Males,5,76,17000
2012,Males,5,77,15977
2012,Males,5,78,14818
2012,Males,5,79,13785
2012,Males,5,80,13357
2012,Males,5,81,12191
2012,Males,5,82,11176
2012,Males,5,83,9745
2012,Males,5,84,8804
2012,Males,5,85,7874
2012,Males,5,86,6985
2012,Males,5,87,5781
2012,Males,5,88,4950
2012,Males,5,89,4028
2012,Males,5,90,12558
2012,Males,6,0,32613
2012,Males,6,1,32709
2012,Males,6,2,31683
2012,Males,6,3,31459
2012,Males,6,4,31419
2012,Males,6,5,30669
2012,Males,6,6,29831
2012,Males,6,7,28594
2012,Males,6,8,28132
2012,Males,6,9,27178
2012,Males,6,10,27312
2012,Males,6,11,28081
2012,Males,6,12,28926
2012,Males,6,13,30150
2012,Males,6,14,30337
2012,Males,6,15,31448
2012,Males,6,16,31471
2012,Males,6,17,31595
2012,Males,6,18,32281
2012,Males,6,19,30698
2012,Males,6,20,32612
2012,Males,6,21,34121
2012,Males,6,22,34658
2012,Males,6,23,34557
2012,Males,6,24,35635
2012,Males,6,25,34733
2012,Males,6,26,35628
2012,Males,6,27,36144
2012,Males,6,28,35524
2012,Males,6,29,36189
2012,Males,6,30,36108
2012,Males,6,31,37049
2012,Males,6,32,37033
2012,Males,6,33,36201
2012,Males,6,34,33643
2012,Males,6,35,32806
2012,Males,6,36,33654
2012,Males,6,37,34218
2012,Males,6,38,34779
2012,Males,6,39,36480
2012,Males,6,40,37836
2012,Males,6,41,38738
2012,Males,6,42,37879
2012,Males,6,43,38810
2012,Males,6,44,38726
2012,Males,6,45,39801
2012,Males,6,46,40012
2012,Males,6,47,40301
2012,Males,6,48,39855
2012,Males,6,49,39215
2012,Males,6,50,38261
2012,Males,6,51,37243
2012,Males,6,52,35484
2012,Males,6,53,35055
2012,Males,6,54,34656
2012,Males,6,55,33117
2012,Males,6,56,32135
2012,Males,6,57,31355
2012,Males,6,58,31219
2012,Males,6,59,31274
2012,Males,6,60,29969
2012,Males,6,61,30778
2012,Males,6,62,31078
2012,Males,6,63,32943
2012,Males,6,64,34851
2012,Males,6,65,37649
2012,Males,6,66,29015
2012,Males,6,67,28386
2012,Males,6,68,28388
2012,Males,6,69,26333
2012,Males,6,70,23230
2012,Males,6,71,20590
2012,Males,6,72,21734
2012,Males,6,73,20995
2012,Males,6,74,20751
2012,Males,6,75,19397
2012,Males,6,76,18161
2012,Males,6,77,17118
2012,Males,6,78,15593
2012,Males,6,79,14716
2012,Males,6,80,14213
2012,Males,6,81,13070
2012,Males,6,82,11823
2012,Males,6,83,10729
2012,Males,6,84,9467
2012,Males,6,85,8238
2012,Males,6,86,7224
2012,Males,6,87,6206
2012,Males,6,88,5170
2012,Males,6,89,4334
2012,Males,6,90,13862
2012,Males,7,0,30307
2012,Males,7,1,30071
2012,Males,7,2,29665
2012,Males,7,3,29332
2012,Males,7,4,30128
2012,Males,7,5,29399
2012,Males,7,6,29263
2012,Males,7,7,27848
2012,Males,7,8,27996
2012,Males,7,9,27374
2012,Males,7,10,26920
2012,Males,7,11,27756
2012,Males,7,12,29235
2012,Males,7,13,30082
2012,Males,7,14,30893
2012,Males,7,15,31696
2012,Males,7,16,31663
2012,Males,7,17,31963
2012,Males,7,18,32703
2012,Males,7,19,32530
2012,Males,7,20,32822
2012,Males,7,21,33708
2012,Males,7,22,33239
2012,Males,7,23,32056
2012,Males,7,24,32374
2012,Males,7,25,31433
2012,Males,7,26,32053
2012,Males,7,27,32047
2012,Males,7,28,31344
2012,Males,7,29,32292
2012,Males,7,30,32467
2012,Males,7,31,32999
2012,Males,7,32,33782
2012,Males,7,33,32950
2012,Males,7,34,30611
2012,Males,7,35,30861
2012,Males,7,36,31289
2012,Males,7,37,32077
2012,Males,7,38,33470
2012,Males,7,39,35068
2012,Males,7,40,37197
2012,Males,7,41,38456
2012,Males,7,42,37364
2012,Males,7,43,38751
2012,Males,7,44,38731
2012,Males,7,45,40209
2012,Males,7,46,40300
2012,Males,7,47,40806
2012,Males,7,48,40336
2012,Males,7,49,39661
2012,Males,7,50,39120
2012,Males,7,51,37689
2012,Males,7,52,36397
2012,Males,7,53,35979
2012,Males,7,54,34722
2012,Males,7,55,34081
2012,Males,7,56,33001
2012,Males,7,57,31785
2012,Males,7,58,32108
2012,Males,7,59,32112
2012,Males,7,60,30790
2012,Males,7,61,31388
2012,Males,7,62,32532
2012,Males,7,63,33764
2012,Males,7,64,35870
2012,Males,7,65,39587
2012,Males,7,66,30567
2012,Males,7,67,29626
2012,Males,7,68,29652
2012,Males,7,69,27157
2012,Males,7,70,23924
2012,Males,7,71,21015
2012,Males,7,72,21853
2012,Males,7,73,22082
2012,Males,7,74,21266
2012,Males,7,75,20051
2012,Males,7,76,18869
2012,Males,7,77,17860
2012,Males,7,78,16372
2012,Males,7,79,15245
2012,Males,7,80,14620
2012,Males,7,81,13654
2012,Males,7,82,12179
2012,Males,7,83,10992
2012,Males,7,84,9623
2012,Males,7,85,8595
2012,Males,7,86,7436
2012,Males,7,87,6472
2012,Males,7,88,5382
2012,Males,7,89,4402
2012,Males,7,90,13685
2012,Males,8,0,30119
2012,Males,8,1,29794
2012,Males,8,2,29784
2012,Males,8,3,29569
2012,Males,8,4,30473
2012,Males,8,5,30007
2012,Males,8,6,29357
2012,Males,8,7,28672
2012,Males,8,8,28820
2012,Males,8,9,27740
2012,Males,8,10,27659
2012,Males,8,11,28583
2012,Males,8,12,29766
2012,Males,8,13,31073
2012,Males,8,14,31149
2012,Males,8,15,31769
2012,Males,8,16,32116
2012,Males,8,17,32247
2012,Males,8,18,32862
2012,Males,8,19,30997
2012,Males,8,20,31103
2012,Males,8,21,31999
2012,Males,8,22,31866
2012,Males,8,23,31351
2012,Males,8,24,31812
2012,Males,8,25,30000
2012,Males,8,26,30399
2012,Males,8,27,30593
2012,Males,8,28,29827
2012,Males,8,29,30222
2012,Males,8,30,30574
2012,Males,8,31,31310
2012,Males,8,32,31825
2012,Males,8,33,31584
2012,Males,8,34,29928
2012,Males,8,35,30147
2012,Males,8,36,30779
2012,Males,8,37,32548
2012,Males,8,38,33483
2012,Males,8,39,35471
2012,Males,8,40,37606
2012,Males,8,41,38801
2012,Males,8,42,37644
2012,Males,8,43,39192
2012,Males,8,44,39655
2012,Males,8,45,40687
2012,Males,8,46,40762
2012,Males,8,47,40818
2012,Males,8,48,40440
2012,Males,8,49,39950
2012,Males,8,50,39244
2012,Males,8,51,38338
2012,Males,8,52,36510
2012,Males,8,53,35790
2012,Males,8,54,35385
2012,Males,8,55,33773
2012,Males,8,56,32782
2012,Males,8,57,31845
2012,Males,8,58,32268
2012,Males,8,59,32079
2012,Males,8,60,31064
2012,Males,8,61,31527
2012,Males,8,62,32437
2012,Males,8,63,34335
2012,Males,8,64,35930
2012,Males,8,65,39876
2012,Males,8,66,30784
2012,Males,8,67,30025
2012,Males,8,68,29662
2012,Males,8,69,27331
2012,Males,8,70,24132
2012,Males,8,71,21284
2012,Males,8,72,22261
2012,Males,8,73,22103
2012,Males,8,74,21134
2012,Males,8,75,20058
2012,Males,8,76,18949
2012,Males,8,77,17719
2012,Males,8,78,16385
2012,Males,8,79,15306
2012,Males,8,80,14580
2012,Males,8,81,13803
2012,Males,8,82,12230
2012,Males,8,83,10905
2012,Males,8,84,9653
2012,Males,8,85,8630
2012,Males,8,86,7428
2012,Males,8,87,6334
2012,Males,8,88,5345
2012,Males,8,89,4616
2012,Males,8,90,14074
2012,Males,9,0,28378
2012,Males,9,1,28836
2012,Males,9,2,29121
2012,Males,9,3,29465
2012,Males,9,4,30691
2012,Males,9,5,30055
2012,Males,9,6,30342
2012,Males,9,7,29590
2012,Males,9,8,29226
2012,Males,9,9,29262
2012,Males,9,10,28498
2012,Males,9,11,29398
2012,Males,9,12,30789
2012,Males,9,13,31616
2012,Males,9,14,32443
2012,Males,9,15,32909
2012,Males,9,16,33444
2012,Males,9,17,34110
2012,Males,9,18,34493
2012,Males,9,19,32917
2012,Males,9,20,30511
2012,Males,9,21,30598
2012,Males,9,22,30142
2012,Males,9,23,29913
2012,Males,9,24,29451
2012,Males,9,25,27947
2012,Males,9,26,27454
2012,Males,9,27,27121
2012,Males,9,28,26433
2012,Males,9,29,26422
2012,Males,9,30,27492
2012,Males,9,31,28365
2012,Males,9,32,29438
2012,Males,9,33,29015
2012,Males,9,34,27936
2012,Males,9,35,28618
2012,Males,9,36,29520
2012,Males,9,37,31565
2012,Males,9,38,32997
2012,Males,9,39,35274
2012,Males,9,40,37743
2012,Males,9,41,38890
2012,Males,9,42,38080
2012,Males,9,43,39921
2012,Males,9,44,39849
2012,Males,9,45,40931
2012,Males,9,46,40873
2012,Males,9,47,41472
2012,Males,9,48,41801
2012,Males,9,49,40945
2012,Males,9,50,40314
2012,Males,9,51,38471
2012,Males,9,52,37311
2012,Males,9,53,36708
2012,Males,9,54,36484
2012,Males,9,55,34502
2012,Males,9,56,33517
2012,Males,9,57,32118
2012,Males,9,58,32488
2012,Males,9,59,32219
2012,Males,9,60,31472
2012,Males,9,61,31806
2012,Males,9,62,32406
2012,Males,9,63,34120
2012,Males,9,64,36617
2012,Males,9,65,40902
2012,Males,9,66,30913
2012,Males,9,67,30279
2012,Males,9,68,30633
2012,Males,9,69,27702
2012,Males,9,70,24059
2012,Males,9,71,21285
2012,Males,9,72,22228
2012,Males,9,73,22233
2012,Males,9,74,21520
2012,Males,9,75,20581
2012,Males,9,76,19407
2012,Males,9,77,18182
2012,Males,9,78,16718
2012,Males,9,79,15757
2012,Males,9,80,15146
2012,Males,9,81,13946
2012,Males,9,82,12769
2012,Males,9,83,11322
2012,Males,9,84,9823
2012,Males,9,85,8866
2012,Males,9,86,7865
2012,Males,9,87,6744
2012,Males,9,88,5553
2012,Males,9,89,4496
2012,Males,9,90,14096
2012,Males,10,0,25823
2012,Males,10,1,27458
2012,Males,10,2,28453
2012,Males,10,3,29381
2012,Males,10,4,31238
2012,Males,10,5,31535
2012,Males,10,6,31130
2012,Males,10,7,30850
2012,Males,10,8,31608
2012,Males,10,9,31024
2012,Males,10,10,30492
2012,Males,10,11,31801
2012,Males,10,12,32692
2012,Males,10,13,33920
2012,Males,10,14,33982
2012,Males,10,15,34520
2012,Males,10,16,34440
2012,Males,10,17,33974
2012,Males,10,18,34345
2012,Males,10,19,28227
2012,Males,10,20,25214
2012,Males,10,21,25739
2012,Males,10,22,25894
2012,Males,10,23,25777
2012,Males,10,24,25514
2012,Males,10,25,23021
2012,Males,10,26,22481
2012,Males,10,27,21716
2012,Males,10,28,20761
2012,Males,10,29,20987
2012,Males,10,30,22003
2012,Males,10,31,22695
2012,Males,10,32,23866
2012,Males,10,33,24370
2012,Males,10,34,24238
2012,Males,10,35,26369
2012,Males,10,36,27646
2012,Males,10,37,30067
2012,Males,10,38,31612
2012,Males,10,39,33930
2012,Males,10,40,37094
2012,Males,10,41,38323
2012,Males,10,42,38064
2012,Males,10,43,39460
2012,Males,10,44,40093
2012,Males,10,45,41071
2012,Males,10,46,41400
2012,Males,10,47,42544
2012,Males,10,48,42301
2012,Males,10,49,42036
2012,Males,10,50,40902
2012,Males,10,51,39813
2012,Males,10,52,37992
2012,Males,10,53,37323
2012,Males,10,54,36584
2012,Males,10,55,35270
2012,Males,10,56,34115
2012,Males,10,57,32862
2012,Males,10,58,32839
2012,Males,10,59,32376
2012,Males,10,60,31750
2012,Males,10,61,31879
2012,Males,10,62,32576
2012,Males,10,63,34023
2012,Males,10,64,37152
2012,Males,10,65,40960
2012,Males,10,66,31150
2012,Males,10,67,30445
2012,Males,10,68,30484
2012,Males,10,69,27714
2012,Males,10,70,23891
2012,Males,10,71,20875
2012,Males,10,72,22096
2012,Males,10,73,22080
2012,Males,10,74,21564
2012,Males,10,75,20368
2012,Males,10,76,19461
2012,Males,10,77,18559
2012,Males,10,78,17247
2012,Males,10,79,16259
2012,Males,10,80,15619
2012,Males,10,81,14441
2012,Males,10,82,13163
2012,Males,10,83,11660
2012,Males,10,84,10204
2012,Males,10,85,9078
2012,Males,10,86,8060
2012,Males,10,87,6754
2012,Males,10,88,5730
2012,Males,10,89,4734
2012,Males,10,90,14075
2013,Males,1,0,47345
2013,Males,1,1,48571
2013,Males,1,2,47125
2013,Males,1,3,45675
2013,Males,1,4,45037
2013,Males,1,5,44705
2013,Males,1,6,42858
2013,Males,1,7,41289
2013,Males,1,8,38696
2013,Males,1,9,37095
2013,Males,1,10,36128
2013,Males,1,11,35060
2013,Males,1,12,34885
2013,Males,1,13,35509
2013,Males,1,14,35920
2013,Males,1,15,36046
2013,Males,1,16,37159
2013,Males,1,17,37398
2013,Males,1,18,36458
2013,Males,1,19,38433
2013,Males,1,20,39058
2013,Males,1,21,40604
2013,Males,1,22,41962
2013,Males,1,23,41711
2013,Males,1,24,40349
2013,Males,1,25,42066
2013,Males,1,26,41193
2013,Males,1,27,42779
2013,Males,1,28,43179
2013,Males,1,29,41484
2013,Males,1,30,42076
2013,Males,1,31,41003
2013,Males,1,32,40442
2013,Males,1,33,40494
2013,Males,1,34,37561
2013,Males,1,35,35441
2013,Males,1,36,34349
2013,Males,1,37,34606
2013,Males,1,38,34406
2013,Males,1,39,34040
2013,Males,1,40,34932
2013,Males,1,41,35459
2013,Males,1,42,36161
2013,Males,1,43,35660
2013,Males,1,44,35480
2013,Males,1,45,35473
2013,Males,1,46,35564
2013,Males,1,47,34725
2013,Males,1,48,34333
2013,Males,1,49,34032
2013,Males,1,50,33471
2013,Males,1,51,32910
2013,Males,1,52,31179
2013,Males,1,53,30432
2013,Males,1,54,29062
2013,Males,1,55,28848
2013,Males,1,56,27709
2013,Males,1,57,26431
2013,Males,1,58,24832
2013,Males,1,59,24712
2013,Males,1,60,24385
2013,Males,1,61,23562
2013,Males,1,62,23049
2013,Males,1,63,22955
2013,Males,1,64,22419
2013,Males,1,65,23390
2013,Males,1,66,24274
2013,Males,1,67,18617
2013,Males,1,68,17752
2013,Males,1,69,17332
2013,Males,1,70,16376
2013,Males,1,71,15071
2013,Males,1,72,13988
2013,Males,1,73,14357
2013,Males,1,74,13737
2013,Males,1,75,13370
2013,Males,1,76,12390
2013,Males,1,77,11737
2013,Males,1,78,10824
2013,Males,1,79,9536
2013,Males,1,80,9002
2013,Males,1,81,8405
2013,Males,1,82,7796
2013,Males,1,83,7031
2013,Males,1,84,5969
2013,Males,1,85,5123
2013,Males,1,86,4622
2013,Males,1,87,3889
2013,Males,1,88,3257
2013,Males,1,89,2691
2013,Males,1,90,8257
2013,Males,2,0,44473
2013,Males,2,1,45510
2013,Males,2,2,43321
2013,Males,2,3,42563
2013,Males,2,4,41436
2013,Males,2,5,41405
2013,Males,2,6,39396
2013,Males,2,7,38396
2013,Males,2,8,36125
2013,Males,2,9,34522
2013,Males,2,10,33471
2013,Males,2,11,32161
2013,Males,2,12,32829
2013,Males,2,13,33137
2013,Males,2,14,33993
2013,Males,2,15,34305
2013,Males,2,16,35385
2013,Males,2,17,35446
2013,Males,2,18,35821
2013,Males,2,19,38133
2013,Males,2,20,40764
2013,Males,2,21,42469
2013,Males,2,22,45099
2013,Males,2,23,45039
2013,Males,2,24,44789
2013,Males,2,25,45109
2013,Males,2,26,45218
2013,Males,2,27,46865
2013,Males,2,28,47512
2013,Males,2,29,45980
2013,Males,2,30,45695
2013,Males,2,31,45054
2013,Males,2,32,44864
2013,Males,2,33,44324
2013,Males,2,34,41486
2013,Males,2,35,38233
2013,Males,2,36,36596
2013,Males,2,37,36919
2013,Males,2,38,36370
2013,Males,2,39,35811
2013,Males,2,40,36500
2013,Males,2,41,37129
2013,Males,2,42,37957
2013,Males,2,43,37258
2013,Males,2,44,37375
2013,Males,2,45,37435
2013,Males,2,46,36950
2013,Males,2,47,36529
2013,Males,2,48,35903
2013,Males,2,49,35293
2013,Males,2,50,34438
2013,Males,2,51,33745
2013,Males,2,52,32568
2013,Males,2,53,30831
2013,Males,2,54,29969
2013,Males,2,55,29140
2013,Males,2,56,27947
2013,Males,2,57,26490
2013,Males,2,58,25119
2013,Males,2,59,24860
2013,Males,2,60,24330
2013,Males,2,61,23471
2013,Males,2,62,22984
2013,Males,2,63,22866
2013,Males,2,64,22732
2013,Males,2,65,23475
2013,Males,2,66,24590
2013,Males,2,67,19239
2013,Males,2,68,18077
2013,Males,2,69,17899
2013,Males,2,70,17005
2013,Males,2,71,15624
2013,Males,2,72,14222
2013,Males,2,73,14686
2013,Males,2,74,14214
2013,Males,2,75,13835
2013,Males,2,76,12838
2013,Males,2,77,12029
2013,Males,2,78,11223
2013,Males,2,79,10151
2013,Males,2,80,9543
2013,Males,2,81,8971
2013,Males,2,82,8271
2013,Males,2,83,7482
2013,Males,2,84,6499
2013,Males,2,85,5537
2013,Males,2,86,5108
2013,Males,2,87,4404
2013,Males,2,88,3675
2013,Males,2,89,3002
2013,Males,2,90,9355
2013,Males,3,0,41629
2013,Males,3,1,42192
2013,Males,3,2,39861
2013,Males,3,3,38744
2013,Males,3,4,37599
2013,Males,3,5,37607
2013,Males,3,6,35951
2013,Males,3,7,34745
2013,Males,3,8,32746
2013,Males,3,9,31469
2013,Males,3,10,30474
2013,Males,3,11,29876
2013,Males,3,12,29911
2013,Males,3,13,30473
2013,Males,3,14,31565
2013,Males,3,15,32405
2013,Males,3,16,33199
2013,Males,3,17,33882
2013,Males,3,18,34006
2013,Males,3,19,38452
2013,Males,3,20,41685
2013,Males,3,21,43496
2013,Males,3,22,46330
2013,Males,3,23,46884
2013,Males,3,24,46501
2013,Males,3,25,47017
2013,Males,3,26,47292
2013,Males,3,27,49051
2013,Males,3,28,49225
2013,Males,3,29,48422
2013,Males,3,30,47880
2013,Males,3,31,47160
2013,Males,3,32,47046
2013,Males,3,33,45734
2013,Males,3,34,43646
2013,Males,3,35,39594
2013,Males,3,36,37425
2013,Males,3,37,37426
2013,Males,3,38,36988
2013,Males,3,39,36476
2013,Males,3,40,37312
2013,Males,3,41,37837
2013,Males,3,42,38835
2013,Males,3,43,37378
2013,Males,3,44,37702
2013,Males,3,45,37926
2013,Males,3,46,37865
2013,Males,3,47,36943
2013,Males,3,48,36859
2013,Males,3,49,36691
2013,Males,3,50,35462
2013,Males,3,51,34777
2013,Males,3,52,33419
2013,Males,3,53,32136
2013,Males,3,54,31051
2013,Males,3,55,30329
2013,Males,3,56,28732
2013,Males,3,57,27622
2013,Males,3,58,26560
2013,Males,3,59,25987
2013,Males,3,60,25872
2013,Males,3,61,24771
2013,Males,3,62,24825
2013,Males,3,63,24706
2013,Males,3,64,24850
2013,Males,3,65,25659
2013,Males,3,66,27646
2013,Males,3,67,21162
2013,Males,3,68,20550
2013,Males,3,69,20142
2013,Males,3,70,18472
2013,Males,3,71,16733
2013,Males,3,72,15391
2013,Males,3,73,15639
2013,Males,3,74,15477
2013,Males,3,75,15020
2013,Males,3,76,14130
2013,Males,3,77,13175
2013,Males,3,78,12481
2013,Males,3,79,11188
2013,Males,3,80,10284
2013,Males,3,81,9854
2013,Males,3,82,9273
2013,Males,3,83,8259
2013,Males,3,84,7090
2013,Males,3,85,6311
2013,Males,3,86,5562
2013,Males,3,87,4736
2013,Males,3,88,3979
2013,Males,3,89,3440
2013,Males,3,90,10722
2013,Males,4,0,37296
2013,Males,4,1,38275
2013,Males,4,2,36585
2013,Males,4,3,35347
2013,Males,4,4,34320
2013,Males,4,5,34486
2013,Males,4,6,32857
2013,Males,4,7,31748
2013,Males,4,8,30208
2013,Males,4,9,29492
2013,Males,4,10,28358
2013,Males,4,11,27781
2013,Males,4,12,28476
2013,Males,4,13,29392
2013,Males,4,14,30083
2013,Males,4,15,30476
2013,Males,4,16,31775
2013,Males,4,17,32397
2013,Males,4,18,32702
2013,Males,4,19,37293
2013,Males,4,20,41810
2013,Males,4,21,43032
2013,Males,4,22,44716
2013,Males,4,23,44072
2013,Males,4,24,43588
2013,Males,4,25,43970
2013,Males,4,26,42808
2013,Males,4,27,44516
2013,Males,4,28,44959
2013,Males,4,29,44272
2013,Males,4,30,44091
2013,Males,4,31,43763
2013,Males,4,32,43979
2013,Males,4,33,43579
2013,Males,4,34,41314
2013,Males,4,35,37708
2013,Males,4,36,36576
2013,Males,4,37,36274
2013,Males,4,38,36277
2013,Males,4,39,36154
2013,Males,4,40,37474
2013,Males,4,41,38280
2013,Males,4,42,38884
2013,Males,4,43,37616
2013,Males,4,44,38044
2013,Males,4,45,37976
2013,Males,4,46,38171
2013,Males,4,47,38477
2013,Males,4,48,38423
2013,Males,4,49,37731
2013,Males,4,50,36872
2013,Males,4,51,35903
2013,Males,4,52,34811
2013,Males,4,53,33268
2013,Males,4,54,32764
2013,Males,4,55,31679
2013,Males,4,56,30296
2013,Males,4,57,29569
2013,Males,4,58,28281
2013,Males,4,59,28270
2013,Males,4,60,27848
2013,Males,4,61,26770
2013,Males,4,62,26946
2013,Males,4,63,27796
2013,Males,4,64,27843
2013,Males,4,65,28948
2013,Males,4,66,31549
2013,Males,4,67,24362
2013,Males,4,68,23193
2013,Males,4,69,23281
2013,Males,4,70,21793
2013,Males,4,71,19265
2013,Males,4,72,17463
2013,Males,4,73,17836
2013,Males,4,74,17516
2013,Males,4,75,17016
2013,Males,4,76,15756
2013,Males,4,77,14697
2013,Males,4,78,13904
2013,Males,4,79,12584
2013,Males,4,80,11842
2013,Males,4,81,11259
2013,Males,4,82,10177
2013,Males,4,83,9387
2013,Males,4,84,8268
2013,Males,4,85,7068
2013,Males,4,86,6392
2013,Males,4,87,5454
2013,Males,4,88,4524
2013,Males,4,89,3765
2013,Males,4,90,12073
2013,Males,5,0,33901
2013,Males,5,1,34187
2013,Males,5,2,33487
2013,Males,5,3,32865
2013,Males,5,4,31998
2013,Males,5,5,32004
2013,Males,5,6,30852
2013,Males,5,7,30126
2013,Males,5,8,29077
2013,Males,5,9,28679
2013,Males,5,10,27775
2013,Males,5,11,26883
2013,Males,5,12,27854
2013,Males,5,13,28832
2013,Males,5,14,29619
2013,Males,5,15,30859
2013,Males,5,16,31458
2013,Males,5,17,31559
2013,Males,5,18,31885
2013,Males,5,19,34937
2013,Males,5,20,36417
2013,Males,5,21,37583
2013,Males,5,22,39208
2013,Males,5,23,39184
2013,Males,5,24,38616
2013,Males,5,25,39136
2013,Males,5,26,38105
2013,Males,5,27,39400
2013,Males,5,28,39939
2013,Males,5,29,39089
2013,Males,5,30,39249
2013,Males,5,31,39087
2013,Males,5,32,39586
2013,Males,5,33,39495
2013,Males,5,34,37877
2013,Males,5,35,34397
2013,Males,5,36,33693
2013,Males,5,37,33690
2013,Males,5,38,33903
2013,Males,5,39,34526
2013,Males,5,40,35968
2013,Males,5,41,37266
2013,Males,5,42,38093
2013,Males,5,43,37374
2013,Males,5,44,38144
2013,Males,5,45,37620
2013,Males,5,46,38814
2013,Males,5,47,38410
2013,Males,5,48,38753
2013,Males,5,49,38743
2013,Males,5,50,38126
2013,Males,5,51,37048
2013,Males,5,52,36266
2013,Males,5,53,34686
2013,Males,5,54,33834
2013,Males,5,55,33249
2013,Males,5,56,31680
2013,Males,5,57,30979
2013,Males,5,58,29852
2013,Males,5,59,29801
2013,Males,5,60,29643
2013,Males,5,61,28658
2013,Males,5,62,29264
2013,Males,5,63,29872
2013,Males,5,64,30847
2013,Males,5,65,32487
2013,Males,5,66,35062
2013,Males,5,67,27154
2013,Males,5,68,26264
2013,Males,5,69,26129
2013,Males,5,70,24209
2013,Males,5,71,21372
2013,Males,5,72,19213
2013,Males,5,73,19539
2013,Males,5,74,19299
2013,Males,5,75,18724
2013,Males,5,76,17709
2013,Males,5,77,16391
2013,Males,5,78,15292
2013,Males,5,79,14144
2013,Males,5,80,13010
2013,Males,5,81,12540
2013,Males,5,82,11357
2013,Males,5,83,10398
2013,Males,5,84,8934
2013,Males,5,85,7958
2013,Males,5,86,7034
2013,Males,5,87,6037
2013,Males,5,88,4948
2013,Males,5,89,4174
2013,Males,5,90,13287
2013,Males,6,0,32348
2013,Males,6,1,32900
2013,Males,6,2,32920
2013,Males,6,3,31821
2013,Males,6,4,31537
2013,Males,6,5,31709
2013,Males,6,6,30680
2013,Males,6,7,30053
2013,Males,6,8,28712
2013,Males,6,9,28293
2013,Males,6,10,27465
2013,Males,6,11,27472
2013,Males,6,12,28101
2013,Males,6,13,29149
2013,Males,6,14,30372
2013,Males,6,15,30583
2013,Males,6,16,31531
2013,Males,6,17,31439
2013,Males,6,18,31686
2013,Males,6,19,31366
2013,Males,6,20,32285
2013,Males,6,21,33342
2013,Males,6,22,35060
2013,Males,6,23,35370
2013,Males,6,24,35279
2013,Males,6,25,36237
2013,Males,6,26,35149
2013,Males,6,27,36270
2013,Males,6,28,36465
2013,Males,6,29,36045
2013,Males,6,30,36095
2013,Males,6,31,36412
2013,Males,6,32,37263
2013,Males,6,33,37166
2013,Males,6,34,36045
2013,Males,6,35,33205
2013,Males,6,36,32902
2013,Males,6,37,33608
2013,Males,6,38,34446
2013,Males,6,39,34819
2013,Males,6,40,36074
2013,Males,6,41,38004
2013,Males,6,42,38668
2013,Males,6,43,38048
2013,Males,6,44,38930
2013,Males,6,45,38546
2013,Males,6,46,39925
2013,Males,6,47,40081
2013,Males,6,48,40464
2013,Males,6,49,39916
2013,Males,6,50,39245
2013,Males,6,51,38458
2013,Males,6,52,37282
2013,Males,6,53,35507
2013,Males,6,54,35096
2013,Males,6,55,34556
2013,Males,6,56,33264
2013,Males,6,57,32086
2013,Males,6,58,31268
2013,Males,6,59,31061
2013,Males,6,60,30898
2013,Males,6,61,30056
2013,Males,6,62,30546
2013,Males,6,63,30961
2013,Males,6,64,32812
2013,Males,6,65,34503
2013,Males,6,66,37343
2013,Males,6,67,28626
2013,Males,6,68,28070
2013,Males,6,69,27984
2013,Males,6,70,26015
2013,Males,6,71,22878
2013,Males,6,72,20115
2013,Males,6,73,21260
2013,Males,6,74,20542
2013,Males,6,75,20278
2013,Males,6,76,18773
2013,Males,6,77,17598
2013,Males,6,78,16528
2013,Males,6,79,14889
2013,Males,6,80,13962
2013,Males,6,81,13464
2013,Males,6,82,12249
2013,Males,6,83,11079
2013,Males,6,84,9840
2013,Males,6,85,8551
2013,Males,6,86,7355
2013,Males,6,87,6457
2013,Males,6,88,5419
2013,Males,6,89,4494
2013,Males,6,90,14419
2013,Males,7,0,29193
2013,Males,7,1,30588
2013,Males,7,2,30447
2013,Males,7,3,29864
2013,Males,7,4,29596
2013,Males,7,5,30475
2013,Males,7,6,29843
2013,Males,7,7,29569
2013,Males,7,8,28187
2013,Males,7,9,28292
2013,Males,7,10,27519
2013,Males,7,11,27166
2013,Males,7,12,28178
2013,Males,7,13,29390
2013,Males,7,14,30299
2013,Males,7,15,31161
2013,Males,7,16,31855
2013,Males,7,17,31785
2013,Males,7,18,32274
2013,Males,7,19,32953
2013,Males,7,20,32420
2013,Males,7,21,33034
2013,Males,7,22,33748
2013,Males,7,23,33429
2013,Males,7,24,32334
2013,Males,7,25,32554
2013,Males,7,26,31695
2013,Males,7,27,32240
2013,Males,7,28,32438
2013,Males,7,29,31662
2013,Males,7,30,32310
2013,Males,7,31,32534
2013,Males,7,32,33358
2013,Males,7,33,33758
2013,Males,7,34,33096
2013,Males,7,35,30750
2013,Males,7,36,30965
2013,Males,7,37,31436
2013,Males,7,38,32183
2013,Males,7,39,33570
2013,Males,7,40,35380
2013,Males,7,41,37504
2013,Males,7,42,38708
2013,Males,7,43,37474
2013,Males,7,44,38726
2013,Males,7,45,38543
2013,Males,7,46,40200
2013,Males,7,47,40400
2013,Males,7,48,40845
2013,Males,7,49,40402
2013,Males,7,50,39757
2013,Males,7,51,39101
2013,Males,7,52,37686
2013,Males,7,53,36387
2013,Males,7,54,35930
2013,Males,7,55,34541
2013,Males,7,56,34008
2013,Males,7,57,32855
2013,Males,7,58,31697
2013,Males,7,59,31983
2013,Males,7,60,31934
2013,Males,7,61,30677
2013,Males,7,62,31188
2013,Males,7,63,32351
2013,Males,7,64,33544
2013,Males,7,65,35701
2013,Males,7,66,39317
2013,Males,7,67,30311
2013,Males,7,68,29388
2013,Males,7,69,29243
2013,Males,7,70,26766
2013,Males,7,71,23575
2013,Males,7,72,20519
2013,Males,7,73,21420
2013,Males,7,74,21661
2013,Males,7,75,20764
2013,Males,7,76,19391
2013,Males,7,77,18220
2013,Males,7,78,17163
2013,Males,7,79,15661
2013,Males,7,80,14560
2013,Males,7,81,13816
2013,Males,7,82,12806
2013,Males,7,83,11282
2013,Males,7,84,10043
2013,Males,7,85,8754
2013,Males,7,86,7764
2013,Males,7,87,6599
2013,Males,7,88,5638
2013,Males,7,89,4596
2013,Males,7,90,14271
2013,Males,8,0,28917
2013,Males,8,1,30500
2013,Males,8,2,30434
2013,Males,8,3,30260
2013,Males,8,4,30060
2013,Males,8,5,30892
2013,Males,8,6,30235
2013,Males,8,7,29647
2013,Males,8,8,28969
2013,Males,8,9,29088
2013,Males,8,10,27955
2013,Males,8,11,27972
2013,Males,8,12,28884
2013,Males,8,13,29999
2013,Males,8,14,31332
2013,Males,8,15,31173
2013,Males,8,16,31859
2013,Males,8,17,32509
2013,Males,8,18,31801
2013,Males,8,19,31330
2013,Males,8,20,30862
2013,Males,8,21,31674
2013,Males,8,22,32449
2013,Males,8,23,32294
2013,Males,8,24,31452
2013,Males,8,25,32038
2013,Males,8,26,30053
2013,Males,8,27,30431
2013,Males,8,28,30715
2013,Males,8,29,29892
2013,Males,8,30,30280
2013,Males,8,31,31015
2013,Males,8,32,31594
2013,Males,8,33,32224
2013,Males,8,34,32095
2013,Males,8,35,30478
2013,Males,8,36,30342
2013,Males,8,37,30827
2013,Males,8,38,32864
2013,Males,8,39,33774
2013,Males,8,40,35524
2013,Males,8,41,37625
2013,Males,8,42,38901
2013,Males,8,43,37770
2013,Males,8,44,39184
2013,Males,8,45,39809
2013,Males,8,46,40659
2013,Males,8,47,40694
2013,Males,8,48,40867
2013,Males,8,49,40531
2013,Males,8,50,39877
2013,Males,8,51,39073
2013,Males,8,52,38286
2013,Males,8,53,36620
2013,Males,8,54,35799
2013,Males,8,55,35225
2013,Males,8,56,33667
2013,Males,8,57,32664
2013,Males,8,58,31692
2013,Males,8,59,32117
2013,Males,8,60,31742
2013,Males,8,61,30809
2013,Males,8,62,31355
2013,Males,8,63,32229
2013,Males,8,64,34055
2013,Males,8,65,35486
2013,Males,8,66,39535
2013,Males,8,67,30488
2013,Males,8,68,29686
2013,Males,8,69,29347
2013,Males,8,70,26921
2013,Males,8,71,23673
2013,Males,8,72,20932
2013,Males,8,73,21875
2013,Males,8,74,21626
2013,Males,8,75,20597
2013,Males,8,76,19483
2013,Males,8,77,18293
2013,Males,8,78,17065
2013,Males,8,79,15706
2013,Males,8,80,14608
2013,Males,8,81,13870
2013,Males,8,82,13047
2013,Males,8,83,11318
2013,Males,8,84,10111
2013,Males,8,85,8808
2013,Males,8,86,7729
2013,Males,8,87,6639
2013,Males,8,88,5534
2013,Males,8,89,4593
2013,Males,8,90,15032
2013,Males,9,0,27216
2013,Males,9,1,29212
2013,Males,9,2,29579
2013,Males,9,3,30021
2013,Males,9,4,30261
2013,Males,9,5,31028
2013,Males,9,6,30464
2013,Males,9,7,30726
2013,Males,9,8,29878
2013,Males,9,9,29528
2013,Males,9,10,29593
2013,Males,9,11,28808
2013,Males,9,12,29633
2013,Males,9,13,30978
2013,Males,9,14,32036
2013,Males,9,15,32511
2013,Males,9,16,33205
2013,Males,9,17,34097
2013,Males,9,18,33636
2013,Males,9,19,33635
2013,Males,9,20,29226
2013,Males,9,21,30005
2013,Males,9,22,31229
2013,Males,9,23,30357
2013,Males,9,24,29841
2013,Males,9,25,29175
2013,Males,9,26,27590
2013,Males,9,27,27180
2013,Males,9,28,27255
2013,Males,9,29,26427
2013,Males,9,30,27003
2013,Males,9,31,27957
2013,Males,9,32,28770
2013,Males,9,33,29984
2013,Males,9,34,29521
2013,Males,9,35,28428
2013,Males,9,36,29146
2013,Males,9,37,29928
2013,Males,9,38,31807
2013,Males,9,39,33242
2013,Males,9,40,35859
2013,Males,9,41,37998
2013,Males,9,42,39021
2013,Males,9,43,38303
2013,Males,9,44,40022
2013,Males,9,45,39896
2013,Males,9,46,41018
2013,Males,9,47,40801
2013,Males,9,48,41547
2013,Males,9,49,41757
2013,Males,9,50,40647
2013,Males,9,51,40248
2013,Males,9,52,38375
2013,Males,9,53,37219
2013,Males,9,54,36537
2013,Males,9,55,36029
2013,Males,9,56,34370
2013,Males,9,57,33362
2013,Males,9,58,31889
2013,Males,9,59,32320
2013,Males,9,60,31967
2013,Males,9,61,31273
2013,Males,9,62,31523
2013,Males,9,63,32161
2013,Males,9,64,33813
2013,Males,9,65,36191
2013,Males,9,66,40627
2013,Males,9,67,30761
2013,Males,9,68,29988
2013,Males,9,69,30366
2013,Males,9,70,27384
2013,Males,9,71,23730
2013,Males,9,72,20913
2013,Males,9,73,21878
2013,Males,9,74,21812
2013,Males,9,75,20942
2013,Males,9,76,20048
2013,Males,9,77,18899
2013,Males,9,78,17691
2013,Males,9,79,16101
2013,Males,9,80,15048
2013,Males,9,81,14389
2013,Males,9,82,13085
2013,Males,9,83,11907
2013,Males,9,84,10390
2013,Males,9,85,8878
2013,Males,9,86,8059
2013,Males,9,87,6999
2013,Males,9,88,5897
2013,Males,9,89,4759
2013,Males,9,90,14800
2013,Males,10,0,24973
2013,Males,10,1,27326
2013,Males,10,2,29128
2013,Males,10,3,29776
2013,Males,10,4,30601
2013,Males,10,5,32006
2013,Males,10,6,32241
2013,Males,10,7,31626
2013,Males,10,8,31306
2013,Males,10,9,32003
2013,Males,10,10,31188
2013,Males,10,11,30960
2013,Males,10,12,31976
2013,Males,10,13,32819
2013,Males,10,14,34036
2013,Males,10,15,33792
2013,Males,10,16,34578
2013,Males,10,17,34455
2013,Males,10,18,33294
2013,Males,10,19,30287
2013,Males,10,20,24629
2013,Males,10,21,25240
2013,Males,10,22,26752
2013,Males,10,23,26538
2013,Males,10,24,25547
2013,Males,10,25,24375
2013,Males,10,26,22425
2013,Males,10,27,21869
2013,Males,10,28,21252
2013,Males,10,29,20606
2013,Males,10,30,21725
2013,Males,10,31,22126
2013,Males,10,32,23215
2013,Males,10,33,24543
2013,Males,10,34,25183
2013,Males,10,35,26165
2013,Males,10,36,27240
2013,Males,10,37,28470
2013,Males,10,38,30632
2013,Males,10,39,32330
2013,Males,10,40,35103
2013,Males,10,41,37535
2013,Males,10,42,38896
2013,Males,10,43,38329
2013,Males,10,44,39888
2013,Males,10,45,40106
2013,Males,10,46,41124
2013,Males,10,47,41493
2013,Males,10,48,42381
2013,Males,10,49,42055
2013,Males,10,50,41579
2013,Males,10,51,40773
2013,Males,10,52,39501
2013,Males,10,53,37711
2013,Males,10,54,37107
2013,Males,10,55,36043
2013,Males,10,56,34971
2013,Males,10,57,33865
2013,Males,10,58,32533
2013,Males,10,59,32543
2013,Males,10,60,31994
2013,Males,10,61,31334
2013,Males,10,62,31533
2013,Males,10,63,32301
2013,Males,10,64,33684
2013,Males,10,65,36871
2013,Males,10,66,40480
2013,Males,10,67,30911
2013,Males,10,68,30129
2013,Males,10,69,30095
2013,Males,10,70,27279
2013,Males,10,71,23685
2013,Males,10,72,20552
2013,Males,10,73,21734
2013,Males,10,74,21681
2013,Males,10,75,21097
2013,Males,10,76,19981
2013,Males,10,77,18955
2013,Males,10,78,17987
2013,Males,10,79,16675
2013,Males,10,80,15583
2013,Males,10,81,14886
2013,Males,10,82,13662
2013,Males,10,83,12360
2013,Males,10,84,10867
2013,Males,10,85,9360
2013,Males,10,86,8243
2013,Males,10,87,7191
2013,Males,10,88,5970
2013,Males,10,89,4934
2013,Males,10,90,15100
2014,Males,1,0,46497
2014,Males,1,1,47361
2014,Males,1,2,48559
2014,Males,1,3,47218
2014,Males,1,4,45503
2014,Males,1,5,44653
2014,Males,1,6,44381
2014,Males,1,7,42719
2014,Males,1,8,41100
2014,Males,1,9,38631
2014,Males,1,10,37136
2014,Males,1,11,35961
2014,Males,1,12,34931
2014,Males,1,13,34976
2014,Males,1,14,35557
2014,Males,1,15,35842
2014,Males,1,16,36280
2014,Males,1,17,37529
2014,Males,1,18,37602
2014,Males,1,19,36940
2014,Males,1,20,39186
2014,Males,1,21,39328
2014,Males,1,22,40965
2014,Males,1,23,42388
2014,Males,1,24,42123
2014,Males,1,25,42481
2014,Males,1,26,42516
2014,Males,1,27,41235
2014,Males,1,28,42805
2014,Males,1,29,43380
2014,Males,1,30,42295
2014,Males,1,31,41592
2014,Males,1,32,40897
2014,Males,1,33,40013
2014,Males,1,34,40093
2014,Males,1,35,37660
2014,Males,1,36,35012
2014,Males,1,37,33967
2014,Males,1,38,34354
2014,Males,1,39,34095
2014,Males,1,40,33640
2014,Males,1,41,34568
2014,Males,1,42,35241
2014,Males,1,43,35916
2014,Males,1,44,35379
2014,Males,1,45,35465
2014,Males,1,46,35339
2014,Males,1,47,35315
2014,Males,1,48,34647
2014,Males,1,49,34291
2014,Males,1,50,34388
2014,Males,1,51,33294
2014,Males,1,52,32813
2014,Males,1,53,30956
2014,Males,1,54,30161
2014,Males,1,55,29240
2014,Males,1,56,28594
2014,Males,1,57,27426
2014,Males,1,58,26128
2014,Males,1,59,24626
2014,Males,1,60,24715
2014,Males,1,61,24124
2014,Males,1,62,23186
2014,Males,1,63,22673
2014,Males,1,64,22462
2014,Males,1,65,22188
2014,Males,1,66,22757
2014,Males,1,67,23586
2014,Males,1,68,18112
2014,Males,1,69,17189
2014,Males,1,70,16818
2014,Males,1,71,15747
2014,Males,1,72,14518
2014,Males,1,73,13448
2014,Males,1,74,13659
2014,Males,1,75,13017
2014,Males,1,76,12694
2014,Males,1,77,11680
2014,Males,1,78,10995
2014,Males,1,79,10109
2014,Males,1,80,8928
2014,Males,1,81,8344
2014,Males,1,82,7670
2014,Males,1,83,7022
2014,Males,1,84,6298
2014,Males,1,85,5374
2014,Males,1,86,4461
2014,Males,1,87,4021
2014,Males,1,88,3288
2014,Males,1,89,2714
2014,Males,1,90,8768
2014,Males,2,0,43307
2014,Males,2,1,44424
2014,Males,2,2,45277
2014,Males,2,3,43014
2014,Males,2,4,42376
2014,Males,2,5,41599
2014,Males,2,6,41361
2014,Males,2,7,39390
2014,Males,2,8,38278
2014,Males,2,9,36139
2014,Males,2,10,34297
2014,Males,2,11,33456
2014,Males,2,12,32238
2014,Males,2,13,32907
2014,Males,2,14,33201
2014,Males,2,15,34364
2014,Males,2,16,34530
2014,Males,2,17,35891
2014,Males,2,18,36099
2014,Males,2,19,37102
2014,Males,2,20,40265
2014,Males,2,21,41609
2014,Males,2,22,43315
2014,Males,2,23,45583
2014,Males,2,24,45892
2014,Males,2,25,45393
2014,Males,2,26,46098
2014,Males,2,27,45917
2014,Males,2,28,47090
2014,Males,2,29,47731
2014,Males,2,30,46289
2014,Males,2,31,45843
2014,Males,2,32,44759
2014,Males,2,33,44414
2014,Males,2,34,43856
2014,Males,2,35,41130
2014,Males,2,36,37695
2014,Males,2,37,36237
2014,Males,2,38,36604
2014,Males,2,39,36027
2014,Males,2,40,35363
2014,Males,2,41,36295
2014,Males,2,42,36842
2014,Males,2,43,37930
2014,Males,2,44,36964
2014,Males,2,45,37334
2014,Males,2,46,37264
2014,Males,2,47,36905
2014,Males,2,48,36408
2014,Males,2,49,35892
2014,Males,2,50,35141
2014,Males,2,51,34263
2014,Males,2,52,33469
2014,Males,2,53,32345
2014,Males,2,54,30776
2014,Males,2,55,30044
2014,Males,2,56,28948
2014,Males,2,57,27691
2014,Males,2,58,26291
2014,Males,2,59,24820
2014,Males,2,60,24768
2014,Males,2,61,24079
2014,Males,2,62,23127
2014,Males,2,63,22718
2014,Males,2,64,22579
2014,Males,2,65,22347
2014,Males,2,66,23124
2014,Males,2,67,24144
2014,Males,2,68,18778
2014,Males,2,69,17621
2014,Males,2,70,17356
2014,Males,2,71,16469
2014,Males,2,72,15058
2014,Males,2,73,13764
2014,Males,2,74,14206
2014,Males,2,75,13675
2014,Males,2,76,13336
2014,Males,2,77,12291
2014,Males,2,78,11402
2014,Males,2,79,10622
2014,Males,2,80,9459
2014,Males,2,81,8854
2014,Males,2,82,8309
2014,Males,2,83,7569
2014,Males,2,84,6802
2014,Males,2,85,5853
2014,Males,2,86,4998
2014,Males,2,87,4455
2014,Males,2,88,3799
2014,Males,2,89,3112
2014,Males,2,90,9980
2014,Males,3,0,40610
2014,Males,3,1,41261
2014,Males,3,2,41935
2014,Males,3,3,39489
2014,Males,3,4,38563
2014,Males,3,5,37417
2014,Males,3,6,37537
2014,Males,3,7,36028
2014,Males,3,8,34830
2014,Males,3,9,32596
2014,Males,3,10,31561
2014,Males,3,11,30532
2014,Males,3,12,29899
2014,Males,3,13,30055
2014,Males,3,14,30868
2014,Males,3,15,32020
2014,Males,3,16,32630
2014,Males,3,17,33460
2014,Males,3,18,35201
2014,Males,3,19,37777
2014,Males,3,20,41885
2014,Males,3,21,43425
2014,Males,3,22,44892
2014,Males,3,23,48120
2014,Males,3,24,48107
2014,Males,3,25,47674
2014,Males,3,26,48184
2014,Males,3,27,48063
2014,Males,3,28,49714
2014,Males,3,29,49640
2014,Males,3,30,48104
2014,Males,3,31,47829
2014,Males,3,32,46871
2014,Males,3,33,46697
2014,Males,3,34,45625
2014,Males,3,35,42773
2014,Males,3,36,38949
2014,Males,3,37,37025
2014,Males,3,38,37217
2014,Males,3,39,36757
2014,Males,3,40,35947
2014,Males,3,41,37014
2014,Males,3,42,37666
2014,Males,3,43,38636
2014,Males,3,44,37413
2014,Males,3,45,37863
2014,Males,3,46,37804
2014,Males,3,47,37729
2014,Males,3,48,36789
2014,Males,3,49,36838
2014,Males,3,50,36659
2014,Males,3,51,35350
2014,Males,3,52,34805
2014,Males,3,53,33381
2014,Males,3,54,32112
2014,Males,3,55,31112
2014,Males,3,56,30222
2014,Males,3,57,28645
2014,Males,3,58,27441
2014,Males,3,59,26388
2014,Males,3,60,25812
2014,Males,3,61,25735
2014,Males,3,62,24568
2014,Males,3,63,24588
2014,Males,3,64,24465
2014,Males,3,65,24658
2014,Males,3,66,25246
2014,Males,3,67,27293
2014,Males,3,68,20718
2014,Males,3,69,20143
2014,Males,3,70,19576
2014,Males,3,71,18034
2014,Males,3,72,16213
2014,Males,3,73,14950
2014,Males,3,74,15167
2014,Males,3,75,14969
2014,Males,3,76,14398
2014,Males,3,77,13562
2014,Males,3,78,12542
2014,Males,3,79,11848
2014,Males,3,80,10528
2014,Males,3,81,9635
2014,Males,3,82,9118
2014,Males,3,83,8528
2014,Males,3,84,7458
2014,Males,3,85,6398
2014,Males,3,86,5690
2014,Males,3,87,4982
2014,Males,3,88,4118
2014,Males,3,89,3406
2014,Males,3,90,11303
2014,Males,4,0,36534
2014,Males,4,1,37225
2014,Males,4,2,37916
2014,Males,4,3,36473
2014,Males,4,4,35172
2014,Males,4,5,34632
2014,Males,4,6,34613
2014,Males,4,7,33018
2014,Males,4,8,31976
2014,Males,4,9,30329
2014,Males,4,10,29763
2014,Males,4,11,28486
2014,Males,4,12,28078
2014,Males,4,13,28659
2014,Males,4,14,29547
2014,Males,4,15,30507
2014,Males,4,16,30755
2014,Males,4,17,32044
2014,Males,4,18,33706
2014,Males,4,19,36679
2014,Males,4,20,41488
2014,Males,4,21,42812
2014,Males,4,22,43273
2014,Males,4,23,45058
2014,Males,4,24,44930
2014,Males,4,25,43982
2014,Males,4,26,44702
2014,Males,4,27,43567
2014,Males,4,28,44943
2014,Males,4,29,45650
2014,Males,4,30,43901
2014,Males,4,31,44426
2014,Males,4,32,43779
2014,Males,4,33,43992
2014,Males,4,34,43452
2014,Males,4,35,40544
2014,Males,4,36,37517
2014,Males,4,37,36259
2014,Males,4,38,35960
2014,Males,4,39,36026
2014,Males,4,40,35745
2014,Males,4,41,37134
2014,Males,4,42,38110
2014,Males,4,43,38876
2014,Males,4,44,37684
2014,Males,4,45,37895
2014,Males,4,46,38000
2014,Males,4,47,38275
2014,Males,4,48,38356
2014,Males,4,49,38439
2014,Males,4,50,37970
2014,Males,4,51,36853
2014,Males,4,52,35934
2014,Males,4,53,34839
2014,Males,4,54,33141
2014,Males,4,55,32722
2014,Males,4,56,31569
2014,Males,4,57,30275
2014,Males,4,58,29436
2014,Males,4,59,28104
2014,Males,4,60,28264
2014,Males,4,61,27648
2014,Males,4,62,26635
2014,Males,4,63,26726
2014,Males,4,64,27501
2014,Males,4,65,27562
2014,Males,4,66,28689
2014,Males,4,67,31222
2014,Males,4,68,23965
2014,Males,4,69,22775
2014,Males,4,70,22873
2014,Males,4,71,21350
2014,Males,4,72,18780
2014,Males,4,73,16978
2014,Males,4,74,17312
2014,Males,4,75,16967
2014,Males,4,76,16488
2014,Males,4,77,15161
2014,Males,4,78,14056
2014,Males,4,79,13203
2014,Males,4,80,12025
2014,Males,4,81,11164
2014,Males,4,82,10462
2014,Males,4,83,9502
2014,Males,4,84,8640
2014,Males,4,85,7548
2014,Males,4,86,6327
2014,Males,4,87,5691
2014,Males,4,88,4685
2014,Males,4,89,3895
2014,Males,4,90,12748
2014,Males,5,0,32552
2014,Males,5,1,33685
2014,Males,5,2,34401
2014,Males,5,3,33587
2014,Males,5,4,32810
2014,Males,5,5,32103
2014,Males,5,6,32295
2014,Males,5,7,31014
2014,Males,5,8,30248
2014,Males,5,9,29190
2014,Males,5,10,28958
2014,Males,5,11,27921
2014,Males,5,12,27017
2014,Males,5,13,28043
2014,Males,5,14,28953
2014,Males,5,15,30025
2014,Males,5,16,31144
2014,Males,5,17,31619
2014,Males,5,18,32144
2014,Males,5,19,33504
2014,Males,5,20,36834
2014,Males,5,21,37417
2014,Males,5,22,38007
2014,Males,5,23,40015
2014,Males,5,24,39756
2014,Males,5,25,39356
2014,Males,5,26,39923
2014,Males,5,27,38870
2014,Males,5,28,39960
2014,Males,5,29,40674
2014,Males,5,30,38950
2014,Males,5,31,39473
2014,Males,5,32,39038
2014,Males,5,33,39614
2014,Males,5,34,39470
2014,Males,5,35,37141
2014,Males,5,36,34230
2014,Males,5,37,33516
2014,Males,5,38,33664
2014,Males,5,39,33855
2014,Males,5,40,34277
2014,Males,5,41,35855
2014,Males,5,42,37152
2014,Males,5,43,37942
2014,Males,5,44,37293
2014,Males,5,45,38168
2014,Males,5,46,37620
2014,Males,5,47,38779
2014,Males,5,48,38285
2014,Males,5,49,38667
2014,Males,5,50,38636
2014,Males,5,51,38161
2014,Males,5,52,37126
2014,Males,5,53,36233
2014,Males,5,54,34672
2014,Males,5,55,33839
2014,Males,5,56,33228
2014,Males,5,57,31660
2014,Males,5,58,30904
2014,Males,5,59,29787
2014,Males,5,60,29663
2014,Males,5,61,29502
2014,Males,5,62,28604
2014,Males,5,63,29118
2014,Males,5,64,29630
2014,Males,5,65,30409
2014,Males,5,66,32182
2014,Males,5,67,34651
2014,Males,5,68,26830
2014,Males,5,69,25859
2014,Males,5,70,25599
2014,Males,5,71,23768
2014,Males,5,72,20942
2014,Males,5,73,18689
2014,Males,5,74,19061
2014,Males,5,75,18852
2014,Males,5,76,18224
2014,Males,5,77,17074
2014,Males,5,78,15761
2014,Males,5,79,14722
2014,Males,5,80,13418
2014,Males,5,81,12263
2014,Males,5,82,11819
2014,Males,5,83,10563
2014,Males,5,84,9530
2014,Males,5,85,8211
2014,Males,5,86,7144
2014,Males,5,87,6173
2014,Males,5,88,5300
2014,Males,5,89,4316
2014,Males,5,90,13986
2014,Males,6,0,31602
2014,Males,6,1,32450
2014,Males,6,2,32968
2014,Males,6,3,33047
2014,Males,6,4,32055
2014,Males,6,5,31817
2014,Males,6,6,31867
2014,Males,6,7,30812
2014,Males,6,8,30288
2014,Males,6,9,28934
2014,Males,6,10,28352
2014,Males,6,11,27736
2014,Males,6,12,27613
2014,Males,6,13,28288
2014,Males,6,14,29345
2014,Males,6,15,30439
2014,Males,6,16,30747
2014,Males,6,17,31861
2014,Males,6,18,31631
2014,Males,6,19,30902
2014,Males,6,20,32636
2014,Males,6,21,33115
2014,Males,6,22,34335
2014,Males,6,23,36063
2014,Males,6,24,35981
2014,Males,6,25,35876
2014,Males,6,26,36682
2014,Males,6,27,35538
2014,Males,6,28,36602
2014,Males,6,29,36783
2014,Males,6,30,36092
2014,Males,6,31,36411
2014,Males,6,32,36626
2014,Males,6,33,37200
2014,Males,6,34,37144
2014,Males,6,35,35587
2014,Males,6,36,33386
2014,Males,6,37,32980
2014,Males,6,38,33559
2014,Males,6,39,34264
2014,Males,6,40,34516
2014,Males,6,41,36190
2014,Males,6,42,37950
2014,Males,6,43,38740
2014,Males,6,44,38056
2014,Males,6,45,38748
2014,Males,6,46,38708
2014,Males,6,47,40079
2014,Males,6,48,40026
2014,Males,6,49,40487
2014,Males,6,50,40061
2014,Males,6,51,39220
2014,Males,6,52,38610
2014,Males,6,53,37422
2014,Males,6,54,35493
2014,Males,6,55,35008
2014,Males,6,56,34609
2014,Males,6,57,33295
2014,Males,6,58,32003
2014,Males,6,59,31262
2014,Males,6,60,30742
2014,Males,6,61,30796
2014,Males,6,62,29808
2014,Males,6,63,30471
2014,Males,6,64,30887
2014,Males,6,65,32439
2014,Males,6,66,34337
2014,Males,6,67,36957
2014,Males,6,68,28341
2014,Males,6,69,27678
2014,Males,6,70,27573
2014,Males,6,71,25614
2014,Males,6,72,22484
2014,Males,6,73,19702
2014,Males,6,74,20837
2014,Males,6,75,19986
2014,Males,6,76,19681
2014,Males,6,77,18195
2014,Males,6,78,16991
2014,Males,6,79,15889
2014,Males,6,80,14228
2014,Males,6,81,13235
2014,Males,6,82,12717
2014,Males,6,83,11383
2014,Males,6,84,10254
2014,Males,6,85,8889
2014,Males,6,86,7839
2014,Males,6,87,6578
2014,Males,6,88,5700
2014,Males,6,89,4654
2014,Males,6,90,15377
2014,Males,7,0,29020
2014,Males,7,1,29774
2014,Males,7,2,31061
2014,Males,7,3,31062
2014,Males,7,4,30270
2014,Males,7,5,30180
2014,Males,7,6,30827
2014,Males,7,7,30152
2014,Males,7,8,29888
2014,Males,7,9,28467
2014,Males,7,10,28436
2014,Males,7,11,27717
2014,Males,7,12,27519
2014,Males,7,13,28429
2014,Males,7,14,29662
2014,Males,7,15,30690
2014,Males,7,16,31372
2014,Males,7,17,32009
2014,Males,7,18,32213
2014,Males,7,19,32453
2014,Males,7,20,32989
2014,Males,7,21,32732
2014,Males,7,22,33286
2014,Males,7,23,34091
2014,Males,7,24,33639
2014,Males,7,25,32413
2014,Males,7,26,32851
2014,Males,7,27,32051
2014,Males,7,28,32476
2014,Males,7,29,32698
2014,Males,7,30,31734
2014,Males,7,31,32659
2014,Males,7,32,33031
2014,Males,7,33,33832
2014,Males,7,34,33947
2014,Males,7,35,33119
2014,Males,7,36,31037
2014,Males,7,37,31145
2014,Males,7,38,31433
2014,Males,7,39,32312
2014,Males,7,40,33784
2014,Males,7,41,35479
2014,Males,7,42,37675
2014,Males,7,43,38605
2014,Males,7,44,37548
2014,Males,7,45,38716
2014,Males,7,46,38700
2014,Males,7,47,40232
2014,Males,7,48,40478
2014,Males,7,49,40938
2014,Males,7,50,40366
2014,Males,7,51,39764
2014,Males,7,52,39130
2014,Males,7,53,37672
2014,Males,7,54,36445
2014,Males,7,55,35613
2014,Males,7,56,34535
2014,Males,7,57,33936
2014,Males,7,58,32818
2014,Males,7,59,31637
2014,Males,7,60,31770
2014,Males,7,61,31786
2014,Males,7,62,30571
2014,Males,7,63,31070
2014,Males,7,64,32065
2014,Males,7,65,33267
2014,Males,7,66,35488
2014,Males,7,67,38919
2014,Males,7,68,29999
2014,Males,7,69,29113
2014,Males,7,70,28833
2014,Males,7,71,26374
2014,Males,7,72,23114
2014,Males,7,73,20084
2014,Males,7,74,20984
2014,Males,7,75,21229
2014,Males,7,76,20170
2014,Males,7,77,18725
2014,Males,7,78,17605
2014,Males,7,79,16417
2014,Males,7,80,14840
2014,Males,7,81,13774
2014,Males,7,82,13048
2014,Males,7,83,11945
2014,Males,7,84,10442
2014,Males,7,85,9235
2014,Males,7,86,7921
2014,Males,7,87,6933
2014,Males,7,88,5785
2014,Males,7,89,4857
2014,Males,7,90,15236
2014,Males,8,0,28563
2014,Males,8,1,29575
2014,Males,8,2,31049
2014,Males,8,3,30763
2014,Males,8,4,30831
2014,Males,8,5,30406
2014,Males,8,6,31206
2014,Males,8,7,30581
2014,Males,8,8,29941
2014,Males,8,9,29299
2014,Males,8,10,29346
2014,Males,8,11,28224
2014,Males,8,12,28254
2014,Males,8,13,29129
2014,Males,8,14,30216
2014,Males,8,15,31558
2014,Males,8,16,31424
2014,Males,8,17,32234
2014,Males,8,18,32303
2014,Males,8,19,30675
2014,Males,8,20,30846
2014,Males,8,21,31323
2014,Males,8,22,32404
2014,Males,8,23,32983
2014,Males,8,24,32504
2014,Males,8,25,31334
2014,Males,8,26,32070
2014,Males,8,27,30187
2014,Males,8,28,30695
2014,Males,8,29,30823
2014,Males,8,30,29952
2014,Males,8,31,30693
2014,Males,8,32,31294
2014,Males,8,33,32040
2014,Males,8,34,32701
2014,Males,8,35,32381
2014,Males,8,36,30674
2014,Males,8,37,30510
2014,Males,8,38,31103
2014,Males,8,39,32956
2014,Males,8,40,33868
2014,Males,8,41,35654
2014,Males,8,42,37775
2014,Males,8,43,38935
2014,Males,8,44,38005
2014,Males,8,45,39246
2014,Males,8,46,39777
2014,Males,8,47,40736
2014,Males,8,48,40729
2014,Males,8,49,40821
2014,Males,8,50,40379
2014,Males,8,51,39957
2014,Males,8,52,39025
2014,Males,8,53,38333
2014,Males,8,54,36704
2014,Males,8,55,35646
2014,Males,8,56,35111
2014,Males,8,57,33577
2014,Males,8,58,32570
2014,Males,8,59,31516
2014,Males,8,60,31858
2014,Males,8,61,31575
2014,Males,8,62,30620
2014,Males,8,63,31179
2014,Males,8,64,32066
2014,Males,8,65,33656
2014,Males,8,66,35222
2014,Males,8,67,39216
2014,Males,8,68,30180
2014,Males,8,69,29276
2014,Males,8,70,29065
2014,Males,8,71,26480
2014,Males,8,72,23306
2014,Males,8,73,20563
2014,Males,8,74,21359
2014,Males,8,75,21138
2014,Males,8,76,20068
2014,Males,8,77,18895
2014,Males,8,78,17698
2014,Males,8,79,16414
2014,Males,8,80,14977
2014,Males,8,81,13883
2014,Males,8,82,13056
2014,Males,8,83,12241
2014,Males,8,84,10535
2014,Males,8,85,9306
2014,Males,8,86,8009
2014,Males,8,87,6947
2014,Males,8,88,5912
2014,Males,8,89,4812
2014,Males,8,90,15916
2014,Males,9,0,27056
2014,Males,9,1,28087
2014,Males,9,2,30079
2014,Males,9,3,30496
2014,Males,9,4,30843
2014,Males,9,5,30713
2014,Males,9,6,31413
2014,Males,9,7,30708
2014,Males,9,8,31023
2014,Males,9,9,30253
2014,Males,9,10,29792
2014,Males,9,11,29839
2014,Males,9,12,29042
2014,Males,9,13,29952
2014,Males,9,14,31439
2014,Males,9,15,32037
2014,Males,9,16,32760
2014,Males,9,17,33933
2014,Males,9,18,33893
2014,Males,9,19,32907
2014,Males,9,20,30774
2014,Males,9,21,29043
2014,Males,9,22,30443
2014,Males,9,23,31261
2014,Males,9,24,29905
2014,Males,9,25,29625
2014,Males,9,26,28709
2014,Males,9,27,27165
2014,Males,9,28,27232
2014,Males,9,29,27159
2014,Males,9,30,26742
2014,Males,9,31,27368
2014,Males,9,32,28248
2014,Males,9,33,29157
2014,Males,9,34,30444
2014,Males,9,35,30254
2014,Males,9,36,29007
2014,Males,9,37,29581
2014,Males,9,38,30371
2014,Males,9,39,32070
2014,Males,9,40,33890
2014,Males,9,41,36050
2014,Males,9,42,38046
2014,Males,9,43,39214
2014,Males,9,44,38471
2014,Males,9,45,40189
2014,Males,9,46,39908
2014,Males,9,47,41012
2014,Males,9,48,40924
2014,Males,9,49,41494
2014,Males,9,50,41464
2014,Males,9,51,40471
2014,Males,9,52,40159
2014,Males,9,53,38355
2014,Males,9,54,37026
2014,Males,9,55,36062
2014,Males,9,56,35872
2014,Males,9,57,34162
2014,Males,9,58,33113
2014,Males,9,59,31642
2014,Males,9,60,32008
2014,Males,9,61,31746
2014,Males,9,62,30968
2014,Males,9,63,31396
2014,Males,9,64,31948
2014,Males,9,65,33619
2014,Males,9,66,35947
2014,Males,9,67,40310
2014,Males,9,68,30518
2014,Males,9,69,29598
2014,Males,9,70,30016
2014,Males,9,71,27012
2014,Males,9,72,23351
2014,Males,9,73,20605
2014,Males,9,74,21519
2014,Males,9,75,21330
2014,Males,9,76,20396
2014,Males,9,77,19491
2014,Males,9,78,18322
2014,Males,9,79,17004
2014,Males,9,80,15433
2014,Males,9,81,14389
2014,Males,9,82,13549
2014,Males,9,83,12262
2014,Males,9,84,11085
2014,Males,9,85,9496
2014,Males,9,86,8078
2014,Males,9,87,7182
2014,Males,9,88,6230
2014,Males,9,89,5121
2014,Males,9,90,15928
2014,Males,10,0,24579
2014,Males,10,1,26504
2014,Males,10,2,28807
2014,Males,10,3,30427
2014,Males,10,4,31023
2014,Males,10,5,31262
2014,Males,10,6,32626
2014,Males,10,7,32746
2014,Males,10,8,32009
2014,Males,10,9,31654
2014,Males,10,10,32317
2014,Males,10,11,31617
2014,Males,10,12,31231
2014,Males,10,13,32067
2014,Males,10,14,32935
2014,Males,10,15,33973
2014,Males,10,16,33828
2014,Males,10,17,34581
2014,Males,10,18,33572
2014,Males,10,19,29376
2014,Males,10,20,25980
2014,Males,10,21,24834
2014,Males,10,22,25923
2014,Males,10,23,27256
2014,Males,10,24,26341
2014,Males,10,25,24399
2014,Males,10,26,23792
2014,Males,10,27,21845
2014,Males,10,28,21641
2014,Males,10,29,21005
2014,Males,10,30,21451
2014,Males,10,31,21963
2014,Males,10,32,22801
2014,Males,10,33,24075
2014,Males,10,34,25434
2014,Males,10,35,27361
2014,Males,10,36,26938
2014,Males,10,37,27964
2014,Males,10,38,29207
2014,Males,10,39,31360
2014,Males,10,40,33527
2014,Males,10,41,35681
2014,Males,10,42,38090
2014,Males,10,43,39330
2014,Males,10,44,38469
2014,Males,10,45,39888
2014,Males,10,46,40087
2014,Males,10,47,41095
2014,Males,10,48,41559
2014,Males,10,49,42275
2014,Males,10,50,41703
2014,Males,10,51,41466
2014,Males,10,52,40436
2014,Males,10,53,39201
2014,Males,10,54,37502
2014,Males,10,55,36757
2014,Males,10,56,35758
2014,Males,10,57,34688
2014,Males,10,58,33568
2014,Males,10,59,32247
2014,Males,10,60,32047
2014,Males,10,61,31633
2014,Males,10,62,31030
2014,Males,10,63,31179
2014,Males,10,64,31979
2014,Males,10,65,33393
2014,Males,10,66,36446
2014,Males,10,67,40144
2014,Males,10,68,30597
2014,Males,10,69,29882
2014,Males,10,70,29754
2014,Males,10,71,26848
2014,Males,10,72,23217
2014,Males,10,73,20194
2014,Males,10,74,21358
2014,Males,10,75,21190
2014,Males,10,76,20605
2014,Males,10,77,19530
2014,Males,10,78,18344
2014,Males,10,79,17402
2014,Males,10,80,16049
2014,Males,10,81,14841
2014,Males,10,82,14100
2014,Males,10,83,12866
2014,Males,10,84,11540
2014,Males,10,85,9955
2014,Males,10,86,8490
2014,Males,10,87,7495
2014,Males,10,88,6355
2014,Males,10,89,5261
2014,Males,10,90,16323
2015,Males,1,0,46515
2015,Males,1,1,46821
2015,Males,1,2,47568
2015,Males,1,3,48545
2015,Males,1,4,47059
2015,Males,1,5,45448
2015,Males,1,6,44556
2015,Males,1,7,44287
2015,Males,1,8,42604
2015,Males,1,9,41128
2015,Males,1,10,38811
2015,Males,1,11,37301
2015,Males,1,12,36013
2015,Males,1,13,35083
2015,Males,1,14,35177
2015,Males,1,15,35528
2015,Males,1,16,36133
2015,Males,1,17,36774
2015,Males,1,18,38101
2015,Males,1,19,38782
2015,Males,1,20,38062
2015,Males,1,21,39733
2015,Males,1,22,40293
2015,Males,1,23,41623
2015,Males,1,24,43418
2015,Males,1,25,44818
2015,Males,1,26,43246
2015,Males,1,27,42994
2015,Males,1,28,41705
2015,Males,1,29,43125
2015,Males,1,30,44475
2015,Males,1,31,42455
2015,Males,1,32,41462
2015,Males,1,33,40752
2015,Males,1,34,39852
2015,Males,1,35,40330
2015,Males,1,36,37581
2015,Males,1,37,34839
2015,Males,1,38,33765
2015,Males,1,39,34089
2015,Males,1,40,33864
2015,Males,1,41,33488
2015,Males,1,42,34400
2015,Males,1,43,35177
2015,Males,1,44,35932
2015,Males,1,45,35475
2015,Males,1,46,35394
2015,Males,1,47,35341
2015,Males,1,48,35047
2015,Males,1,49,34501
2015,Males,1,50,34473
2015,Males,1,51,34178
2015,Males,1,52,33218
2015,Males,1,53,32663
2015,Males,1,54,30868
2015,Males,1,55,30358
2015,Males,1,56,29046
2015,Males,1,57,28337
2015,Males,1,58,27205
2015,Males,1,59,25900
2015,Males,1,60,24889
2015,Males,1,61,24323
2015,Males,1,62,23781
2015,Males,1,63,22869
2015,Males,1,64,22238
2015,Males,1,65,22168
2015,Males,1,66,21616
2015,Males,1,67,22178
2015,Males,1,68,22981
2015,Males,1,69,17648
2015,Males,1,70,16626
2015,Males,1,71,16197
2015,Males,1,72,15147
2015,Males,1,73,13948
2015,Males,1,74,12836
2015,Males,1,75,12958
2015,Males,1,76,12313
2015,Males,1,77,11915
2015,Males,1,78,10928
2015,Males,1,79,10311
2015,Males,1,80,9353
2015,Males,1,81,8190
2015,Males,1,82,7613
2015,Males,1,83,6926
2015,Males,1,84,6233
2015,Males,1,85,5600
2015,Males,1,86,4695
2015,Males,1,87,3890
2015,Males,1,88,3402
2015,Males,1,89,2759
2015,Males,1,90,8996
2015,Males,2,0,43219
2015,Males,2,1,43301
2015,Males,2,2,44414
2015,Males,2,3,45122
2015,Males,2,4,42908
2015,Males,2,5,42510
2015,Males,2,6,41550
2015,Males,2,7,41444
2015,Males,2,8,39439
2015,Males,2,9,38424
2015,Males,2,10,36062
2015,Males,2,11,34382
2015,Males,2,12,33707
2015,Males,2,13,32427
2015,Males,2,14,33164
2015,Males,2,15,33668
2015,Males,2,16,34762
2015,Males,2,17,35070
2015,Males,2,18,36715
2015,Males,2,19,38046
2015,Males,2,20,39740
2015,Males,2,21,41841
2015,Males,2,22,43382
2015,Males,2,23,44739
2015,Males,2,24,47316
2015,Males,2,25,47058
2015,Males,2,26,46882
2015,Males,2,27,47174
2015,Males,2,28,46643
2015,Males,2,29,47600
2015,Males,2,30,48592
2015,Males,2,31,46509
2015,Males,2,32,45603
2015,Males,2,33,44637
2015,Males,2,34,44030
2015,Males,2,35,43688
2015,Males,2,36,40736
2015,Males,2,37,37584
2015,Males,2,38,36096
2015,Males,2,39,36314
2015,Males,2,40,35680
2015,Males,2,41,35131
2015,Males,2,42,36245
2015,Males,2,43,36867
2015,Males,2,44,37743
2015,Males,2,45,37142
2015,Males,2,46,37313
2015,Males,2,47,37262
2015,Males,2,48,36886
2015,Males,2,49,36312
2015,Males,2,50,36017
2015,Males,2,51,35010
2015,Males,2,52,34156
2015,Males,2,53,33377
2015,Males,2,54,32199
2015,Males,2,55,30854
2015,Males,2,56,29778
2015,Males,2,57,28880
2015,Males,2,58,27524
2015,Males,2,59,26085
2015,Males,2,60,24835
2015,Males,2,61,24627
2015,Males,2,62,23816
2015,Males,2,63,22914
2015,Males,2,64,22345
2015,Males,2,65,22264
2015,Males,2,66,21946
2015,Males,2,67,22652
2015,Males,2,68,23735
2015,Males,2,69,18298
2015,Males,2,70,17072
2015,Males,2,71,16886
2015,Males,2,72,15914
2015,Males,2,73,14502
2015,Males,2,74,13219
2015,Males,2,75,13647
2015,Males,2,76,13082
2015,Males,2,77,12680
2015,Males,2,78,11641
2015,Males,2,79,10679
2015,Males,2,80,9934
2015,Males,2,81,8776
2015,Males,2,82,8136
2015,Males,2,83,7586
2015,Males,2,84,6772
2015,Males,2,85,6103
2015,Males,2,86,5129
2015,Males,2,87,4324
2015,Males,2,88,3763
2015,Males,2,89,3171
2015,Males,2,90,10183
2015,Males,3,0,40450
2015,Males,3,1,40403
2015,Males,3,2,40796
2015,Males,3,3,41854
2015,Males,3,4,39364
2015,Males,3,5,38685
2015,Males,3,6,37357
2015,Males,3,7,37585
2015,Males,3,8,35988
2015,Males,3,9,34763
2015,Males,3,10,32684
2015,Males,3,11,31449
2015,Males,3,12,30863
2015,Males,3,13,30058
2015,Males,3,14,30369
2015,Males,3,15,31490
2015,Males,3,16,32320
2015,Males,3,17,33044
2015,Males,3,18,34441
2015,Males,3,19,38722
2015,Males,3,20,41551
2015,Males,3,21,44086
2015,Males,3,22,44913
2015,Males,3,23,46202
2015,Males,3,24,49392
2015,Males,3,25,49033
2015,Males,3,26,48613
2015,Males,3,27,49413
2015,Males,3,28,48899
2015,Males,3,29,50288
2015,Males,3,30,49283
2015,Males,3,31,48355
2015,Males,3,32,47961
2015,Males,3,33,46571
2015,Males,3,34,46335
2015,Males,3,35,44794
2015,Males,3,36,42263
2015,Males,3,37,38378
2015,Males,3,38,36692
2015,Males,3,39,36873
2015,Males,3,40,36114
2015,Males,3,41,35637
2015,Males,3,42,36759
2015,Males,3,43,37499
2015,Males,3,44,38569
2015,Males,3,45,37542
2015,Males,3,46,37843
2015,Males,3,47,37674
2015,Males,3,48,37648
2015,Males,3,49,36660
2015,Males,3,50,36759
2015,Males,3,51,36517
2015,Males,3,52,35260
2015,Males,3,53,34720
2015,Males,3,54,33208
2015,Males,3,55,32250
2015,Males,3,56,31025
2015,Males,3,57,30045
2015,Males,3,58,28429
2015,Males,3,59,27374
2015,Males,3,60,26136
2015,Males,3,61,25610
2015,Males,3,62,25471
2015,Males,3,63,24322
2015,Males,3,64,24286
2015,Males,3,65,24156
2015,Males,3,66,24270
2015,Males,3,67,24885
2015,Males,3,68,26876
2015,Males,3,69,20366
2015,Males,3,70,19735
2015,Males,3,71,19049
2015,Males,3,72,17615
2015,Males,3,73,15748
2015,Males,3,74,14453
2015,Males,3,75,14649
2015,Males,3,76,14479
2015,Males,3,77,13845
2015,Males,3,78,12948
2015,Males,3,79,11857
2015,Males,3,80,11105
2015,Males,3,81,9837
2015,Males,3,82,8906
2015,Males,3,83,8411
2015,Males,3,84,7729
2015,Males,3,85,6640
2015,Males,3,86,5677
2015,Males,3,87,4969
2015,Males,3,88,4297
2015,Males,3,89,3460
2015,Males,3,90,11532
2015,Males,4,0,36364
2015,Males,4,1,36388
2015,Males,4,2,36907
2015,Males,4,3,37665
2015,Males,4,4,36248
2015,Males,4,5,35199
2015,Males,4,6,34733
2015,Males,4,7,34558
2015,Males,4,8,33030
2015,Males,4,9,32012
2015,Males,4,10,30581
2015,Males,4,11,29832
2015,Males,4,12,28591
2015,Males,4,13,28252
2015,Males,4,14,28658
2015,Males,4,15,29987
2015,Males,4,16,30993
2015,Males,4,17,31231
2015,Males,4,18,33758
2015,Males,4,19,38428
2015,Males,4,20,40966
2015,Males,4,21,43155
2015,Males,4,22,42855
2015,Males,4,23,43511
2015,Males,4,24,45763
2015,Males,4,25,45239
2015,Males,4,26,44974
2015,Males,4,27,45542
2015,Males,4,28,44120
2015,Males,4,29,45740
2015,Males,4,30,45321
2015,Males,4,31,44013
2015,Males,4,32,44459
2015,Males,4,33,43520
2015,Males,4,34,43901
2015,Males,4,35,42599
2015,Males,4,36,40225
2015,Males,4,37,37046
2015,Males,4,38,36162
2015,Males,4,39,35871
2015,Males,4,40,35550
2015,Males,4,41,35613
2015,Males,4,42,36972
2015,Males,4,43,37802
2015,Males,4,44,38724
2015,Males,4,45,37395
2015,Males,4,46,37891
2015,Males,4,47,38070
2015,Males,4,48,38267
2015,Males,4,49,38342
2015,Males,4,50,38520
2015,Males,4,51,37868
2015,Males,4,52,36909
2015,Males,4,53,35861
2015,Males,4,54,34883
2015,Males,4,55,33078
2015,Males,4,56,32612
2015,Males,4,57,31431
2015,Males,4,58,30120
2015,Males,4,59,29328
2015,Males,4,60,28049
2015,Males,4,61,27956
2015,Males,4,62,27540
2015,Males,4,63,26549
2015,Males,4,64,26513
2015,Males,4,65,27194
2015,Males,4,66,27266
2015,Males,4,67,28279
2015,Males,4,68,30737
2015,Males,4,69,23589
2015,Males,4,70,22440
2015,Males,4,71,22481
2015,Males,4,72,20872
2015,Males,4,73,18382
2015,Males,4,74,16411
2015,Males,4,75,16732
2015,Males,4,76,16350
2015,Males,4,77,15855
2015,Males,4,78,14461
2015,Males,4,79,13402
2015,Males,4,80,12481
2015,Males,4,81,11303
2015,Males,4,82,10370
2015,Males,4,83,9576
2015,Males,4,84,8744
2015,Males,4,85,7826
2015,Males,4,86,6706
2015,Males,4,87,5504
2015,Males,4,88,4904
2015,Males,4,89,3949
2015,Males,4,90,13086
2015,Males,5,0,32997
2015,Males,5,1,32725
2015,Males,5,2,33798
2015,Males,5,3,34291
2015,Males,5,4,33524
2015,Males,5,5,32806
2015,Males,5,6,32267
2015,Males,5,7,32517
2015,Males,5,8,31227
2015,Males,5,9,30459
2015,Males,5,10,29403
2015,Males,5,11,29036
2015,Males,5,12,28054
2015,Males,5,13,27193
2015,Males,5,14,28188
2015,Males,5,15,29320
2015,Males,5,16,30326
2015,Males,5,17,31248
2015,Males,5,18,32355
2015,Males,5,19,33920
2015,Males,5,20,36005
2015,Males,5,21,37979
2015,Males,5,22,38359
2015,Males,5,23,38892
2015,Males,5,24,40751
2015,Males,5,25,40388
2015,Males,5,26,40047
2015,Males,5,27,40766
2015,Males,5,28,39347
2015,Males,5,29,40431
2015,Males,5,30,40300
2015,Males,5,31,39146
2015,Males,5,32,39622
2015,Males,5,33,39161
2015,Males,5,34,39811
2015,Males,5,35,38853
2015,Males,5,36,36932
2015,Males,5,37,34311
2015,Males,5,38,33313
2015,Males,5,39,33396
2015,Males,5,40,33823
2015,Males,5,41,34153
2015,Males,5,42,35782
2015,Males,5,43,37209
2015,Males,5,44,37909
2015,Males,5,45,37318
2015,Males,5,46,38136
2015,Males,5,47,37655
2015,Males,5,48,38780
2015,Males,5,49,38373
2015,Males,5,50,38790
2015,Males,5,51,38641
2015,Males,5,52,38059
2015,Males,5,53,37141
2015,Males,5,54,36222
2015,Males,5,55,34741
2015,Males,5,56,33808
2015,Males,5,57,33327
2015,Males,5,58,31680
2015,Males,5,59,30726
2015,Males,5,60,29520
2015,Males,5,61,29587
2015,Males,5,62,29456
2015,Males,5,63,28499
2015,Males,5,64,28953
2015,Males,5,65,29320
2015,Males,5,66,30159
2015,Males,5,67,32027
2015,Males,5,68,34248
2015,Males,5,69,26415
2015,Males,5,70,25533
2015,Males,5,71,25100
2015,Males,5,72,23206
2015,Males,5,73,20461
2015,Males,5,74,18173
2015,Males,5,75,18632
2015,Males,5,76,18241
2015,Males,5,77,17551
2015,Males,5,78,16376
2015,Males,5,79,15072
2015,Males,5,80,13810
2015,Males,5,81,12577
2015,Males,5,82,11403
2015,Males,5,83,10836
2015,Males,5,84,9695
2015,Males,5,85,8629
2015,Males,5,86,7303
2015,Males,5,87,6198
2015,Males,5,88,5397
2015,Males,5,89,4461
2015,Males,5,90,14389
2015,Males,6,0,31550
2015,Males,6,1,31727
2015,Males,6,2,32787
2015,Males,6,3,33297
2015,Males,6,4,33353
2015,Males,6,5,32362
2015,Males,6,6,32014
2015,Males,6,7,32090
2015,Males,6,8,31053
2015,Males,6,9,30505
2015,Males,6,10,29285
2015,Males,6,11,28707
2015,Males,6,12,27807
2015,Males,6,13,27736
2015,Males,6,14,28456
2015,Males,6,15,29473
2015,Males,6,16,30592
2015,Males,6,17,30927
2015,Males,6,18,31955
2015,Males,6,19,30698
2015,Males,6,20,32123
2015,Males,6,21,33288
2015,Males,6,22,33917
2015,Males,6,23,35346
2015,Males,6,24,36700
2015,Males,6,25,37012
2015,Males,6,26,36492
2015,Males,6,27,37210
2015,Males,6,28,36307
2015,Males,6,29,37448
2015,Males,6,30,36744
2015,Males,6,31,36458
2015,Males,6,32,36604
2015,Males,6,33,36842
2015,Males,6,34,37315
2015,Males,6,35,37005
2015,Males,6,36,35889
2015,Males,6,37,33519
2015,Males,6,38,32913
2015,Males,6,39,33610
2015,Males,6,40,34121
2015,Males,6,41,34458
2015,Males,6,42,36165
2015,Males,6,43,38220
2015,Males,6,44,38847
2015,Males,6,45,37918
2015,Males,6,46,38760
2015,Males,6,47,38786
2015,Males,6,48,40254
2015,Males,6,49,40189
2015,Males,6,50,40580
2015,Males,6,51,40147
2015,Males,6,52,39304
2015,Males,6,53,38491
2015,Males,6,54,37501
2015,Males,6,55,35470
2015,Males,6,56,35056
2015,Males,6,57,34533
2015,Males,6,58,33384
2015,Males,6,59,31928
2015,Males,6,60,31026
2015,Males,6,61,30773
2015,Males,6,62,30780
2015,Males,6,63,29714
2015,Males,6,64,30399
2015,Males,6,65,30616
2015,Males,6,66,32123
2015,Males,6,67,33965
2015,Males,6,68,36559
2015,Males,6,69,28013
2015,Males,6,70,27280
2015,Males,6,71,27176
2015,Males,6,72,25209
2015,Males,6,73,21978
2015,Males,6,74,19161
2015,Males,6,75,20341
2015,Males,6,76,19432
2015,Males,6,77,18988
2015,Males,6,78,17590
2015,Males,6,79,16240
2015,Males,6,80,15130
2015,Males,6,81,13413
2015,Males,6,82,12451
2015,Males,6,83,11826
2015,Males,6,84,10471
2015,Males,6,85,9111
2015,Males,6,86,8080
2015,Males,6,87,6962
2015,Males,6,88,5736
2015,Males,6,89,4947
2015,Males,6,90,15834
2015,Males,7,0,29148
2015,Males,7,1,29283
2015,Males,7,2,30102
2015,Males,7,3,31491
2015,Males,7,4,31394
2015,Males,7,5,30574
2015,Males,7,6,30527
2015,Males,7,7,30923
2015,Males,7,8,30352
2015,Males,7,9,29996
2015,Males,7,10,28533
2015,Males,7,11,28788
2015,Males,7,12,28060
2015,Males,7,13,27726
2015,Males,7,14,28689
2015,Males,7,15,30014
2015,Males,7,16,30840
2015,Males,7,17,31520
2015,Males,7,18,32234
2015,Males,7,19,32159
2015,Males,7,20,32175
2015,Males,7,21,33191
2015,Males,7,22,32864
2015,Males,7,23,33809
2015,Males,7,24,34730
2015,Males,7,25,33876
2015,Males,7,26,32666
2015,Males,7,27,33258
2015,Males,7,28,32228
2015,Males,7,29,32926
2015,Males,7,30,32849
2015,Males,7,31,32224
2015,Males,7,32,33125
2015,Males,7,33,33293
2015,Males,7,34,34298
2015,Males,7,35,34046
2015,Males,7,36,33248
2015,Males,7,37,31241
2015,Males,7,38,31365
2015,Males,7,39,31652
2015,Males,7,40,32692
2015,Males,7,41,33946
2015,Males,7,42,35557
2015,Males,7,43,37700
2015,Males,7,44,38848
2015,Males,7,45,37721
2015,Males,7,46,39014
2015,Males,7,47,38798
2015,Males,7,48,40432
2015,Males,7,49,40663
2015,Males,7,50,40983
2015,Males,7,51,40566
2015,Males,7,52,39750
2015,Males,7,53,39277
2015,Males,7,54,37627
2015,Males,7,55,36014
2015,Males,7,56,35556
2015,Males,7,57,34428
2015,Males,7,58,33894
2015,Males,7,59,32759
2015,Males,7,60,31624
2015,Males,7,61,31652
2015,Males,7,62,31514
2015,Males,7,63,30388
2015,Males,7,64,30933
2015,Males,7,65,31791
2015,Males,7,66,33065
2015,Males,7,67,35057
2015,Males,7,68,38608
2015,Males,7,69,29708
2015,Males,7,70,28601
2015,Males,7,71,28455
2015,Males,7,72,25898
2015,Males,7,73,22598
2015,Males,7,74,19692
2015,Males,7,75,20521
2015,Males,7,76,20571
2015,Males,7,77,19546
2015,Males,7,78,18015
2015,Males,7,79,16869
2015,Males,7,80,15691
2015,Males,7,81,14083
2015,Males,7,82,12911
2015,Males,7,83,12103
2015,Males,7,84,10964
2015,Males,7,85,9593
2015,Males,7,86,8190
2015,Males,7,87,7034
2015,Males,7,88,6017
2015,Males,7,89,4973
2015,Males,7,90,15837
2015,Males,8,0,28350
2015,Males,8,1,29057
2015,Males,8,2,30199
2015,Males,8,3,31552
2015,Males,8,4,31282
2015,Males,8,5,31242
2015,Males,8,6,30846
2015,Males,8,7,31716
2015,Males,8,8,30932
2015,Males,8,9,30210
2015,Males,8,10,29486
2015,Males,8,11,29712
2015,Males,8,12,28642
2015,Males,8,13,28616
2015,Males,8,14,29430
2015,Males,8,15,30464
2015,Males,8,16,31731
2015,Males,8,17,31930
2015,Males,8,18,32003
2015,Males,8,19,30367
2015,Males,8,20,30056
2015,Males,8,21,31181
2015,Males,8,22,31802
2015,Males,8,23,32970
2015,Males,8,24,33244
2015,Males,8,25,32335
2015,Males,8,26,31556
2015,Males,8,27,32108
2015,Males,8,28,30335
2015,Males,8,29,30971
2015,Males,8,30,30960
2015,Males,8,31,30510
2015,Males,8,32,31157
2015,Males,8,33,31709
2015,Males,8,34,32433
2015,Males,8,35,33136
2015,Males,8,36,32842
2015,Males,8,37,30904
2015,Males,8,38,30924
2015,Males,8,39,31437
2015,Males,8,40,33148
2015,Males,8,41,34068
2015,Males,8,42,36081
2015,Males,8,43,38035
2015,Males,8,44,39194
2015,Males,8,45,38232
2015,Males,8,46,39309
2015,Males,8,47,39845
2015,Males,8,48,40831
2015,Males,8,49,40747
2015,Males,8,50,40691
2015,Males,8,51,40374
2015,Males,8,52,39945
2015,Males,8,53,39009
2015,Males,8,54,38295
2015,Males,8,55,36480
2015,Males,8,56,35553
2015,Males,8,57,35118
2015,Males,8,58,33543
2015,Males,8,59,32445
2015,Males,8,60,31204
2015,Males,8,61,31714
2015,Males,8,62,31409
2015,Males,8,63,30420
2015,Males,8,64,30947
2015,Males,8,65,31697
2015,Males,8,66,33439
2015,Males,8,67,34991
2015,Males,8,68,38810
2015,Males,8,69,29858
2015,Males,8,70,28962
2015,Males,8,71,28662
2015,Males,8,72,25950
2015,Males,8,73,22872
2015,Males,8,74,20142
2015,Males,8,75,20726
2015,Males,8,76,20537
2015,Males,8,77,19409
2015,Males,8,78,18232
2015,Males,8,79,17008
2015,Males,8,80,15691
2015,Males,8,81,14288
2015,Males,8,82,13031
2015,Males,8,83,12126
2015,Males,8,84,11366
2015,Males,8,85,9678
2015,Males,8,86,8380
2015,Males,8,87,7037
2015,Males,8,88,6112
2015,Males,8,89,4974
2015,Males,8,90,16416
2015,Males,9,0,27069
2015,Males,9,1,28103
2015,Males,9,2,28947
2015,Males,9,3,30991
2015,Males,9,4,31310
2015,Males,9,5,31280
2015,Males,9,6,31088
2015,Males,9,7,31878
2015,Males,9,8,31057
2015,Males,9,9,31385
2015,Males,9,10,30498
2015,Males,9,11,30178
2015,Males,9,12,29947
2015,Males,9,13,29325
2015,Males,9,14,30263
2015,Males,9,15,31463
2015,Males,9,16,32418
2015,Males,9,17,33382
2015,Males,9,18,33715
2015,Males,9,19,33008
2015,Males,9,20,29772
2015,Males,9,21,30088
2015,Males,9,22,29670
2015,Males,9,23,30648
2015,Males,9,24,31132
2015,Males,9,25,29802
2015,Males,9,26,29240
2015,Males,9,27,28455
2015,Males,9,28,27202
2015,Males,9,29,27333
2015,Males,9,30,27618
2015,Males,9,31,27066
2015,Males,9,32,27859
2015,Males,9,33,28708
2015,Males,9,34,29550
2015,Males,9,35,31211
2015,Males,9,36,30698
2015,Males,9,37,29548
2015,Males,9,38,30040
2015,Males,9,39,30720
2015,Males,9,40,32691
2015,Males,9,41,34145
2015,Males,9,42,36379
2015,Males,9,43,38240
2015,Males,9,44,39456
2015,Males,9,45,38498
2015,Males,9,46,40222
2015,Males,9,47,39995
2015,Males,9,48,41000
2015,Males,9,49,41021
2015,Males,9,50,41441
2015,Males,9,51,41551
2015,Males,9,52,40430
2015,Males,9,53,39999
2015,Males,9,54,38261
2015,Males,9,55,36693
2015,Males,9,56,35904
2015,Males,9,57,35705
2015,Males,9,58,33847
2015,Males,9,59,32844
2015,Males,9,60,31367
2015,Males,9,61,31853
2015,Males,9,62,31618
2015,Males,9,63,30713
2015,Males,9,64,31173
2015,Males,9,65,31641
2015,Males,9,66,33362
2015,Males,9,67,35565
2015,Males,9,68,39785
2015,Males,9,69,30238
2015,Males,9,70,29294
2015,Males,9,71,29559
2015,Males,9,72,26551
2015,Males,9,73,23014
2015,Males,9,74,20239
2015,Males,9,75,21005
2015,Males,9,76,20870
2015,Males,9,77,19818
2015,Males,9,78,18917
2015,Males,9,79,17574
2015,Males,9,80,16279
2015,Males,9,81,14639
2015,Males,9,82,13594
2015,Males,9,83,12686
2015,Males,9,84,11363
2015,Males,9,85,10167
2015,Males,9,86,8507
2015,Males,9,87,7220
2015,Males,9,88,6320
2015,Males,9,89,5439
2015,Males,9,90,16754
2015,Males,10,0,24567
2015,Males,10,1,26060
2015,Males,10,2,27871
2015,Males,10,3,30031
2015,Males,10,4,31621
2015,Males,10,5,31674
2015,Males,10,6,31747
2015,Males,10,7,33078
2015,Males,10,8,33347
2015,Males,10,9,32453
2015,Males,10,10,31967
2015,Males,10,11,32625
2015,Males,10,12,31715
2015,Males,10,13,31365
2015,Males,10,14,32343
2015,Males,10,15,32883
2015,Males,10,16,33981
2015,Males,10,17,33895
2015,Males,10,18,33995
2015,Males,10,19,29705
2015,Males,10,20,25164
2015,Males,10,21,25692
2015,Males,10,22,25450
2015,Males,10,23,26392
2015,Males,10,24,26537
2015,Males,10,25,25105
2015,Males,10,26,23643
2015,Males,10,27,23116
2015,Males,10,28,21271
2015,Males,10,29,21400
2015,Males,10,30,21883
2015,Males,10,31,21626
2015,Males,10,32,22633
2015,Males,10,33,23484
2015,Males,10,34,24809
2015,Males,10,35,27590
2015,Males,10,36,28233
2015,Males,10,37,27723
2015,Males,10,38,28636
2015,Males,10,39,29782
2015,Males,10,40,32462
2015,Males,10,41,34011
2015,Males,10,42,36063
2015,Males,10,43,38324
2015,Males,10,44,39647
2015,Males,10,45,38636
2015,Males,10,46,39952
2015,Males,10,47,40120
2015,Males,10,48,41150
2015,Males,10,49,41447
2015,Males,10,50,41685
2015,Males,10,51,41572
2015,Males,10,52,41280
2015,Males,10,53,40232
2015,Males,10,54,38870
2015,Males,10,55,37098
2015,Males,10,56,36411
2015,Males,10,57,35482
2015,Males,10,58,34330
2015,Males,10,59,33245
2015,Males,10,60,31790
2015,Males,10,61,31770
2015,Males,10,62,31301
2015,Males,10,63,30677
2015,Males,10,64,30839
2015,Males,10,65,31750
2015,Males,10,66,33045
2015,Males,10,67,35993
2015,Males,10,68,39690
2015,Males,10,69,30142
2015,Males,10,70,29453
2015,Males,10,71,29289
2015,Males,10,72,26468
2015,Males,10,73,22833
2015,Males,10,74,19896
2015,Males,10,75,20825
2015,Males,10,76,20597
2015,Males,10,77,20047
2015,Males,10,78,18890
2015,Males,10,79,17718
2015,Males,10,80,16725
2015,Males,10,81,15284
2015,Males,10,82,14067
2015,Males,10,83,13191
2015,Males,10,84,11906
2015,Males,10,85,10488
2015,Males,10,86,9079
2015,Males,10,87,7563
2015,Males,10,88,6519
2015,Males,10,89,5481
2015,Males,10,90,17318
2016,Males,1,0,46329
2016,Males,1,1,46915
2016,Males,1,2,46933
2016,Males,1,3,47654
2016,Males,1,4,48502
2016,Males,1,5,46916
2016,Males,1,6,45458
2016,Males,1,7,44691
2016,Males,1,8,44424
2016,Males,1,9,42670
2016,Males,1,10,41447
2016,Males,1,11,38950
2016,Males,1,12,37428
2016,Males,1,13,36163
2016,Males,1,14,35300
2016,Males,1,15,35405
2016,Males,1,16,36006
2016,Males,1,17,36658
2016,Males,1,18,37210
2016,Males,1,19,38652
2016,Males,1,20,39373
2016,Males,1,21,38555
2016,Males,1,22,40691
2016,Males,1,23,41300
2016,Males,1,24,42550
2016,Males,1,25,46354
2016,Males,1,26,45708
2016,Males,1,27,44216
2016,Males,1,28,43665
2016,Males,1,29,42254
2016,Males,1,30,44525
2016,Males,1,31,44635
2016,Males,1,32,42383
2016,Males,1,33,41356
2016,Males,1,34,40713
2016,Males,1,35,40245
2016,Males,1,36,40224
2016,Males,1,37,37545
2016,Males,1,38,34692
2016,Males,1,39,33691
2016,Males,1,40,33932
2016,Males,1,41,33875
2016,Males,1,42,33571
2016,Males,1,43,34329
2016,Males,1,44,35188
2016,Males,1,45,36132
2016,Males,1,46,35428
2016,Males,1,47,35337
2016,Males,1,48,35281
2016,Males,1,49,35048
2016,Males,1,50,34695
2016,Males,1,51,34326
2016,Males,1,52,34051
2016,Males,1,53,33075
2016,Males,1,54,32499
2016,Males,1,55,31071
2016,Males,1,56,30107
2016,Males,1,57,28743
2016,Males,1,58,28126
2016,Males,1,59,26907
2016,Males,1,60,26003
2016,Males,1,61,24604
2016,Males,1,62,23911
2016,Males,1,63,23333
2016,Males,1,64,22470
2016,Males,1,65,22041
2016,Males,1,66,21596
2016,Males,1,67,21154
2016,Males,1,68,21672
2016,Males,1,69,22415
2016,Males,1,70,17061
2016,Males,1,71,16141
2016,Males,1,72,15633
2016,Males,1,73,14447
2016,Males,1,74,13286
2016,Males,1,75,12133
2016,Males,1,76,12254
2016,Males,1,77,11662
2016,Males,1,78,11260
2016,Males,1,79,10164
2016,Males,1,80,9614
2016,Males,1,81,8697
2016,Males,1,82,7474
2016,Males,1,83,6914
2016,Males,1,84,6193
2016,Males,1,85,5578
2016,Males,1,86,4891
2016,Males,1,87,4064
2016,Males,1,88,3333
2016,Males,1,89,2834
2016,Males,1,90,9178
2016,Males,2,0,43324
2016,Males,2,1,43087
2016,Males,2,2,43259
2016,Males,2,3,44285
2016,Males,2,4,44947
2016,Males,2,5,42933
2016,Males,2,6,42656
2016,Males,2,7,41623
2016,Males,2,8,41539
2016,Males,2,9,39465
2016,Males,2,10,38349
2016,Males,2,11,36184
2016,Males,2,12,34507
2016,Males,2,13,33823
2016,Males,2,14,32558
2016,Males,2,15,33433
2016,Males,2,16,34095
2016,Males,2,17,35337
2016,Males,2,18,35819
2016,Males,2,19,39000
2016,Males,2,20,40878
2016,Males,2,21,41455
2016,Males,2,22,43570
2016,Males,2,23,45078
2016,Males,2,24,46515
2016,Males,2,25,48792
2016,Males,2,26,48369
2016,Males,2,27,47882
2016,Males,2,28,48096
2016,Males,2,29,47462
2016,Males,2,30,48173
2016,Males,2,31,48782
2016,Males,2,32,46509
2016,Males,2,33,45574
2016,Males,2,34,44637
2016,Males,2,35,44155
2016,Males,2,36,43470
2016,Males,2,37,40593
2016,Males,2,38,37468
2016,Males,2,39,35689
2016,Males,2,40,36058
2016,Males,2,41,35418
2016,Males,2,42,35089
2016,Males,2,43,36136
2016,Males,2,44,36798
2016,Males,2,45,37801
2016,Males,2,46,37215
2016,Males,2,47,37222
2016,Males,2,48,37199
2016,Males,2,49,36888
2016,Males,2,50,36274
2016,Males,2,51,35835
2016,Males,2,52,35019
2016,Males,2,53,34068
2016,Males,2,54,33202
2016,Males,2,55,32310
2016,Males,2,56,30742
2016,Males,2,57,29594
2016,Males,2,58,28622
2016,Males,2,59,27256
2016,Males,2,60,26093
2016,Males,2,61,24568
2016,Males,2,62,24364
2016,Males,2,63,23520
2016,Males,2,64,22697
2016,Males,2,65,21956
2016,Males,2,66,21903
2016,Males,2,67,21485
2016,Males,2,68,22158
2016,Males,2,69,23182
2016,Males,2,70,17836
2016,Males,2,71,16612
2016,Males,2,72,16419
2016,Males,2,73,15372
2016,Males,2,74,14000
2016,Males,2,75,12653
2016,Males,2,76,12967
2016,Males,2,77,12444
2016,Males,2,78,12025
2016,Males,2,79,10942
2016,Males,2,80,10059
2016,Males,2,81,9197
2016,Males,2,82,8104
2016,Males,2,83,7470
2016,Males,2,84,6842
2016,Males,2,85,6183
2016,Males,2,86,5452
2016,Males,2,87,4477
2016,Males,2,88,3676
2016,Males,2,89,3195
2016,Males,2,90,10507
2016,Males,3,0,40740
2016,Males,3,1,40150
2016,Males,3,2,40244
2016,Males,3,3,40385
2016,Males,3,4,41481
2016,Males,3,5,39213
2016,Males,3,6,38569
2016,Males,3,7,37224
2016,Males,3,8,37495
2016,Males,3,9,36027
2016,Males,3,10,34894
2016,Males,3,11,32812
2016,Males,3,12,31569
2016,Males,3,13,31086
2016,Males,3,14,30304
2016,Males,3,15,30936
2016,Males,3,16,31845
2016,Males,3,17,32929
2016,Males,3,18,34504
2016,Males,3,19,38896
2016,Males,3,20,42715
2016,Males,3,21,43362
2016,Males,3,22,45413
2016,Males,3,23,46421
2016,Males,3,24,47842
2016,Males,3,25,50552
2016,Males,3,26,50520
2016,Males,3,27,49983
2016,Males,3,28,50299
2016,Males,3,29,49701
2016,Males,3,30,50369
2016,Males,3,31,49630
2016,Males,3,32,48365
2016,Males,3,33,47689
2016,Males,3,34,46259
2016,Males,3,35,45588
2016,Males,3,36,44375
2016,Males,3,37,41753
2016,Males,3,38,38046
2016,Males,3,39,36403
2016,Males,3,40,36391
2016,Males,3,41,35908
2016,Males,3,42,35448
2016,Males,3,43,36589
2016,Males,3,44,37382
2016,Males,3,45,38825
2016,Males,3,46,37495
2016,Males,3,47,37825
2016,Males,3,48,37516
2016,Males,3,49,37630
2016,Males,3,50,36717
2016,Males,3,51,36655
2016,Males,3,52,36488
2016,Males,3,53,35250
2016,Males,3,54,34630
2016,Males,3,55,33307
2016,Males,3,56,32007
2016,Males,3,57,30902
2016,Males,3,58,29815
2016,Males,3,59,28395
2016,Males,3,60,27188
2016,Males,3,61,25874
2016,Males,3,62,25399
2016,Males,3,63,25195
2016,Males,3,64,24054
2016,Males,3,65,24010
2016,Males,3,66,23826
2016,Males,3,67,23935
2016,Males,3,68,24369
2016,Males,3,69,26182
2016,Males,3,70,19852
2016,Males,3,71,19190
2016,Males,3,72,18499
2016,Males,3,73,16990
2016,Males,3,74,15306
2016,Males,3,75,13979
2016,Males,3,76,14092
2016,Males,3,77,13938
2016,Males,3,78,13168
2016,Males,3,79,12346
2016,Males,3,80,11144
2016,Males,3,81,10360
2016,Males,3,82,9115
2016,Males,3,83,8209
2016,Males,3,84,7694
2016,Males,3,85,6931
2016,Males,3,86,5974
2016,Males,3,87,4974
2016,Males,3,88,4364
2016,Males,3,89,3692
2016,Males,3,90,12055
2016,Males,4,0,36774
2016,Males,4,1,36312
2016,Males,4,2,35957
2016,Males,4,3,36728
2016,Males,4,4,37478
2016,Males,4,5,36213
2016,Males,4,6,35043
2016,Males,4,7,34486
2016,Males,4,8,34514
2016,Males,4,9,33119
2016,Males,4,10,32189
2016,Males,4,11,30547
2016,Males,4,12,30104
2016,Males,4,13,28830
2016,Males,4,14,28329
2016,Males,4,15,29150
2016,Males,4,16,30432
2016,Males,4,17,31502
2016,Males,4,18,32623
2016,Males,4,19,38807
2016,Males,4,20,42416
2016,Males,4,21,42499
2016,Males,4,22,43685
2016,Males,4,23,43669
2016,Males,4,24,44463
2016,Males,4,25,46104
2016,Males,4,26,46183
2016,Males,4,27,45949
2016,Males,4,28,46126
2016,Males,4,29,44940
2016,Males,4,30,45476
2016,Males,4,31,45490
2016,Males,4,32,44099
2016,Males,4,33,44363
2016,Males,4,34,43382
2016,Males,4,35,42844
2016,Males,4,36,42222
2016,Males,4,37,39928
2016,Males,4,38,36719
2016,Males,4,39,35803
2016,Males,4,40,35341
2016,Males,4,41,35266
2016,Males,4,42,35253
2016,Males,4,43,36786
2016,Males,4,44,37685
2016,Males,4,45,38541
2016,Males,4,46,37462
2016,Males,4,47,37893
2016,Males,4,48,38002
2016,Males,4,49,38219
2016,Males,4,50,38439
2016,Males,4,51,38532
2016,Males,4,52,37843
2016,Males,4,53,36949
2016,Males,4,54,35945
2016,Males,4,55,34689
2016,Males,4,56,32987
2016,Males,4,57,32530
2016,Males,4,58,31355
2016,Males,4,59,30100
2016,Males,4,60,29149
2016,Males,4,61,27936
2016,Males,4,62,27880
2016,Males,4,63,27356
2016,Males,4,64,26288
2016,Males,4,65,26223
2016,Males,4,66,26921
2016,Males,4,67,26946
2016,Males,4,68,27926
2016,Males,4,69,30147
2016,Males,4,70,23144
2016,Males,4,71,21886
2016,Males,4,72,21906
2016,Males,4,73,20362
2016,Males,4,74,17886
2016,Males,4,75,15895
2016,Males,4,76,16203
2016,Males,4,77,15696
2016,Males,4,78,15101
2016,Males,4,79,13821
2016,Males,4,80,12733
2016,Males,4,81,11733
2016,Males,4,82,10543
2016,Males,4,83,9560
2016,Males,4,84,8780
2016,Males,4,85,7953
2016,Males,4,86,7013
2016,Males,4,87,5899
2016,Males,4,88,4827
2016,Males,4,89,4217
2016,Males,4,90,13517
2016,Males,5,0,33493
2016,Males,5,1,32761
2016,Males,5,2,32796
2016,Males,5,3,33798
2016,Males,5,4,34330
2016,Males,5,5,33588
2016,Males,5,6,32891
2016,Males,5,7,32330
2016,Males,5,8,32628
2016,Males,5,9,31336
2016,Males,5,10,30650
2016,Males,5,11,29460
2016,Males,5,12,29259
2016,Males,5,13,28158
2016,Males,5,14,27349
2016,Males,5,15,28593
2016,Males,5,16,29607
2016,Males,5,17,30619
2016,Males,5,18,32171
2016,Males,5,19,34318
2016,Males,5,20,36232
2016,Males,5,21,37214
2016,Males,5,22,38772
2016,Males,5,23,38832
2016,Males,5,24,39628
2016,Males,5,25,41602
2016,Males,5,26,41371
2016,Males,5,27,40755
2016,Males,5,28,41372
2016,Males,5,29,39679
2016,Males,5,30,40325
2016,Males,5,31,40636
2016,Males,5,32,39326
2016,Males,5,33,39648
2016,Males,5,34,39050
2016,Males,5,35,38795
2016,Males,5,36,38541
2016,Males,5,37,36787
2016,Males,5,38,34250
2016,Males,5,39,33209
2016,Males,5,40,33265
2016,Males,5,41,33511
2016,Males,5,42,34171
2016,Males,5,43,35866
2016,Males,5,44,37257
2016,Males,5,45,37964
2016,Males,5,46,37351
2016,Males,5,47,37949
2016,Males,5,48,37690
2016,Males,5,49,38889
2016,Males,5,50,38647
2016,Males,5,51,38755
2016,Males,5,52,38721
2016,Males,5,53,38159
2016,Males,5,54,37056
2016,Males,5,55,36313
2016,Males,5,56,34621
2016,Males,5,57,33818
2016,Males,5,58,33379
2016,Males,5,59,31616
2016,Males,5,60,30659
2016,Males,5,61,29525
2016,Males,5,62,29483
2016,Males,5,63,29397
2016,Males,5,64,28301
2016,Males,5,65,28617
2016,Males,5,66,29042
2016,Males,5,67,29815
2016,Males,5,68,31598
2016,Males,5,69,33802
2016,Males,5,70,26013
2016,Males,5,71,25082
2016,Males,5,72,24572
2016,Males,5,73,22798
2016,Males,5,74,19889
2016,Males,5,75,17796
2016,Males,5,76,18138
2016,Males,5,77,17606
2016,Males,5,78,16814
2016,Males,5,79,15549
2016,Males,5,80,14191
2016,Males,5,81,13103
2016,Males,5,82,11808
2016,Males,5,83,10562
2016,Males,5,84,9994
2016,Males,5,85,8814
2016,Males,5,86,7764
2016,Males,5,87,6421
2016,Males,5,88,5423
2016,Males,5,89,4611
2016,Males,5,90,15154
2016,Males,6,0,32039
2016,Males,6,1,31854
2016,Males,6,2,31894
2016,Males,6,3,32879
2016,Males,6,4,33527
2016,Males,6,5,33408
2016,Males,6,6,32491
2016,Males,6,7,32282
2016,Males,6,8,32198
2016,Males,6,9,31195
2016,Males,6,10,30758
2016,Males,6,11,29589
2016,Males,6,12,28789
2016,Males,6,13,28034
2016,Males,6,14,27878
2016,Males,6,15,28639
2016,Males,6,16,29726
2016,Males,6,17,30764
2016,Males,6,18,31071
2016,Males,6,19,30953
2016,Males,6,20,32185
2016,Males,6,21,32887
2016,Males,6,22,34440
2016,Males,6,23,34958
2016,Males,6,24,36098
2016,Males,6,25,37748
2016,Males,6,26,37496
2016,Males,6,27,37002
2016,Males,6,28,37884
2016,Males,6,29,36627
2016,Males,6,30,37426
2016,Males,6,31,37189
2016,Males,6,32,36807
2016,Males,6,33,36748
2016,Males,6,34,36899
2016,Males,6,35,37143
2016,Males,6,36,36950
2016,Males,6,37,35869
2016,Males,6,38,33662
2016,Males,6,39,32937
2016,Males,6,40,33252
2016,Males,6,41,34066
2016,Males,6,42,34400
2016,Males,6,43,36165
2016,Males,6,44,38199
2016,Males,6,45,38903
2016,Males,6,46,38041
2016,Males,6,47,38739
2016,Males,6,48,38902
2016,Males,6,49,40415
2016,Males,6,50,40277
2016,Males,6,51,40674
2016,Males,6,52,40286
2016,Males,6,53,39317
2016,Males,6,54,38550
2016,Males,6,55,37306
2016,Males,6,56,35484
2016,Males,6,57,35061
2016,Males,6,58,34498
2016,Males,6,59,33320
2016,Males,6,60,31772
2016,Males,6,61,31112
2016,Males,6,62,30675
2016,Males,6,63,30626
2016,Males,6,64,29488
2016,Males,6,65,29984
2016,Males,6,66,30311
2016,Males,6,67,31934
2016,Males,6,68,33710
2016,Males,6,69,36183
2016,Males,6,70,27610
2016,Males,6,71,26853
2016,Males,6,72,26717
2016,Males,6,73,24650
2016,Males,6,74,21456
2016,Males,6,75,18620
2016,Males,6,76,19583
2016,Males,6,77,18704
2016,Males,6,78,18243
2016,Males,6,79,16826
2016,Males,6,80,15422
2016,Males,6,81,14343
2016,Males,6,82,12659
2016,Males,6,83,11597
2016,Males,6,84,10968
2016,Males,6,85,9514
2016,Males,6,86,8216
2016,Males,6,87,7217
2016,Males,6,88,6049
2016,Males,6,89,4943
2016,Males,6,90,16771
2016,Males,7,0,29364
2016,Males,7,1,29559
2016,Males,7,2,29749
2016,Males,7,3,30597
2016,Males,7,4,31941
2016,Males,7,5,31715
2016,Males,7,6,31044
2016,Males,7,7,30860
2016,Males,7,8,31228
2016,Males,7,9,30593
2016,Males,7,10,30128
2016,Males,7,11,28892
2016,Males,7,12,29055
2016,Males,7,13,28273
2016,Males,7,14,28198
2016,Males,7,15,29148
2016,Males,7,16,30298
2016,Males,7,17,31048
2016,Males,7,18,31770
2016,Males,7,19,32014
2016,Males,7,20,32135
2016,Males,7,21,32641
2016,Males,7,22,33561
2016,Males,7,23,33314
2016,Males,7,24,33940
2016,Males,7,25,34965
2016,Males,7,26,34263
2016,Males,7,27,33318
2016,Males,7,28,33777
2016,Males,7,29,32803
2016,Males,7,30,33089
2016,Males,7,31,33418
2016,Males,7,32,32611
2016,Males,7,33,33678
2016,Males,7,34,33591
2016,Males,7,35,34567
2016,Males,7,36,34348
2016,Males,7,37,33629
2016,Males,7,38,31464
2016,Males,7,39,31540
2016,Males,7,40,32022
2016,Males,7,41,32814
2016,Males,7,42,34147
2016,Males,7,43,35797
2016,Males,7,44,37871
2016,Males,7,45,38777
2016,Males,7,46,37558
2016,Males,7,47,39123
2016,Males,7,48,38944
2016,Males,7,49,40659
2016,Males,7,50,40611
2016,Males,7,51,41014
2016,Males,7,52,40661
2016,Males,7,53,39775
2016,Males,7,54,39255
2016,Males,7,55,37452
2016,Males,7,56,36042
2016,Males,7,57,35554
2016,Males,7,58,34319
2016,Males,7,59,33824
2016,Males,7,60,32602
2016,Males,7,61,31374
2016,Males,7,62,31470
2016,Males,7,63,31447
2016,Males,7,64,30208
2016,Males,7,65,30624
2016,Males,7,66,31642
2016,Males,7,67,32705
2016,Males,7,68,34651
2016,Males,7,69,38289
2016,Males,7,70,29314
2016,Males,7,71,28202
2016,Males,7,72,27922
2016,Males,7,73,25428
2016,Males,7,74,22121
2016,Males,7,75,19295
2016,Males,7,76,20008
2016,Males,7,77,19982
2016,Males,7,78,18863
2016,Males,7,79,17440
2016,Males,7,80,16003
2016,Males,7,81,14885
2016,Males,7,82,13210
2016,Males,7,83,12045
2016,Males,7,84,11218
2016,Males,7,85,10026
2016,Males,7,86,8596
2016,Males,7,87,7302
2016,Males,7,88,6121
2016,Males,7,89,5206
2016,Males,7,90,16771
2016,Males,8,0,29018
2016,Males,8,1,28986
2016,Males,8,2,29698
2016,Males,8,3,30839
2016,Males,8,4,32129
2016,Males,8,5,31877
2016,Males,8,6,31616
2016,Males,8,7,31232
2016,Males,8,8,32005
2016,Males,8,9,31246
2016,Males,8,10,30476
2016,Males,8,11,29797
2016,Males,8,12,30013
2016,Males,8,13,28859
2016,Males,8,14,28974
2016,Males,8,15,29595
2016,Males,8,16,30635
2016,Males,8,17,32184
2016,Males,8,18,31954
2016,Males,8,19,30211
2016,Males,8,20,29955
2016,Males,8,21,30331
2016,Males,8,22,31687
2016,Males,8,23,32019
2016,Males,8,24,33253
2016,Males,8,25,32988
2016,Males,8,26,32332
2016,Males,8,27,31607
2016,Males,8,28,32157
2016,Males,8,29,30674
2016,Males,8,30,31098
2016,Males,8,31,31288
2016,Males,8,32,31046
2016,Males,8,33,31603
2016,Males,8,34,32214
2016,Males,8,35,32815
2016,Males,8,36,33744
2016,Males,8,37,33144
2016,Males,8,38,31162
2016,Males,8,39,31162
2016,Males,8,40,31583
2016,Males,8,41,33328
2016,Males,8,42,34316
2016,Males,8,43,36176
2016,Males,8,44,38183
2016,Males,8,45,39234
2016,Males,8,46,38314
2016,Males,8,47,39488
2016,Males,8,48,39863
2016,Males,8,49,40833
2016,Males,8,50,40705
2016,Males,8,51,40739
2016,Males,8,52,40357
2016,Males,8,53,39805
2016,Males,8,54,39097
2016,Males,8,55,38179
2016,Males,8,56,36395
2016,Males,8,57,35630
2016,Males,8,58,35038
2016,Males,8,59,33357
2016,Males,8,60,32272
2016,Males,8,61,31063
2016,Males,8,62,31662
2016,Males,8,63,31279
2016,Males,8,64,30211
2016,Males,8,65,30584
2016,Males,8,66,31371
2016,Males,8,67,33084
2016,Males,8,68,34542
2016,Males,8,69,38402
2016,Males,8,70,29520
2016,Males,8,71,28580
2016,Males,8,72,28263
2016,Males,8,73,25458
2016,Males,8,74,22383
2016,Males,8,75,19580
2016,Males,8,76,20208
2016,Males,8,77,19825
2016,Males,8,78,18760
2016,Males,8,79,17602
2016,Males,8,80,16352
2016,Males,8,81,14998
2016,Males,8,82,13486
2016,Males,8,83,12222
2016,Males,8,84,11248
2016,Males,8,85,10304
2016,Males,8,86,8714
2016,Males,8,87,7540
2016,Males,8,88,6287
2016,Males,8,89,5340
2016,Males,8,90,17198
2016,Males,9,0,27288
2016,Males,9,1,27992
2016,Males,9,2,28989
2016,Males,9,3,29842
2016,Males,9,4,31756
2016,Males,9,5,31786
2016,Males,9,6,31817
2016,Males,9,7,31549
2016,Males,9,8,32227
2016,Males,9,9,31558
2016,Males,9,10,31656
2016,Males,9,11,30735
2016,Males,9,12,30433
2016,Males,9,13,30267
2016,Males,9,14,29720
2016,Males,9,15,30469
2016,Males,9,16,31719
2016,Males,9,17,33117
2016,Males,9,18,32924
2016,Males,9,19,32710
2016,Males,9,20,29820
2016,Males,9,21,29213
2016,Males,9,22,29846
2016,Males,9,23,29687
2016,Males,9,24,30404
2016,Males,9,25,30719
2016,Males,9,26,29395
2016,Males,9,27,28717
2016,Males,9,28,28473
2016,Males,9,29,27269
2016,Males,9,30,27855
2016,Males,9,31,27949
2016,Males,9,32,27480
2016,Males,9,33,28205
2016,Males,9,34,29205
2016,Males,9,35,30517
2016,Males,9,36,31837
2016,Males,9,37,31209
2016,Males,9,38,30127
2016,Males,9,39,30443
2016,Males,9,40,31400
2016,Males,9,41,32925
2016,Males,9,42,34443
2016,Males,9,43,36508
2016,Males,9,44,38562
2016,Males,9,45,39509
2016,Males,9,46,38573
2016,Males,9,47,40333
2016,Males,9,48,39982
2016,Males,9,49,40976
2016,Males,9,50,40894
2016,Males,9,51,41389
2016,Males,9,52,41312
2016,Males,9,53,40388
2016,Males,9,54,39905
2016,Males,9,55,37880
2016,Males,9,56,36484
2016,Males,9,57,35613
2016,Males,9,58,35425
2016,Males,9,59,33757
2016,Males,9,60,32589
2016,Males,9,61,31221
2016,Males,9,62,31618
2016,Males,9,63,31388
2016,Males,9,64,30455
2016,Males,9,65,30958
2016,Males,9,66,31402
2016,Males,9,67,33085
2016,Males,9,68,35315
2016,Males,9,69,39326
2016,Males,9,70,29915
2016,Males,9,71,28885
2016,Males,9,72,29146
2016,Males,9,73,26045
2016,Males,9,74,22569
2016,Males,9,75,19869
2016,Males,9,76,20547
2016,Males,9,77,20254
2016,Males,9,78,19188
2016,Males,9,79,18261
2016,Males,9,80,16911
2016,Males,9,81,15405
2016,Males,9,82,13819
2016,Males,9,83,12655
2016,Males,9,84,11707
2016,Males,9,85,10376
2016,Males,9,86,9189
2016,Males,9,87,7672
2016,Males,9,88,6335
2016,Males,9,89,5360
2016,Males,9,90,17821
2016,Males,10,0,24829
2016,Males,10,1,26057
2016,Males,10,2,27522
2016,Males,10,3,29295
2016,Males,10,4,31334
2016,Males,10,5,32600
2016,Males,10,6,32237
2016,Males,10,7,32431
2016,Males,10,8,33626
2016,Males,10,9,33811
2016,Males,10,10,32838
2016,Males,10,11,32389
2016,Males,10,12,32963
2016,Males,10,13,31918
2016,Males,10,14,31540
2016,Males,10,15,32276
2016,Males,10,16,32893
2016,Males,10,17,34010
2016,Males,10,18,33240
2016,Males,10,19,29884
2016,Males,10,20,25552
2016,Males,10,21,24824
2016,Males,10,22,26289
2016,Males,10,23,25961
2016,Males,10,24,25963
2016,Males,10,25,25112
2016,Males,10,26,24237
2016,Males,10,27,22918
2016,Males,10,28,22635
2016,Males,10,29,21166
2016,Males,10,30,22145
2016,Males,10,31,22216
2016,Males,10,32,22199
2016,Males,10,33,23283
2016,Males,10,34,24261
2016,Males,10,35,26844
2016,Males,10,36,28567
2016,Males,10,37,29137
2016,Males,10,38,28552
2016,Males,10,39,29442
2016,Males,10,40,30914
2016,Males,10,41,33095
2016,Males,10,42,34529
2016,Males,10,43,36480
2016,Males,10,44,38739
2016,Males,10,45,39539
2016,Males,10,46,38880
2016,Males,10,47,40107
2016,Males,10,48,40279
2016,Males,10,49,41051
2016,Males,10,50,41029
2016,Males,10,51,41578
2016,Males,10,52,41357
2016,Males,10,53,40947
2016,Males,10,54,39831
2016,Males,10,55,38513
2016,Males,10,56,36820
2016,Males,10,57,36001
2016,Males,10,58,35171
2016,Males,10,59,33984
2016,Males,10,60,32778
2016,Males,10,61,31344
2016,Males,10,62,31397
2016,Males,10,63,30952
2016,Males,10,64,30355
2016,Males,10,65,30572
2016,Males,10,66,31426
2016,Males,10,67,32656
2016,Males,10,68,35642
2016,Males,10,69,39259
2016,Males,10,70,29835
2016,Males,10,71,29045
2016,Males,10,72,28878
2016,Males,10,73,26062
2016,Males,10,74,22406
2016,Males,10,75,19437
2016,Males,10,76,20355
2016,Males,10,77,20106
2016,Males,10,78,19401
2016,Males,10,79,18229
2016,Males,10,80,17094
2016,Males,10,81,15885
2016,Males,10,82,14516
2016,Males,10,83,13209
2016,Males,10,84,12269
2016,Males,10,85,11027
2016,Males,10,86,9557
2016,Males,10,87,8176
2016,Males,10,88,6680
2016,Males,10,89,5708
2016,Males,10,90,18409
2017,Males,1,0,45700
2017,Males,1,1,46561
2017,Males,1,2,46803
2017,Males,1,3,46991
2017,Males,1,4,47456
2017,Males,1,5,48262
2017,Males,1,6,46570
2017,Males,1,7,45329
2017,Males,1,8,44514
2017,Males,1,9,44272
2017,Males,1,10,42874
2017,Males,1,11,41344
2017,Males,1,12,38971
2017,Males,1,13,37281
2017,Males,1,14,36328
2017,Males,1,15,35263
2017,Males,1,16,35724
2017,Males,1,17,36392
2017,Males,1,18,37095
2017,Males,1,19,38086
2017,Males,1,20,39259
2017,Males,1,21,39559
2017,Males,1,22,38737
2017,Males,1,23,40837
2017,Males,1,24,41413
2017,Males,1,25,44881
2017,Males,1,26,46449
2017,Males,1,27,45979
2017,Males,1,28,43984
2017,Males,1,29,43751
2017,Males,1,30,43222
2017,Males,1,31,44245
2017,Males,1,32,44322
2017,Males,1,33,42129
2017,Males,1,34,41101
2017,Males,1,35,40674
2017,Males,1,36,39889
2017,Males,1,37,39923
2017,Males,1,38,37120
2017,Males,1,39,34429
2017,Males,1,40,33483
2017,Males,1,41,33759
2017,Males,1,42,33687
2017,Males,1,43,33322
2017,Males,1,44,34143
2017,Males,1,45,35324
2017,Males,1,46,35859
2017,Males,1,47,35271
2017,Males,1,48,35181
2017,Males,1,49,35066
2017,Males,1,50,35289
2017,Males,1,51,34432
2017,Males,1,52,34188
2017,Males,1,53,33841
2017,Males,1,54,32823
2017,Males,1,55,32492
2017,Males,1,56,30827
2017,Males,1,57,29851
2017,Males,1,58,28428
2017,Males,1,59,27751
2017,Males,1,60,27031
2017,Males,1,61,25645
2017,Males,1,62,24190
2017,Males,1,63,23559
2017,Males,1,64,22792
2017,Males,1,65,22078
2017,Males,1,66,21559
2017,Males,1,67,20985
2017,Males,1,68,20529
2017,Males,1,69,21043
2017,Males,1,70,21604
2017,Males,1,71,16346
2017,Males,1,72,15491
2017,Males,1,73,14964
2017,Males,1,74,13862
2017,Males,1,75,12565
2017,Males,1,76,11498
2017,Males,1,77,11602
2017,Males,1,78,10950
2017,Males,1,79,10450
2017,Males,1,80,9458
2017,Males,1,81,8879
2017,Males,1,82,7971
2017,Males,1,83,6830
2017,Males,1,84,6246
2017,Males,1,85,5518
2017,Males,1,86,4948
2017,Males,1,87,4289
2017,Males,1,88,3469
2017,Males,1,89,2814
2017,Males,1,90,9612
2017,Males,2,0,41850
2017,Males,2,1,43144
2017,Males,2,2,42734
2017,Males,2,3,42939
2017,Males,2,4,43915
2017,Males,2,5,44746
2017,Males,2,6,42729
2017,Males,2,7,42467
2017,Males,2,8,41475
2017,Males,2,9,41326
2017,Males,2,10,39137
2017,Males,2,11,38307
2017,Males,2,12,36142
2017,Males,2,13,34676
2017,Males,2,14,33872
2017,Males,2,15,32832
2017,Males,2,16,33648
2017,Males,2,17,34512
2017,Males,2,18,36226
2017,Males,2,19,38266
2017,Males,2,20,41749
2017,Males,2,21,42105
2017,Males,2,22,42594
2017,Males,2,23,44757
2017,Males,2,24,45957
2017,Males,2,25,47202
2017,Males,2,26,49620
2017,Males,2,27,48848
2017,Males,2,28,48170
2017,Males,2,29,48307
2017,Males,2,30,47583
2017,Males,2,31,48025
2017,Males,2,32,48205
2017,Males,2,33,46046
2017,Males,2,34,45066
2017,Males,2,35,44287
2017,Males,2,36,43607
2017,Males,2,37,42935
2017,Males,2,38,40193
2017,Males,2,39,37108
2017,Males,2,40,35236
2017,Males,2,41,35581
2017,Males,2,42,35215
2017,Males,2,43,34741
2017,Males,2,44,36002
2017,Males,2,45,36637
2017,Males,2,46,37639
2017,Males,2,47,36939
2017,Males,2,48,37079
2017,Males,2,49,37070
2017,Males,2,50,36755
2017,Males,2,51,36129
2017,Males,2,52,35593
2017,Males,2,53,34856
2017,Males,2,54,33881
2017,Males,2,55,33387
2017,Males,2,56,32030
2017,Males,2,57,30495
2017,Males,2,58,29290
2017,Males,2,59,28408
2017,Males,2,60,27133
2017,Males,2,61,25788
2017,Males,2,62,24353
2017,Males,2,63,23985
2017,Males,2,64,23198
2017,Males,2,65,22288
2017,Males,2,66,21498
2017,Males,2,67,21395
2017,Males,2,68,20992
2017,Males,2,69,21578
2017,Males,2,70,22606
2017,Males,2,71,17393
2017,Males,2,72,16100
2017,Males,2,73,15896
2017,Males,2,74,14826
2017,Males,2,75,13278
2017,Males,2,76,12130
2017,Males,2,77,12385
2017,Males,2,78,11805
2017,Males,2,79,11305
2017,Males,2,80,10296
2017,Males,2,81,9358
2017,Males,2,82,8516
2017,Males,2,83,7368
2017,Males,2,84,6745
2017,Males,2,85,6221
2017,Males,2,86,5489
2017,Males,2,87,4811
2017,Males,2,88,3880
2017,Males,2,89,3205
2017,Males,2,90,10956
2017,Males,3,0,39470
2017,Males,3,1,40338
2017,Males,3,2,39946
2017,Males,3,3,39816
2017,Males,3,4,40076
2017,Males,3,5,41170
2017,Males,3,6,39129
2017,Males,3,7,38374
2017,Males,3,8,37143
2017,Males,3,9,37408
2017,Males,3,10,35951
2017,Males,3,11,34957
2017,Males,3,12,32736
2017,Males,3,13,31637
2017,Males,3,14,31209
2017,Males,3,15,30663
2017,Males,3,16,31298
2017,Males,3,17,32028
2017,Males,3,18,33963
2017,Males,3,19,38791
2017,Males,3,20,42365
2017,Males,3,21,44394
2017,Males,3,22,44207
2017,Males,3,23,46571
2017,Males,3,24,47669
2017,Males,3,25,48547
2017,Males,3,26,51282
2017,Males,3,27,51114
2017,Males,3,28,50285
2017,Males,3,29,50536
2017,Males,3,30,48902
2017,Males,3,31,50088
2017,Males,3,32,49434
2017,Males,3,33,47811
2017,Males,3,34,47043
2017,Males,3,35,45210
2017,Males,3,36,45005
2017,Males,3,37,43576
2017,Males,3,38,41252
2017,Males,3,39,37720
2017,Males,3,40,35638
2017,Males,3,41,36126
2017,Males,3,42,35611
2017,Males,3,43,35347
2017,Males,3,44,36361
2017,Males,3,45,37473
2017,Males,3,46,38562
2017,Males,3,47,37291
2017,Males,3,48,37532
2017,Males,3,49,37387
2017,Males,3,50,37428
2017,Males,3,51,36497
2017,Males,3,52,36641
2017,Males,3,53,36321
2017,Males,3,54,35080
2017,Males,3,55,34799
2017,Males,3,56,33189
2017,Males,3,57,31892
2017,Males,3,58,30616
2017,Males,3,59,29647
2017,Males,3,60,28174
2017,Males,3,61,27043
2017,Males,3,62,25680
2017,Males,3,63,25231
2017,Males,3,64,24988
2017,Males,3,65,23693
2017,Males,3,66,23600
2017,Males,3,67,23476
2017,Males,3,68,23347
2017,Males,3,69,24039
2017,Males,3,70,25441
2017,Males,3,71,19367
2017,Males,3,72,18702
2017,Males,3,73,17911
2017,Males,3,74,16508
2017,Males,3,75,14864
2017,Males,3,76,13467
2017,Males,3,77,13530
2017,Males,3,78,13298
2017,Males,3,79,12647
2017,Males,3,80,11424
2017,Males,3,81,10397
2017,Males,3,82,9619
2017,Males,3,83,8348
2017,Males,3,84,7484
2017,Males,3,85,6926
2017,Males,3,86,6231
2017,Males,3,87,5292
2017,Males,3,88,4313
2017,Males,3,89,3720
2017,Males,3,90,12346
2017,Males,4,0,36086
2017,Males,4,1,36560
2017,Males,4,2,36232
2017,Males,4,3,35914
2017,Males,4,4,36594
2017,Males,4,5,37334
2017,Males,4,6,36357
2017,Males,4,7,35076
2017,Males,4,8,34456
2017,Males,4,9,34622
2017,Males,4,10,33358
2017,Males,4,11,32181
2017,Males,4,12,30653
2017,Males,4,13,30061
2017,Males,4,14,28794
2017,Males,4,15,28845
2017,Males,4,16,29563
2017,Males,4,17,30888
2017,Males,4,18,32786
2017,Males,4,19,37004
2017,Males,4,20,42005
2017,Males,4,21,43631
2017,Males,4,22,42491
2017,Males,4,23,43885
2017,Males,4,24,44191
2017,Males,4,25,44236
2017,Males,4,26,46410
2017,Males,4,27,46756
2017,Males,4,28,46278
2017,Males,4,29,46400
2017,Males,4,30,44317
2017,Males,4,31,45447
2017,Males,4,32,45249
2017,Males,4,33,43818
2017,Males,4,34,43966
2017,Males,4,35,42484
2017,Males,4,36,42338
2017,Males,4,37,41675
2017,Males,4,38,39667
2017,Males,4,39,36301
2017,Males,4,40,35223
2017,Males,4,41,35152
2017,Males,4,42,35151
2017,Males,4,43,35259
2017,Males,4,44,36652
2017,Males,4,45,37428
2017,Males,4,46,38428
2017,Males,4,47,37450
2017,Males,4,48,37851
2017,Males,4,49,37965
2017,Males,4,50,38303
2017,Males,4,51,38232
2017,Males,4,52,38464
2017,Males,4,53,37869
2017,Males,4,54,36789
2017,Males,4,55,35785
2017,Males,4,56,34487
2017,Males,4,57,32772
2017,Males,4,58,32398
2017,Males,4,59,31205
2017,Males,4,60,30086
2017,Males,4,61,28956
2017,Males,4,62,27653
2017,Males,4,63,27626
2017,Males,4,64,27038
2017,Males,4,65,25914
2017,Males,4,66,25960
2017,Males,4,67,26525
2017,Males,4,68,26687
2017,Males,4,69,27502
2017,Males,4,70,29576
2017,Males,4,71,22691
2017,Males,4,72,21437
2017,Males,4,73,21294
2017,Males,4,74,19727
2017,Males,4,75,17265
2017,Males,4,76,15384
2017,Males,4,77,15557
2017,Males,4,78,15005
2017,Males,4,79,14391
2017,Males,4,80,13173
2017,Males,4,81,11922
2017,Males,4,82,11029
2017,Males,4,83,9804
2017,Males,4,84,8702
2017,Males,4,85,7930
2017,Males,4,86,7021
2017,Males,4,87,6187
2017,Males,4,88,5168
2017,Males,4,89,4211
2017,Males,4,90,14076
2017,Males,5,0,32753
2017,Males,5,1,33337
2017,Males,5,2,32592
2017,Males,5,3,32926
2017,Males,5,4,33842
2017,Males,5,5,34290
2017,Males,5,6,33785
2017,Males,5,7,33118
2017,Males,5,8,32501
2017,Males,5,9,32681
2017,Males,5,10,31388
2017,Males,5,11,30702
2017,Males,5,12,29639
2017,Males,5,13,29497
2017,Males,5,14,28418
2017,Males,5,15,27639
2017,Males,5,16,28872
2017,Males,5,17,29771
2017,Males,5,18,31419
2017,Males,5,19,33776
2017,Males,5,20,36385
2017,Males,5,21,37169
2017,Males,5,22,37332
2017,Males,5,23,38866
2017,Males,5,24,39008
2017,Males,5,25,40107
2017,Males,5,26,42183
2017,Males,5,27,41536
2017,Males,5,28,41022
2017,Males,5,29,41597
2017,Males,5,30,39115
2017,Males,5,31,40231
2017,Males,5,32,40465
2017,Males,5,33,39268
2017,Males,5,34,39400
2017,Males,5,35,38214
2017,Males,5,36,38730
2017,Males,5,37,38365
2017,Males,5,38,36581
2017,Males,5,39,34147
2017,Males,5,40,33062
2017,Males,5,41,33147
2017,Males,5,42,33605
2017,Males,5,43,34020
2017,Males,5,44,35761
2017,Males,5,45,37348
2017,Males,5,46,38011
2017,Males,5,47,37398
2017,Males,5,48,38072
2017,Males,5,49,37719
2017,Males,5,50,38872
2017,Males,5,51,38692
2017,Males,5,52,38705
2017,Males,5,53,38790
2017,Males,5,54,38099
2017,Males,5,55,37221
2017,Males,5,56,36163
2017,Males,5,57,34586
2017,Males,5,58,33794
2017,Males,5,59,33386
2017,Males,5,60,31542
2017,Males,5,61,30578
2017,Males,5,62,29424
2017,Males,5,63,29447
2017,Males,5,64,29158
2017,Males,5,65,27982
2017,Males,5,66,28341
2017,Males,5,67,28637
2017,Males,5,68,29507
2017,Males,5,69,31112
2017,Males,5,70,33213
2017,Males,5,71,25532
2017,Males,5,72,24555
2017,Males,5,73,24040
2017,Males,5,74,22211
2017,Males,5,75,19422
2017,Males,5,76,17184
2017,Males,5,77,17539
2017,Males,5,78,16882
2017,Males,5,79,16115
2017,Males,5,80,14709
2017,Males,5,81,13409
2017,Males,5,82,12361
2017,Males,5,83,10906
2017,Males,5,84,9748
2017,Males,5,85,9052
2017,Males,5,86,7887
2017,Males,5,87,6900
2017,Males,5,88,5657
2017,Males,5,89,4610
2017,Males,5,90,15637
2017,Males,6,0,31375
2017,Males,6,1,32404
2017,Males,6,2,31966
2017,Males,6,3,32136
2017,Males,6,4,33189
2017,Males,6,5,33769
2017,Males,6,6,33548
2017,Males,6,7,32595
2017,Males,6,8,32294
2017,Males,6,9,32570
2017,Males,6,10,31505
2017,Males,6,11,31018
2017,Males,6,12,29716
2017,Males,6,13,29012
2017,Males,6,14,28212
2017,Males,6,15,28063
2017,Males,6,16,28845
2017,Males,6,17,29993
2017,Males,6,18,30846
2017,Males,6,19,29562
2017,Males,6,20,32380
2017,Males,6,21,32504
2017,Males,6,22,33654
2017,Males,6,23,35122
2017,Males,6,24,35296
2017,Males,6,25,36651
2017,Males,6,26,38178
2017,Males,6,27,37731
2017,Males,6,28,37193
2017,Males,6,29,37935
2017,Males,6,30,36285
2017,Males,6,31,37514
2017,Males,6,32,37366
2017,Males,6,33,36600
2017,Males,6,34,36724
2017,Males,6,35,36540
2017,Males,6,36,37295
2017,Males,6,37,36926
2017,Males,6,38,36054
2017,Males,6,39,33640
2017,Males,6,40,32480
2017,Males,6,41,33316
2017,Males,6,42,34040
2017,Males,6,43,34410
2017,Males,6,44,36346
2017,Males,6,45,38000
2017,Males,6,46,39022
2017,Males,6,47,38009
2017,Males,6,48,38765
2017,Males,6,49,38894
2017,Males,6,50,40477
2017,Males,6,51,40422
2017,Males,6,52,40575
2017,Males,6,53,40296
2017,Males,6,54,39358
2017,Males,6,55,38422
2017,Males,6,56,37312
2017,Males,6,57,35482
2017,Males,6,58,35019
2017,Males,6,59,34479
2017,Males,6,60,33080
2017,Males,6,61,31684
2017,Males,6,62,31018
2017,Males,6,63,30447
2017,Males,6,64,30539
2017,Males,6,65,29140
2017,Males,6,66,29740
2017,Males,6,67,30045
2017,Males,6,68,31524
2017,Males,6,69,33294
2017,Males,6,70,35628
2017,Males,6,71,27147
2017,Males,6,72,26374
2017,Males,6,73,26025
2017,Males,6,74,24022
2017,Males,6,75,20961
2017,Males,6,76,18072
2017,Males,6,77,19001
2017,Males,6,78,18046
2017,Males,6,79,17384
2017,Males,6,80,16050
2017,Males,6,81,14673
2017,Males,6,82,13454
2017,Males,6,83,11828
2017,Males,6,84,10626
2017,Males,6,85,9788
2017,Males,6,86,8602
2017,Males,6,87,7328
2017,Males,6,88,6307
2017,Males,6,89,5245
2017,Males,6,90,17335
2017,Males,7,0,28990
2017,Males,7,1,29940
2017,Males,7,2,30029
2017,Males,7,3,30043
2017,Males,7,4,31135
2017,Males,7,5,32575
2017,Males,7,6,32128
2017,Males,7,7,31322
2017,Males,7,8,31269
2017,Males,7,9,31660
2017,Males,7,10,30885
2017,Males,7,11,30368
2017,Males,7,12,29224
2017,Males,7,13,29455
2017,Males,7,14,28619
2017,Males,7,15,28651
2017,Males,7,16,29359
2017,Males,7,17,30456
2017,Males,7,18,31347
2017,Males,7,19,31022
2017,Males,7,20,31749
2017,Males,7,21,32303
2017,Males,7,22,32853
2017,Males,7,23,33771
2017,Males,7,24,33197
2017,Males,7,25,33855
2017,Males,7,26,35033
2017,Males,7,27,34378
2017,Males,7,28,33555
2017,Males,7,29,34098
2017,Males,7,30,32728
2017,Males,7,31,33178
2017,Males,7,32,33572
2017,Males,7,33,32914
2017,Males,7,34,33889
2017,Males,7,35,33762
2017,Males,7,36,34787
2017,Males,7,37,34563
2017,Males,7,38,33742
2017,Males,7,39,31577
2017,Males,7,40,31817
2017,Males,7,41,32131
2017,Males,7,42,33088
2017,Males,7,43,34252
2017,Males,7,44,35974
2017,Males,7,45,37944
2017,Males,7,46,38924
2017,Males,7,47,37689
2017,Males,7,48,39084
2017,Males,7,49,38934
2017,Males,7,50,40733
2017,Males,7,51,40606
2017,Males,7,52,41010
2017,Males,7,53,40654
2017,Males,7,54,39779
2017,Males,7,55,38772
2017,Males,7,56,37442
2017,Males,7,57,36036
2017,Males,7,58,35548
2017,Males,7,59,34119
2017,Males,7,60,33600
2017,Males,7,61,32472
2017,Males,7,62,31163
2017,Males,7,63,31268
2017,Males,7,64,31268
2017,Males,7,65,30066
2017,Males,7,66,30411
2017,Males,7,67,31349
2017,Males,7,68,32318
2017,Males,7,69,34284
2017,Males,7,70,37871
2017,Males,7,71,28830
2017,Males,7,72,27654
2017,Males,7,73,27403
2017,Males,7,74,24889
2017,Males,7,75,21697
2017,Males,7,76,18762
2017,Males,7,77,19391
2017,Males,7,78,19238
2017,Males,7,79,18113
2017,Males,7,80,16526
2017,Males,7,81,15192
2017,Males,7,82,13944
2017,Males,7,83,12361
2017,Males,7,84,11154
2017,Males,7,85,10240
2017,Males,7,86,9190
2017,Males,7,87,7598
2017,Males,7,88,6339
2017,Males,7,89,5322
2017,Males,7,90,17455
2017,Males,8,0,28115
2017,Males,8,1,29588
2017,Males,8,2,29598
2017,Males,8,3,30215
2017,Males,8,4,31306
2017,Males,8,5,32626
2017,Males,8,6,32193
2017,Males,8,7,31967
2017,Males,8,8,31565
2017,Males,8,9,32225
2017,Males,8,10,31606
2017,Males,8,11,30876
2017,Males,8,12,30236
2017,Males,8,13,30266
2017,Males,8,14,29230
2017,Males,8,15,29192
2017,Males,8,16,29723
2017,Males,8,17,31035
2017,Males,8,18,31685
2017,Males,8,19,29963
2017,Males,8,20,29728
2017,Males,8,21,30377
2017,Males,8,22,30828
2017,Males,8,23,31937
2017,Males,8,24,32091
2017,Males,8,25,33000
2017,Males,8,26,32877
2017,Males,8,27,32159
2017,Males,8,28,31508
2017,Males,8,29,32177
2017,Males,8,30,30785
2017,Males,8,31,31298
2017,Males,8,32,31397
2017,Males,8,33,30993
2017,Males,8,34,31781
2017,Males,8,35,32352
2017,Males,8,36,33034
2017,Males,8,37,33867
2017,Males,8,38,33480
2017,Males,8,39,31429
2017,Males,8,40,31305
2017,Males,8,41,31696
2017,Males,8,42,33423
2017,Males,8,43,34495
2017,Males,8,44,36374
2017,Males,8,45,38116
2017,Males,8,46,39262
2017,Males,8,47,38410
2017,Males,8,48,39571
2017,Males,8,49,39955
2017,Males,8,50,40738
2017,Males,8,51,40667
2017,Males,8,52,40786
2017,Males,8,53,40336
2017,Males,8,54,39792
2017,Males,8,55,38876
2017,Males,8,56,38154
2017,Males,8,57,36287
2017,Males,8,58,35333
2017,Males,8,59,34857
2017,Males,8,60,32998
2017,Males,8,61,32070
2017,Males,8,62,30880
2017,Males,8,63,31430
2017,Males,8,64,31068
2017,Males,8,65,29889
2017,Males,8,66,30399
2017,Males,8,67,31013
2017,Males,8,68,32900
2017,Males,8,69,34056
2017,Males,8,70,38000
2017,Males,8,71,29156
2017,Males,8,72,28126
2017,Males,8,73,27765
2017,Males,8,74,24894
2017,Males,8,75,21783
2017,Males,8,76,19079
2017,Males,8,77,19533
2017,Males,8,78,19108
2017,Males,8,79,17984
2017,Males,8,80,16937
2017,Males,8,81,15617
2017,Males,8,82,14081
2017,Males,8,83,12647
2017,Males,8,84,11287
2017,Males,8,85,10204
2017,Males,8,86,9253
2017,Males,8,87,7707
2017,Males,8,88,6556
2017,Males,8,89,5329
2017,Males,8,90,17958
2017,Males,9,0,26759
2017,Males,9,1,28119
2017,Males,9,2,28869
2017,Males,9,3,29753
2017,Males,9,4,30556
2017,Males,9,5,32306
2017,Males,9,6,32285
2017,Males,9,7,32307
2017,Males,9,8,32056
2017,Males,9,9,32782
2017,Males,9,10,31925
2017,Males,9,11,32082
2017,Males,9,12,31104
2017,Males,9,13,30839
2017,Males,9,14,30763
2017,Males,9,15,29914
2017,Males,9,16,30759
2017,Males,9,17,32413
2017,Males,9,18,32853
2017,Males,9,19,31850
2017,Males,9,20,29490
2017,Males,9,21,29194
2017,Males,9,22,29465
2017,Males,9,23,30047
2017,Males,9,24,29226
2017,Males,9,25,29966
2017,Males,9,26,30028
2017,Males,9,27,28914
2017,Males,9,28,28542
2017,Males,9,29,28424
2017,Males,9,30,27632
2017,Males,9,31,28030
2017,Males,9,32,28252
2017,Males,9,33,27736
2017,Males,9,34,28579
2017,Males,9,35,29878
2017,Males,9,36,31075
2017,Males,9,37,32423
2017,Males,9,38,31670
2017,Males,9,39,30569
2017,Males,9,40,31088
2017,Males,9,41,31777
2017,Males,9,42,33138
2017,Males,9,43,34797
2017,Males,9,44,36637
2017,Males,9,45,38670
2017,Males,9,46,39639
2017,Males,9,47,38601
2017,Males,9,48,40440
2017,Males,9,49,40157
2017,Males,9,50,40832
2017,Males,9,51,40795
2017,Males,9,52,41267
2017,Males,9,53,41267
2017,Males,9,54,40297
2017,Males,9,55,39444
2017,Males,9,56,37665
2017,Males,9,57,36235
2017,Males,9,58,35478
2017,Males,9,59,35104
2017,Males,9,60,33374
2017,Males,9,61,32329
2017,Males,9,62,30997
2017,Males,9,63,31325
2017,Males,9,64,31141
2017,Males,9,65,30108
2017,Males,9,66,30629
2017,Males,9,67,31137
2017,Males,9,68,32745
2017,Males,9,69,34942
2017,Males,9,70,38758
2017,Males,9,71,29508
2017,Males,9,72,28411
2017,Males,9,73,28657
2017,Males,9,74,25537
2017,Males,9,75,22020
2017,Males,9,76,19358
2017,Males,9,77,19962
2017,Males,9,78,19614
2017,Males,9,79,18461
2017,Males,9,80,17546
2017,Males,9,81,16068
2017,Males,9,82,14479
2017,Males,9,83,12911
2017,Males,9,84,11803
2017,Males,9,85,10803
2017,Males,9,86,9475
2017,Males,9,87,8168
2017,Males,9,88,6788
2017,Males,9,89,5455
2017,Males,9,90,18571
2017,Males,10,0,23937
2017,Males,10,1,26055
2017,Males,10,2,27561
2017,Males,10,3,28874
2017,Males,10,4,30427
2017,Males,10,5,32196
2017,Males,10,6,33194
2017,Males,10,7,32843
2017,Males,10,8,32998
2017,Males,10,9,34061
2017,Males,10,10,34190
2017,Males,10,11,33302
2017,Males,10,12,32738
2017,Males,10,13,33087
2017,Males,10,14,32023
2017,Males,10,15,31442
2017,Males,10,16,32244
2017,Males,10,17,33039
2017,Males,10,18,33176
2017,Males,10,19,28875
2017,Males,10,20,25417
2017,Males,10,21,25126
2017,Males,10,22,25638
2017,Males,10,23,26537
2017,Males,10,24,25348
2017,Males,10,25,24524
2017,Males,10,26,24073
2017,Males,10,27,23401
2017,Males,10,28,22420
2017,Males,10,29,22231
2017,Males,10,30,21724
2017,Males,10,31,22220
2017,Males,10,32,22736
2017,Males,10,33,22741
2017,Males,10,34,23708
2017,Males,10,35,26168
2017,Males,10,36,27614
2017,Males,10,37,29423
2017,Males,10,38,29931
2017,Males,10,39,29247
2017,Males,10,40,30700
2017,Males,10,41,31363
2017,Males,10,42,33546
2017,Males,10,43,34924
2017,Males,10,44,36974
2017,Males,10,45,38899
2017,Males,10,46,39760
2017,Males,10,47,38888
2017,Males,10,48,40113
2017,Males,10,49,40089
2017,Males,10,50,40601
2017,Males,10,51,40878
2017,Males,10,52,41419
2017,Males,10,53,41041
2017,Males,10,54,40711
2017,Males,10,55,39451
2017,Males,10,56,38175
2017,Males,10,57,36464
2017,Males,10,58,35574
2017,Males,10,59,34835
2017,Males,10,60,33488
2017,Males,10,61,32384
2017,Males,10,62,30986
2017,Males,10,63,30999
2017,Males,10,64,30583
2017,Males,10,65,30098
2017,Males,10,66,30147
2017,Males,10,67,31059
2017,Males,10,68,32382
2017,Males,10,69,35163
2017,Males,10,70,38989
2017,Males,10,71,29475
2017,Males,10,72,28603
2017,Males,10,73,28393
2017,Males,10,74,25578
2017,Males,10,75,21948
2017,Males,10,76,18983
2017,Males,10,77,19747
2017,Males,10,78,19503
2017,Males,10,79,18753
2017,Males,10,80,17483
2017,Males,10,81,16306
2017,Males,10,82,15105
2017,Males,10,83,13654
2017,Males,10,84,12275
2017,Males,10,85,11308
2017,Males,10,86,10066
2017,Males,10,87,8548
2017,Males,10,88,7161
2017,Males,10,89,5786
2017,Males,10,90,19392
2001,Females,1,0,36682
2001,Females,1,1,36933
2001,Females,1,2,37072
2001,Females,1,3,37634
2001,Females,1,4,38698
2001,Females,1,5,37834
2001,Females,1,6,37295
2001,Females,1,7,38048
2001,Females,1,8,38384
2001,Females,1,9,39330
2001,Females,1,10,39646
2001,Females,1,11,38535
2001,Females,1,12,37771
2001,Females,1,13,38169
2001,Females,1,14,37881
2001,Females,1,15,36867
2001,Females,1,16,36725
2001,Females,1,17,34898
2001,Females,1,18,35129
2001,Females,1,19,37124
2001,Females,1,20,39585
2001,Females,1,21,39919
2001,Females,1,22,37652
2001,Females,1,23,35235
2001,Females,1,24,34790
2001,Females,1,25,35498
2001,Females,1,26,36118
2001,Females,1,27,36582
2001,Females,1,28,38350
2001,Females,1,29,40510
2001,Females,1,30,41011
2001,Females,1,31,40482
2001,Females,1,32,40668
2001,Females,1,33,40252
2001,Females,1,34,40387
2001,Females,1,35,39209
2001,Females,1,36,39070
2001,Females,1,37,37501
2001,Females,1,38,36779
2001,Females,1,39,35901
2001,Females,1,40,34433
2001,Females,1,41,32806
2001,Females,1,42,31570
2001,Females,1,43,31263
2001,Females,1,44,30411
2001,Females,1,45,28515
2001,Females,1,46,27323
2001,Females,1,47,27182
2001,Females,1,48,26842
2001,Females,1,49,26002
2001,Females,1,50,25763
2001,Females,1,51,25819
2001,Females,1,52,26424
2001,Females,1,53,27627
2001,Females,1,54,28413
2001,Females,1,55,23628
2001,Females,1,56,22786
2001,Females,1,57,22517
2001,Females,1,58,22661
2001,Females,1,59,21158
2001,Females,1,60,21251
2001,Females,1,61,21994
2001,Females,1,62,22534
2001,Females,1,63,22268
2001,Females,1,64,22086
2001,Females,1,65,21712
2001,Females,1,66,20806
2001,Females,1,67,20539
2001,Females,1,68,20452
2001,Females,1,69,20692
2001,Females,1,70,21047
2001,Females,1,71,21145
2001,Females,1,72,20188
2001,Females,1,73,19644
2001,Females,1,74,19917
2001,Females,1,75,19597
2001,Females,1,76,18803
2001,Females,1,77,18500
2001,Females,1,78,17954
2001,Females,1,79,18599
2001,Females,1,80,18505
2001,Females,1,81,17761
2001,Females,1,82,12463
2001,Females,1,83,10096
2001,Females,1,84,9832
2001,Females,1,85,9313
2001,Females,1,86,9286
2001,Females,1,87,8406
2001,Females,1,88,7167
2001,Females,1,89,6016
2001,Females,1,90,21658
2001,Females,2,0,32133
2001,Females,2,1,32896
2001,Females,2,2,33148
2001,Females,2,3,33917
2001,Females,2,4,34902
2001,Females,2,5,34129
2001,Females,2,6,33372
2001,Females,2,7,34398
2001,Females,2,8,35135
2001,Females,2,9,35539
2001,Females,2,10,35567
2001,Females,2,11,34890
2001,Females,2,12,34577
2001,Females,2,13,34631
2001,Females,2,14,34138
2001,Females,2,15,33366
2001,Females,2,16,33561
2001,Females,2,17,31610
2001,Females,2,18,31314
2001,Females,2,19,34005
2001,Females,2,20,37337
2001,Females,2,21,37837
2001,Females,2,22,36276
2001,Females,2,23,35006
2001,Females,2,24,35244
2001,Females,2,25,36476
2001,Females,2,26,37575
2001,Females,2,27,38573
2001,Females,2,28,40243
2001,Females,2,29,41926
2001,Females,2,30,42383
2001,Females,2,31,41643
2001,Females,2,32,42136
2001,Females,2,33,42030
2001,Females,2,34,42132
2001,Females,2,35,40699
2001,Females,2,36,40346
2001,Females,2,37,39202
2001,Females,2,38,38222
2001,Females,2,39,36955
2001,Females,2,40,35655
2001,Females,2,41,33861
2001,Females,2,42,32548
2001,Females,2,43,31628
2001,Females,2,44,30505
2001,Females,2,45,29148
2001,Females,2,46,27743
2001,Females,2,47,27470
2001,Females,2,48,26624
2001,Females,2,49,26348
2001,Females,2,50,25853
2001,Females,2,51,26556
2001,Females,2,52,27017
2001,Females,2,53,27967
2001,Females,2,54,29538
2001,Females,2,55,24366
2001,Females,2,56,23511
2001,Females,2,57,23041
2001,Females,2,58,22940
2001,Females,2,59,21368
2001,Females,2,60,20663
2001,Females,2,61,21776
2001,Females,2,62,21960
2001,Females,2,63,21929
2001,Females,2,64,21370
2001,Females,2,65,20859
2001,Females,2,66,20609
2001,Females,2,67,19677
2001,Females,2,68,20187
2001,Females,2,69,20565
2001,Females,2,70,21092
2001,Females,2,71,20551
2001,Females,2,72,20255
2001,Females,2,73,19626
2001,Females,2,74,19880
2001,Females,2,75,19733
2001,Females,2,76,19063
2001,Females,2,77,18640
2001,Females,2,78,18054
2001,Females,2,79,18516
2001,Females,2,80,18594
2001,Females,2,81,17764
2001,Females,2,82,12624
2001,Females,2,83,10284
2001,Females,2,84,10194
2001,Females,2,85,9742
2001,Females,2,86,9586
2001,Females,2,87,8624
2001,Females,2,88,7475
2001,Females,2,89,6125
2001,Females,2,90,22524
2001,Females,3,0,28764
2001,Females,3,1,29422
2001,Females,3,2,30253
2001,Females,3,3,30294
2001,Females,3,4,31234
2001,Females,3,5,30768
2001,Females,3,6,30352
2001,Females,3,7,31184
2001,Females,3,8,31535
2001,Females,3,9,32514
2001,Females,3,10,32727
2001,Females,3,11,32151
2001,Females,3,12,31651
2001,Females,3,13,31989
2001,Females,3,14,31384
2001,Females,3,15,30704
2001,Females,3,16,30629
2001,Females,3,17,29416
2001,Females,3,18,29875
2001,Females,3,19,32847
2001,Females,3,20,36980
2001,Females,3,21,37593
2001,Females,3,22,36185
2001,Females,3,23,34620
2001,Females,3,24,35094
2001,Females,3,25,36388
2001,Females,3,26,37644
2001,Females,3,27,38569
2001,Females,3,28,40464
2001,Females,3,29,41826
2001,Females,3,30,42220
2001,Females,3,31,41283
2001,Females,3,32,41614
2001,Females,3,33,41407
2001,Females,3,34,40903
2001,Females,3,35,40376
2001,Females,3,36,40257
2001,Females,3,37,39141
2001,Females,3,38,38109
2001,Females,3,39,37005
2001,Females,3,40,35426
2001,Females,3,41,33648
2001,Females,3,42,32480
2001,Females,3,43,31981
2001,Females,3,44,30855
2001,Females,3,45,29499
2001,Females,3,46,28505
2001,Females,3,47,28377
2001,Females,3,48,27849
2001,Females,3,49,27582
2001,Females,3,50,27318
2001,Females,3,51,27923
2001,Females,3,52,28518
2001,Females,3,53,30139
2001,Females,3,54,31283
2001,Females,3,55,25893
2001,Females,3,56,25230
2001,Females,3,57,24591
2001,Females,3,58,23890
2001,Females,3,59,22383
2001,Females,3,60,21206
2001,Females,3,61,22328
2001,Females,3,62,22371
2001,Females,3,63,22473
2001,Females,3,64,21896
2001,Females,3,65,21459
2001,Females,3,66,20959
2001,Females,3,67,20209
2001,Females,3,68,20465
2001,Females,3,69,20830
2001,Females,3,70,21520
2001,Females,3,71,20951
2001,Females,3,72,20608
2001,Females,3,73,19775
2001,Females,3,74,19914
2001,Females,3,75,19746
2001,Females,3,76,19525
2001,Females,3,77,18737
2001,Females,3,78,18397
2001,Females,3,79,18917
2001,Females,3,80,18675
2001,Females,3,81,18036
2001,Females,3,82,12777
2001,Females,3,83,10518
2001,Females,3,84,10613
2001,Females,3,85,10132
2001,Females,3,86,9928
2001,Females,3,87,8813
2001,Females,3,88,7786
2001,Females,3,89,6412
2001,Females,3,90,23943
2001,Females,4,0,26920
2001,Females,4,1,27305
2001,Females,4,2,27821
2001,Females,4,3,28142
2001,Females,4,4,28755
2001,Females,4,5,28423
2001,Females,4,6,28579
2001,Females,4,7,29154
2001,Females,4,8,29357
2001,Females,4,9,30637
2001,Females,4,10,30638
2001,Females,4,11,30251
2001,Females,4,12,30233
2001,Females,4,13,30837
2001,Females,4,14,29525
2001,Females,4,15,29273
2001,Females,4,16,29304
2001,Females,4,17,28115
2001,Females,4,18,28515
2001,Females,4,19,31927
2001,Females,4,20,35840
2001,Females,4,21,36667
2001,Females,4,22,34493
2001,Females,4,23,32702
2001,Females,4,24,33024
2001,Females,4,25,34173
2001,Females,4,26,36032
2001,Females,4,27,36744
2001,Females,4,28,38752
2001,Females,4,29,40652
2001,Females,4,30,40993
2001,Females,4,31,40061
2001,Females,4,32,40694
2001,Females,4,33,40236
2001,Females,4,34,40455
2001,Females,4,35,40172
2001,Females,4,36,39621
2001,Females,4,37,39019
2001,Females,4,38,38072
2001,Females,4,39,37069
2001,Females,4,40,35722
2001,Females,4,41,34307
2001,Females,4,42,33511
2001,Females,4,43,32602
2001,Females,4,44,31595
2001,Females,4,45,30690
2001,Females,4,46,29926
2001,Females,4,47,29912
2001,Females,4,48,29573
2001,Females,4,49,29021
2001,Females,4,50,29300
2001,Females,4,51,30075
2001,Females,4,52,30893
2001,Females,4,53,33180
2001,Females,4,54,34486
2001,Females,4,55,28509
2001,Females,4,56,27720
2001,Females,4,57,27144
2001,Females,4,58,25817
2001,Females,4,59,24108
2001,Females,4,60,22648
2001,Females,4,61,23469
2001,Females,4,62,23536
2001,Females,4,63,23327
2001,Females,4,64,23000
2001,Females,4,65,22663
2001,Females,4,66,21960
2001,Females,4,67,21498
2001,Females,4,68,21424
2001,Females,4,69,21713
2001,Females,4,70,22096
2001,Females,4,71,21828
2001,Females,4,72,21195
2001,Females,4,73,20678
2001,Females,4,74,20472
2001,Females,4,75,20312
2001,Females,4,76,19970
2001,Females,4,77,19467
2001,Females,4,78,19055
2001,Females,4,79,19295
2001,Females,4,80,19535
2001,Females,4,81,18463
2001,Females,4,82,13104
2001,Females,4,83,10642
2001,Females,4,84,11022
2001,Females,4,85,10648
2001,Females,4,86,10469
2001,Females,4,87,9451
2001,Females,4,88,8186
2001,Females,4,89,6931
2001,Females,4,90,25389
2001,Females,5,0,25209
2001,Females,5,1,25730
2001,Females,5,2,26679
2001,Females,5,3,26886
2001,Females,5,4,27668
2001,Females,5,5,27368
2001,Females,5,6,27647
2001,Females,5,7,28402
2001,Females,5,8,29023
2001,Females,5,9,30006
2001,Females,5,10,30338
2001,Females,5,11,30014
2001,Females,5,12,29588
2001,Females,5,13,29786
2001,Females,5,14,28860
2001,Females,5,15,28743
2001,Females,5,16,28804
2001,Females,5,17,27728
2001,Females,5,18,27216
2001,Females,5,19,27874
2001,Females,5,20,30659
2001,Females,5,21,31129
2001,Females,5,22,29993
2001,Females,5,23,29297
2001,Females,5,24,29873
2001,Females,5,25,31205
2001,Females,5,26,32677
2001,Females,5,27,34443
2001,Females,5,28,35860
2001,Females,5,29,38237
2001,Females,5,30,39014
2001,Females,5,31,38332
2001,Females,5,32,38965
2001,Females,5,33,38998
2001,Females,5,34,39744
2001,Females,5,35,39805
2001,Females,5,36,39380
2001,Females,5,37,39112
2001,Females,5,38,38371
2001,Females,5,39,37568
2001,Females,5,40,36033
2001,Females,5,41,35051
2001,Females,5,42,34276
2001,Females,5,43,33740
2001,Females,5,44,32693
2001,Females,5,45,32126
2001,Females,5,46,31310
2001,Females,5,47,31472
2001,Females,5,48,31025
2001,Females,5,49,30972
2001,Females,5,50,31193
2001,Females,5,51,31998
2001,Females,5,52,32773
2001,Females,5,53,35495
2001,Females,5,54,37448
2001,Females,5,55,30884
2001,Females,5,56,30386
2001,Females,5,57,29343
2001,Females,5,58,28580
2001,Females,5,59,25693
2001,Females,5,60,24382
2001,Females,5,61,25283
2001,Females,5,62,25216
2001,Females,5,63,25191
2001,Females,5,64,24417
2001,Females,5,65,23866
2001,Females,5,66,23100
2001,Females,5,67,22458
2001,Females,5,68,22624
2001,Females,5,69,22854
2001,Females,5,70,22845
2001,Females,5,71,22559
2001,Females,5,72,21901
2001,Females,5,73,21168
2001,Females,5,74,20962
2001,Females,5,75,20849
2001,Females,5,76,20288
2001,Females,5,77,19831
2001,Females,5,78,19742
2001,Females,5,79,19686
2001,Females,5,80,20182
2001,Females,5,81,18985
2001,Females,5,82,13462
2001,Females,5,83,11184
2001,Females,5,84,11525
2001,Females,5,85,11202
2001,Females,5,86,11014
2001,Females,5,87,9810
2001,Females,5,88,8565
2001,Females,5,89,7187
2001,Females,5,90,26689
2001,Females,6,0,24977
2001,Females,6,1,25453
2001,Females,6,2,26266
2001,Females,6,3,26307
2001,Females,6,4,27174
2001,Females,6,5,27066
2001,Females,6,6,27171
2001,Females,6,7,27880
2001,Females,6,8,28639
2001,Females,6,9,29316
2001,Females,6,10,29834
2001,Females,6,11,29406
2001,Females,6,12,29205
2001,Females,6,13,29471
2001,Females,6,14,28677
2001,Females,6,15,28403
2001,Females,6,16,28192
2001,Females,6,17,27531
2001,Females,6,18,26693
2001,Females,6,19,25462
2001,Females,6,20,27336
2001,Females,6,21,27871
2001,Females,6,22,27704
2001,Females,6,23,27487
2001,Females,6,24,28272
2001,Females,6,25,29573
2001,Females,6,26,31385
2001,Females,6,27,32796
2001,Females,6,28,34868
2001,Females,6,29,36954
2001,Females,6,30,37857
2001,Females,6,31,37208
2001,Females,6,32,38326
2001,Females,6,33,38588
2001,Females,6,34,39481
2001,Females,6,35,40280
2001,Females,6,36,39996
2001,Females,6,37,39921
2001,Females,6,38,38992
2001,Females,6,39,37951
2001,Females,6,40,37125
2001,Females,6,41,35507
2001,Females,6,42,35203
2001,Females,6,43,34507
2001,Females,6,44,33550
2001,Females,6,45,32637
2001,Females,6,46,32058
2001,Females,6,47,32482
2001,Females,6,48,32102
2001,Females,6,49,32018
2001,Females,6,50,32491
2001,Females,6,51,33734
2001,Females,6,52,34896
2001,Females,6,53,37546
2001,Females,6,54,39942
2001,Females,6,55,32675
2001,Females,6,56,32142
2001,Females,6,57,31257
2001,Females,6,58,29840
2001,Females,6,59,26847
2001,Females,6,60,25077
2001,Females,6,61,26010
2001,Females,6,62,26182
2001,Females,6,63,25365
2001,Females,6,64,25098
2001,Females,6,65,24665
2001,Females,6,66,24073
2001,Females,6,67,22759
2001,Females,6,68,22911
2001,Females,6,69,23182
2001,Females,6,70,23174
2001,Females,6,71,22859
2001,Females,6,72,22168
2001,Females,6,73,21449
2001,Females,6,74,21281
2001,Females,6,75,20664
2001,Females,6,76,20296
2001,Females,6,77,19945
2001,Females,6,78,19497
2001,Females,6,79,19555
2001,Females,6,80,20009
2001,Females,6,81,18527
2001,Females,6,82,13359
2001,Females,6,83,10830
2001,Females,6,84,11407
2001,Females,6,85,11345
2001,Females,6,86,11211
2001,Females,6,87,9872
2001,Females,6,88,8807
2001,Females,6,89,7327
2001,Females,6,90,27233
2001,Females,7,0,24468
2001,Females,7,1,25093
2001,Females,7,2,25872
2001,Females,7,3,26086
2001,Females,7,4,26948
2001,Females,7,5,26695
2001,Females,7,6,27032
2001,Females,7,7,27934
2001,Females,7,8,28154
2001,Females,7,9,29144
2001,Females,7,10,30148
2001,Females,7,11,29326
2001,Females,7,12,29292
2001,Females,7,13,29662
2001,Females,7,14,28830
2001,Females,7,15,28744
2001,Females,7,16,28783
2001,Females,7,17,28159
2001,Females,7,18,27119
2001,Females,7,19,26426
2001,Females,7,20,26970
2001,Females,7,21,26621
2001,Females,7,22,26834
2001,Females,7,23,25812
2001,Females,7,24,26238
2001,Females,7,25,27344
2001,Females,7,26,28545
2001,Females,7,27,30584
2001,Females,7,28,32835
2001,Females,7,29,34894
2001,Females,7,30,36155
2001,Females,7,31,36112
2001,Females,7,32,37452
2001,Females,7,33,37608
2001,Females,7,34,39409
2001,Females,7,35,39919
2001,Females,7,36,40300
2001,Females,7,37,40131
2001,Females,7,38,39770
2001,Females,7,39,38420
2001,Females,7,40,37678
2001,Females,7,41,36448
2001,Females,7,42,36043
2001,Females,7,43,35746
2001,Females,7,44,34408
2001,Females,7,45,33767
2001,Females,7,46,33078
2001,Females,7,47,33616
2001,Females,7,48,33668
2001,Females,7,49,33397
2001,Females,7,50,33874
2001,Females,7,51,35167
2001,Females,7,52,36446
2001,Females,7,53,39757
2001,Females,7,54,41717
2001,Females,7,55,34003
2001,Females,7,56,33441
2001,Females,7,57,32507
2001,Females,7,58,30918
2001,Females,7,59,27600
2001,Females,7,60,25408
2001,Females,7,61,26899
2001,Females,7,62,26685
2001,Females,7,63,26238
2001,Females,7,64,25660
2001,Females,7,65,24574
2001,Females,7,66,24239
2001,Females,7,67,23360
2001,Females,7,68,23460
2001,Females,7,69,23137
2001,Females,7,70,23507
2001,Females,7,71,22894
2001,Females,7,72,21980
2001,Females,7,73,21111
2001,Females,7,74,20648
2001,Females,7,75,20401
2001,Females,7,76,19798
2001,Females,7,77,19439
2001,Females,7,78,19224
2001,Females,7,79,19267
2001,Females,7,80,19510
2001,Females,7,81,18343
2001,Females,7,82,13116
2001,Females,7,83,10876
2001,Females,7,84,11375
2001,Females,7,85,11326
2001,Females,7,86,11042
2001,Females,7,87,9808
2001,Females,7,88,8545
2001,Females,7,89,7196
2001,Females,7,90,26864
2001,Females,8,0,24428
2001,Females,8,1,24814
2001,Females,8,2,25613
2001,Females,8,3,26442
2001,Females,8,4,26646
2001,Females,8,5,26720
2001,Females,8,6,27046
2001,Females,8,7,27739
2001,Females,8,8,27894
2001,Females,8,9,29030
2001,Females,8,10,29918
2001,Females,8,11,29900
2001,Females,8,12,29310
2001,Females,8,13,29740
2001,Females,8,14,29055
2001,Females,8,15,28187
2001,Females,8,16,28519
2001,Females,8,17,27847
2001,Females,8,18,27173
2001,Females,8,19,25499
2001,Females,8,20,25443
2001,Females,8,21,25744
2001,Females,8,22,25429
2001,Females,8,23,25092
2001,Females,8,24,24990
2001,Females,8,25,26208
2001,Females,8,26,27544
2001,Females,8,27,29040
2001,Females,8,28,31477
2001,Females,8,29,33767
2001,Females,8,30,35418
2001,Females,8,31,35252
2001,Females,8,32,36781
2001,Females,8,33,37478
2001,Females,8,34,39076
2001,Females,8,35,39816
2001,Females,8,36,40309
2001,Females,8,37,40395
2001,Females,8,38,39622
2001,Females,8,39,38576
2001,Females,8,40,37780
2001,Females,8,41,36528
2001,Females,8,42,36152
2001,Females,8,43,35974
2001,Females,8,44,34890
2001,Females,8,45,33753
2001,Females,8,46,33431
2001,Females,8,47,34091
2001,Females,8,48,33838
2001,Females,8,49,33636
2001,Females,8,50,34157
2001,Females,8,51,35574
2001,Females,8,52,36936
2001,Females,8,53,40258
2001,Females,8,54,42977
2001,Females,8,55,34649
2001,Females,8,56,33867
2001,Females,8,57,33134
2001,Females,8,58,30923
2001,Females,8,59,27679
2001,Females,8,60,25497
2001,Females,8,61,26383
2001,Females,8,62,26545
2001,Females,8,63,26069
2001,Females,8,64,25344
2001,Females,8,65,24578
2001,Females,8,66,23584
2001,Females,8,67,22869
2001,Females,8,68,22811
2001,Females,8,69,22731
2001,Females,8,70,22505
2001,Females,8,71,22332
2001,Females,8,72,21755
2001,Females,8,73,20581
2001,Females,8,74,20068
2001,Females,8,75,19987
2001,Females,8,76,19139
2001,Females,8,77,18883
2001,Females,8,78,18267
2001,Females,8,79,18369
2001,Females,8,80,18784
2001,Females,8,81,17357
2001,Females,8,82,12592
2001,Females,8,83,10216
2001,Females,8,84,10859
2001,Females,8,85,10865
2001,Females,8,86,10356
2001,Females,8,87,9469
2001,Females,8,88,8139
2001,Females,8,89,7054
2001,Females,8,90,25930
2001,Females,9,0,24535
2001,Females,9,1,25482
2001,Females,9,2,26267
2001,Females,9,3,27145
2001,Females,9,4,27147
2001,Females,9,5,27848
2001,Females,9,6,28266
2001,Females,9,7,28829
2001,Females,9,8,28905
2001,Females,9,9,30019
2001,Females,9,10,30856
2001,Females,9,11,30502
2001,Females,9,12,30264
2001,Females,9,13,30341
2001,Females,9,14,29878
2001,Females,9,15,29513
2001,Females,9,16,29747
2001,Females,9,17,29133
2001,Females,9,18,28510
2001,Females,9,19,26067
2001,Females,9,20,23566
2001,Females,9,21,23149
2001,Females,9,22,23411
2001,Females,9,23,23086
2001,Females,9,24,23765
2001,Females,9,25,24220
2001,Females,9,26,25535
2001,Females,9,27,27449
2001,Females,9,28,29545
2001,Females,9,29,32052
2001,Females,9,30,33961
2001,Females,9,31,34065
2001,Females,9,32,36265
2001,Females,9,33,37588
2001,Females,9,34,39080
2001,Females,9,35,40520
2001,Females,9,36,40987
2001,Females,9,37,41188
2001,Females,9,38,41070
2001,Females,9,39,40118
2001,Females,9,40,39288
2001,Females,9,41,37707
2001,Females,9,42,37557
2001,Females,9,43,37301
2001,Females,9,44,36081
2001,Females,9,45,35075
2001,Females,9,46,34700
2001,Females,9,47,35150
2001,Females,9,48,34649
2001,Females,9,49,34846
2001,Females,9,50,34938
2001,Females,9,51,36385
2001,Females,9,52,38107
2001,Females,9,53,41251
2001,Females,9,54,43812
2001,Females,9,55,35289
2001,Females,9,56,34862
2001,Females,9,57,33875
2001,Females,9,58,31598
2001,Females,9,59,27765
2001,Females,9,60,25545
2001,Females,9,61,26686
2001,Females,9,62,26619
2001,Females,9,63,26425
2001,Females,9,64,25613
2001,Females,9,65,24704
2001,Females,9,66,23929
2001,Females,9,67,22986
2001,Females,9,68,22640
2001,Females,9,69,22925
2001,Females,9,70,22985
2001,Females,9,71,22314
2001,Females,9,72,21528
2001,Females,9,73,20529
2001,Females,9,74,20239
2001,Females,9,75,19782
2001,Females,9,76,19001
2001,Females,9,77,18631
2001,Females,9,78,18151
2001,Females,9,79,18033
2001,Females,9,80,18207
2001,Females,9,81,16889
2001,Females,9,82,12026
2001,Females,9,83,9802
2001,Females,9,84,10572
2001,Females,9,85,10400
2001,Females,9,86,10014
2001,Females,9,87,8970
2001,Females,9,88,7863
2001,Females,9,89,6596
2001,Females,9,90,24825
2001,Females,10,0,24664
2001,Females,10,1,25826
2001,Females,10,2,26915
2001,Females,10,3,28212
2001,Females,10,4,29241
2001,Females,10,5,29226
2001,Females,10,6,29619
2001,Females,10,7,30550
2001,Females,10,8,30689
2001,Females,10,9,31969
2001,Females,10,10,32625
2001,Females,10,11,32195
2001,Females,10,12,31832
2001,Females,10,13,32372
2001,Females,10,14,31315
2001,Females,10,15,31087
2001,Females,10,16,31134
2001,Females,10,17,30697
2001,Females,10,18,28495
2001,Females,10,19,23845
2001,Females,10,20,21056
2001,Females,10,21,20960
2001,Females,10,22,21323
2001,Females,10,23,20531
2001,Females,10,24,20536
2001,Females,10,25,20296
2001,Females,10,26,21573
2001,Females,10,27,22790
2001,Females,10,28,25461
2001,Females,10,29,27881
2001,Females,10,30,30518
2001,Females,10,31,31375
2001,Females,10,32,33863
2001,Females,10,33,35928
2001,Females,10,34,37942
2001,Females,10,35,39742
2001,Females,10,36,41644
2001,Females,10,37,42486
2001,Females,10,38,42305
2001,Females,10,39,42009
2001,Females,10,40,41682
2001,Females,10,41,40298
2001,Females,10,42,39617
2001,Females,10,43,39152
2001,Females,10,44,38129
2001,Females,10,45,36889
2001,Females,10,46,36517
2001,Females,10,47,36718
2001,Females,10,48,36615
2001,Females,10,49,36466
2001,Females,10,50,36767
2001,Females,10,51,38442
2001,Females,10,52,39493
2001,Females,10,53,43298
2001,Females,10,54,45701
2001,Females,10,55,36625
2001,Females,10,56,35482
2001,Females,10,57,34607
2001,Females,10,58,32042
2001,Females,10,59,27706
2001,Females,10,60,25486
2001,Females,10,61,26882
2001,Females,10,62,26924
2001,Females,10,63,26288
2001,Females,10,64,25648
2001,Females,10,65,25093
2001,Females,10,66,24171
2001,Females,10,67,23122
2001,Females,10,68,22518
2001,Females,10,69,22535
2001,Females,10,70,22768
2001,Females,10,71,22184
2001,Females,10,72,20990
2001,Females,10,73,20113
2001,Females,10,74,19607
2001,Females,10,75,18770
2001,Females,10,76,18208
2001,Females,10,77,17716
2001,Females,10,78,17238
2001,Females,10,79,17049
2001,Females,10,80,17312
2001,Females,10,81,15628
2001,Females,10,82,10980
2001,Females,10,83,9179
2001,Females,10,84,9745
2001,Females,10,85,9283
2001,Females,10,86,9022
2001,Females,10,87,8186
2001,Females,10,88,7086
2001,Females,10,89,6003
2001,Females,10,90,22696
2002,Females,1,0,37218
2002,Females,1,1,36559
2002,Females,1,2,36469
2002,Females,1,3,36821
2002,Females,1,4,37026
2002,Females,1,5,38154
2002,Females,1,6,37427
2002,Females,1,7,36748
2002,Females,1,8,37344
2002,Females,1,9,37680
2002,Females,1,10,38517
2002,Females,1,11,38956
2002,Females,1,12,37698
2002,Females,1,13,37243
2002,Females,1,14,37615
2002,Females,1,15,36876
2002,Females,1,16,36138
2002,Females,1,17,36509
2002,Females,1,18,35756
2002,Females,1,19,37492
2002,Females,1,20,40236
2002,Females,1,21,41247
2002,Females,1,22,40724
2002,Females,1,23,37636
2002,Females,1,24,35200
2002,Females,1,25,34840
2002,Females,1,26,35374
2002,Females,1,27,35639
2002,Females,1,28,36059
2002,Females,1,29,37901
2002,Females,1,30,39768
2002,Females,1,31,40256
2002,Females,1,32,39865
2002,Females,1,33,39891
2002,Females,1,34,39220
2002,Females,1,35,39271
2002,Females,1,36,38286
2002,Females,1,37,38499
2002,Females,1,38,37020
2002,Females,1,39,36382
2002,Females,1,40,35488
2002,Females,1,41,33988
2002,Females,1,42,32636
2002,Females,1,43,31212
2002,Females,1,44,30852
2002,Females,1,45,29714
2002,Females,1,46,28362
2002,Females,1,47,26958
2002,Females,1,48,26975
2002,Females,1,49,26356
2002,Females,1,50,25782
2002,Females,1,51,25555
2002,Females,1,52,25875
2002,Females,1,53,26179
2002,Females,1,54,27294
2002,Females,1,55,28078
2002,Females,1,56,23452
2002,Females,1,57,22520
2002,Females,1,58,22103
2002,Females,1,59,22258
2002,Females,1,60,21045
2002,Females,1,61,20771
2002,Females,1,62,21793
2002,Females,1,63,21999
2002,Females,1,64,21907
2002,Females,1,65,21525
2002,Females,1,66,21149
2002,Females,1,67,20395
2002,Females,1,68,19891
2002,Females,1,69,19738
2002,Females,1,70,20152
2002,Females,1,71,20276
2002,Females,1,72,20241
2002,Females,1,73,19191
2002,Females,1,74,18885
2002,Females,1,75,18934
2002,Females,1,76,18586
2002,Females,1,77,17869
2002,Females,1,78,17484
2002,Females,1,79,16726
2002,Females,1,80,17356
2002,Females,1,81,16905
2002,Females,1,82,16245
2002,Females,1,83,11395
2002,Females,1,84,8934
2002,Females,1,85,8642
2002,Females,1,86,8151
2002,Females,1,87,8224
2002,Females,1,88,7060
2002,Females,1,89,6064
2002,Females,1,90,21962
2002,Females,2,0,33577
2002,Females,2,1,32218
2002,Females,2,2,32697
2002,Females,2,3,33015
2002,Females,2,4,33686
2002,Females,2,5,34766
2002,Females,2,6,34006
2002,Females,2,7,33452
2002,Females,2,8,34084
2002,Females,2,9,34887
2002,Females,2,10,35581
2002,Females,2,11,35428
2002,Females,2,12,34587
2002,Females,2,13,34352
2002,Females,2,14,34432
2002,Females,2,15,33931
2002,Females,2,16,33115
2002,Females,2,17,33523
2002,Females,2,18,32459
2002,Females,2,19,34468
2002,Females,2,20,36515
2002,Females,2,21,38677
2002,Females,2,22,39250
2002,Females,2,23,37572
2002,Females,2,24,35778
2002,Females,2,25,36040
2002,Females,2,26,37211
2002,Females,2,27,37564
2002,Females,2,28,38373
2002,Females,2,29,39710
2002,Females,2,30,41075
2002,Females,2,31,41959
2002,Females,2,32,41287
2002,Females,2,33,41677
2002,Females,2,34,41360
2002,Females,2,35,41276
2002,Females,2,36,40698
2002,Females,2,37,39737
2002,Females,2,38,38838
2002,Females,2,39,37779
2002,Females,2,40,36481
2002,Females,2,41,35210
2002,Females,2,42,33694
2002,Females,2,43,32424
2002,Females,2,44,31511
2002,Females,2,45,30058
2002,Females,2,46,28916
2002,Females,2,47,27492
2002,Females,2,48,27371
2002,Females,2,49,26348
2002,Females,2,50,26179
2002,Females,2,51,25687
2002,Females,2,52,26604
2002,Females,2,53,26907
2002,Females,2,54,27618
2002,Females,2,55,29257
2002,Females,2,56,23882
2002,Females,2,57,23547
2002,Females,2,58,22962
2002,Females,2,59,22687
2002,Females,2,60,21219
2002,Females,2,61,20434
2002,Females,2,62,21518
2002,Females,2,63,21695
2002,Females,2,64,21263
2002,Females,2,65,20907
2002,Females,2,66,20460
2002,Females,2,67,20016
2002,Females,2,68,19429
2002,Females,2,69,19551
2002,Females,2,70,19918
2002,Females,2,71,20508
2002,Females,2,72,20034
2002,Females,2,73,19465
2002,Females,2,74,18870
2002,Females,2,75,18877
2002,Females,2,76,18859
2002,Females,2,77,18132
2002,Females,2,78,17553
2002,Females,2,79,17162
2002,Females,2,80,17321
2002,Females,2,81,17403
2002,Females,2,82,16336
2002,Females,2,83,11658
2002,Females,2,84,9177
2002,Females,2,85,9125
2002,Females,2,86,8542
2002,Females,2,87,8398
2002,Females,2,88,7722
2002,Females,2,89,6314
2002,Females,2,90,22839
2002,Females,3,0,29796
2002,Females,3,1,28731
2002,Females,3,2,29036
2002,Females,3,3,29923
2002,Females,3,4,30167
2002,Females,3,5,31197
2002,Females,3,6,30664
2002,Females,3,7,30180
2002,Females,3,8,30949
2002,Females,3,9,31425
2002,Females,3,10,32735
2002,Females,3,11,32919
2002,Females,3,12,32093
2002,Females,3,13,31321
2002,Females,3,14,32163
2002,Females,3,15,31456
2002,Females,3,16,30927
2002,Females,3,17,31026
2002,Females,3,18,30449
2002,Females,3,19,33052
2002,Females,3,20,35933
2002,Females,3,21,38066
2002,Females,3,22,38183
2002,Females,3,23,37471
2002,Females,3,24,35947
2002,Females,3,25,36112
2002,Females,3,26,36862
2002,Females,3,27,37826
2002,Females,3,28,38268
2002,Females,3,29,39727
2002,Females,3,30,41446
2002,Females,3,31,41769
2002,Females,3,32,40478
2002,Females,3,33,41144
2002,Females,3,34,41043
2002,Females,3,35,40472
2002,Females,3,36,39933
2002,Females,3,37,39661
2002,Females,3,38,38867
2002,Females,3,39,37889
2002,Females,3,40,36815
2002,Females,3,41,35289
2002,Females,3,42,33483
2002,Females,3,43,32546
2002,Females,3,44,31842
2002,Females,3,45,30366
2002,Females,3,46,29263
2002,Females,3,47,28387
2002,Females,3,48,28309
2002,Females,3,49,27670
2002,Females,3,50,27705
2002,Females,3,51,27145
2002,Females,3,52,27953
2002,Females,3,53,28442
2002,Females,3,54,29905
2002,Females,3,55,31088
2002,Females,3,56,25937
2002,Females,3,57,24824
2002,Females,3,58,24471
2002,Females,3,59,23579
2002,Females,3,60,22040
2002,Females,3,61,20878
2002,Females,3,62,22248
2002,Females,3,63,22111
2002,Females,3,64,22078
2002,Females,3,65,21624
2002,Females,3,66,20824
2002,Females,3,67,20630
2002,Females,3,68,19941
2002,Females,3,69,20280
2002,Females,3,70,20347
2002,Females,3,71,20809
2002,Females,3,72,20333
2002,Females,3,73,20196
2002,Females,3,74,19032
2002,Females,3,75,18947
2002,Females,3,76,18895
2002,Females,3,77,18611
2002,Females,3,78,18084
2002,Females,3,79,17277
2002,Females,3,80,17967
2002,Females,3,81,17561
2002,Females,3,82,16879
2002,Females,3,83,11658
2002,Females,3,84,9612
2002,Females,3,85,9623
2002,Females,3,86,9162
2002,Females,3,87,8941
2002,Females,3,88,7934
2002,Females,3,89,6811
2002,Females,3,90,24106
2002,Females,4,0,26724
2002,Females,4,1,26557
2002,Females,4,2,27129
2002,Females,4,3,27788
2002,Females,4,4,28017
2002,Females,4,5,28703
2002,Females,4,6,28286
2002,Females,4,7,28515
2002,Females,4,8,29311
2002,Females,4,9,29388
2002,Females,4,10,31036
2002,Females,4,11,30927
2002,Females,4,12,30339
2002,Females,4,13,30069
2002,Females,4,14,30786
2002,Females,4,15,29651
2002,Females,4,16,29564
2002,Females,4,17,29582
2002,Females,4,18,29157
2002,Females,4,19,31695
2002,Females,4,20,35295
2002,Females,4,21,36404
2002,Females,4,22,36187
2002,Females,4,23,35473
2002,Females,4,24,33827
2002,Females,4,25,33399
2002,Females,4,26,34863
2002,Females,4,27,36053
2002,Females,4,28,37092
2002,Females,4,29,38642
2002,Females,4,30,40320
2002,Females,4,31,40660
2002,Females,4,32,39766
2002,Females,4,33,40658
2002,Females,4,34,40136
2002,Females,4,35,40438
2002,Females,4,36,39897
2002,Females,4,37,39755
2002,Females,4,38,38866
2002,Females,4,39,37930
2002,Females,4,40,36786
2002,Females,4,41,35506
2002,Females,4,42,34082
2002,Females,4,43,33409
2002,Females,4,44,32581
2002,Females,4,45,31595
2002,Females,4,46,30508
2002,Females,4,47,29839
2002,Females,4,48,29921
2002,Females,4,49,29339
2002,Females,4,50,28810
2002,Females,4,51,29124
2002,Females,4,52,30034
2002,Females,4,53,30916
2002,Females,4,54,32950
2002,Females,4,55,34416
2002,Females,4,56,28396
2002,Females,4,57,27675
2002,Females,4,58,26893
2002,Females,4,59,25799
2002,Females,4,60,23933
2002,Females,4,61,22672
2002,Females,4,62,23251
2002,Females,4,63,23488
2002,Females,4,64,23069
2002,Females,4,65,22541
2002,Females,4,66,22301
2002,Females,4,67,21641
2002,Females,4,68,20951
2002,Females,4,69,21114
2002,Females,4,70,21251
2002,Females,4,71,21818
2002,Females,4,72,21326
2002,Females,4,73,20650
2002,Females,4,74,20020
2002,Females,4,75,19878
2002,Females,4,76,19581
2002,Females,4,77,19090
2002,Females,4,78,18519
2002,Females,4,79,18293
2002,Females,4,80,18072
2002,Females,4,81,18436
2002,Females,4,82,17294
2002,Females,4,83,12172
2002,Females,4,84,9757
2002,Females,4,85,10059
2002,Females,4,86,9683
2002,Females,4,87,9483
2002,Females,4,88,8310
2002,Females,4,89,7087
2002,Females,4,90,26388
2002,Females,5,0,25031
2002,Females,5,1,25335
2002,Females,5,2,25845
2002,Females,5,3,26512
2002,Females,5,4,26900
2002,Females,5,5,27946
2002,Females,5,6,27459
2002,Females,5,7,27704
2002,Females,5,8,28467
2002,Females,5,9,28891
2002,Females,5,10,30119
2002,Females,5,11,30577
2002,Females,5,12,29971
2002,Females,5,13,29619
2002,Females,5,14,29782
2002,Females,5,15,29255
2002,Females,5,16,28965
2002,Females,5,17,28844
2002,Females,5,18,27843
2002,Females,5,19,28057
2002,Females,5,20,29672
2002,Females,5,21,31693
2002,Females,5,22,31900
2002,Females,5,23,31084
2002,Females,5,24,30360
2002,Females,5,25,30626
2002,Females,5,26,31459
2002,Females,5,27,33359
2002,Females,5,28,34517
2002,Females,5,29,36146
2002,Females,5,30,37894
2002,Females,5,31,38902
2002,Females,5,32,38064
2002,Females,5,33,39325
2002,Females,5,34,39036
2002,Females,5,35,39663
2002,Females,5,36,39725
2002,Females,5,37,39809
2002,Females,5,38,38952
2002,Females,5,39,38487
2002,Females,5,40,37570
2002,Females,5,41,36095
2002,Females,5,42,35003
2002,Females,5,43,34655
2002,Females,5,44,33663
2002,Females,5,45,32829
2002,Females,5,46,32204
2002,Females,5,47,31391
2002,Females,5,48,31376
2002,Females,5,49,31179
2002,Females,5,50,30828
2002,Females,5,51,31273
2002,Females,5,52,32119
2002,Females,5,53,32718
2002,Females,5,54,35389
2002,Females,5,55,37885
2002,Females,5,56,30786
2002,Females,5,57,30258
2002,Females,5,58,29385
2002,Females,5,59,28331
2002,Females,5,60,25589
2002,Females,5,61,24080
2002,Females,5,62,25207
2002,Females,5,63,25108
2002,Females,5,64,25070
2002,Females,5,65,24106
2002,Females,5,66,23738
2002,Females,5,67,22809
2002,Females,5,68,22307
2002,Females,5,69,22311
2002,Females,5,70,22516
2002,Females,5,71,22427
2002,Females,5,72,22060
2002,Females,5,73,21348
2002,Females,5,74,20471
2002,Females,5,75,20665
2002,Females,5,76,20012
2002,Females,5,77,19705
2002,Females,5,78,19147
2002,Females,5,79,18950
2002,Females,5,80,18780
2002,Females,5,81,19207
2002,Females,5,82,17897
2002,Females,5,83,12585
2002,Females,5,84,10195
2002,Females,5,85,10578
2002,Females,5,86,10232
2002,Females,5,87,9843
2002,Females,5,88,8564
2002,Females,5,89,7452
2002,Females,5,90,27008
2002,Females,6,0,24798
2002,Females,6,1,24799
2002,Females,6,2,25721
2002,Females,6,3,26331
2002,Females,6,4,26827
2002,Females,6,5,27711
2002,Females,6,6,27337
2002,Females,6,7,27471
2002,Females,6,8,28387
2002,Females,6,9,28811
2002,Females,6,10,29577
2002,Females,6,11,30017
2002,Females,6,12,29510
2002,Females,6,13,29504
2002,Females,6,14,29860
2002,Females,6,15,29074
2002,Females,6,16,28505
2002,Females,6,17,28472
2002,Females,6,18,27151
2002,Females,6,19,25358
2002,Females,6,20,26152
2002,Females,6,21,27949
2002,Females,6,22,29292
2002,Females,6,23,28940
2002,Females,6,24,28924
2002,Females,6,25,29104
2002,Females,6,26,29948
2002,Females,6,27,31909
2002,Females,6,28,33215
2002,Females,6,29,35547
2002,Females,6,30,36941
2002,Females,6,31,38003
2002,Females,6,32,37413
2002,Females,6,33,38368
2002,Females,6,34,38914
2002,Females,6,35,39748
2002,Females,6,36,40253
2002,Females,6,37,40145
2002,Females,6,38,40288
2002,Females,6,39,39042
2002,Females,6,40,38263
2002,Females,6,41,37363
2002,Females,6,42,35725
2002,Females,6,43,35269
2002,Females,6,44,34554
2002,Females,6,45,33867
2002,Females,6,46,32646
2002,Females,6,47,32117
2002,Females,6,48,32468
2002,Females,6,49,32314
2002,Females,6,50,31977
2002,Females,6,51,32602
2002,Females,6,52,33651
2002,Females,6,53,34769
2002,Females,6,54,37794
2002,Females,6,55,39921
2002,Females,6,56,32604
2002,Females,6,57,32162
2002,Females,6,58,31197
2002,Females,6,59,29721
2002,Females,6,60,26777
2002,Females,6,61,24794
2002,Females,6,62,25815
2002,Females,6,63,25922
2002,Females,6,64,25339
2002,Females,6,65,24769
2002,Females,6,66,24376
2002,Females,6,67,23757
2002,Females,6,68,22626
2002,Females,6,69,22638
2002,Females,6,70,22746
2002,Females,6,71,22973
2002,Females,6,72,22321
2002,Females,6,73,21764
2002,Females,6,74,20945
2002,Females,6,75,20490
2002,Females,6,76,20175
2002,Females,6,77,19523
2002,Females,6,78,18919
2002,Females,6,79,18763
2002,Females,6,80,18650
2002,Females,6,81,18852
2002,Females,6,82,17373
2002,Females,6,83,12537
2002,Females,6,84,10114
2002,Females,6,85,10761
2002,Females,6,86,10379
2002,Females,6,87,9848
2002,Females,6,88,8877
2002,Females,6,89,7570
2002,Females,6,90,28303
2002,Females,7,0,24178
2002,Females,7,1,24646
2002,Females,7,2,25295
2002,Females,7,3,26163
2002,Females,7,4,26564
2002,Females,7,5,26967
2002,Females,7,6,26986
2002,Females,7,7,27332
2002,Females,7,8,28290
2002,Females,7,9,28513
2002,Females,7,10,29486
2002,Females,7,11,30143
2002,Females,7,12,29634
2002,Females,7,13,29595
2002,Females,7,14,29833
2002,Females,7,15,29133
2002,Females,7,16,28564
2002,Females,7,17,28945
2002,Females,7,18,27841
2002,Females,7,19,26591
2002,Females,7,20,25966
2002,Females,7,21,27387
2002,Females,7,22,27590
2002,Females,7,23,27735
2002,Females,7,24,26540
2002,Females,7,25,26497
2002,Females,7,26,27857
2002,Females,7,27,29200
2002,Females,7,28,30890
2002,Females,7,29,33425
2002,Females,7,30,35497
2002,Females,7,31,36659
2002,Females,7,32,36478
2002,Females,7,33,37692
2002,Females,7,34,38260
2002,Females,7,35,39535
2002,Females,7,36,39973
2002,Females,7,37,40549
2002,Females,7,38,40483
2002,Females,7,39,39792
2002,Females,7,40,38824
2002,Females,7,41,37798
2002,Females,7,42,36769
2002,Females,7,43,36107
2002,Females,7,44,35856
2002,Females,7,45,34730
2002,Females,7,46,33773
2002,Females,7,47,32920
2002,Females,7,48,33691
2002,Females,7,49,33773
2002,Females,7,50,33495
2002,Females,7,51,33932
2002,Females,7,52,34839
2002,Females,7,53,36486
2002,Females,7,54,39779
2002,Females,7,55,41904
2002,Females,7,56,34023
2002,Females,7,57,33005
2002,Females,7,58,32562
2002,Females,7,59,30973
2002,Females,7,60,27807
2002,Females,7,61,25455
2002,Females,7,62,26674
2002,Females,7,63,26426
2002,Females,7,64,26193
2002,Females,7,65,25542
2002,Females,7,66,24503
2002,Females,7,67,24156
2002,Females,7,68,22986
2002,Females,7,69,23148
2002,Females,7,70,23089
2002,Females,7,71,23169
2002,Females,7,72,22640
2002,Females,7,73,21457
2002,Females,7,74,20790
2002,Females,7,75,20269
2002,Females,7,76,19873
2002,Females,7,77,19147
2002,Females,7,78,18919
2002,Females,7,79,18321
2002,Females,7,80,18668
2002,Females,7,81,18694
2002,Females,7,82,17241
2002,Females,7,83,12540
2002,Females,7,84,10160
2002,Females,7,85,10495
2002,Females,7,86,10247
2002,Females,7,87,9886
2002,Females,7,88,8580
2002,Females,7,89,7521
2002,Females,7,90,27845
2002,Females,8,0,23694
2002,Females,8,1,24596
2002,Females,8,2,25445
2002,Females,8,3,26072
2002,Females,8,4,26988
2002,Females,8,5,26870
2002,Females,8,6,27183
2002,Females,8,7,27245
2002,Females,8,8,28190
2002,Females,8,9,28549
2002,Females,8,10,29327
2002,Females,8,11,30250
2002,Females,8,12,29788
2002,Females,8,13,29567
2002,Females,8,14,29783
2002,Females,8,15,28970
2002,Females,8,16,28418
2002,Females,8,17,28513
2002,Females,8,18,27633
2002,Females,8,19,25894
2002,Females,8,20,24522
2002,Females,8,21,26097
2002,Females,8,22,26425
2002,Females,8,23,26165
2002,Females,8,24,25436
2002,Females,8,25,25296
2002,Females,8,26,26565
2002,Females,8,27,28052
2002,Females,8,28,29868
2002,Females,8,29,32332
2002,Females,8,30,34585
2002,Females,8,31,36095
2002,Females,8,32,35798
2002,Females,8,33,37274
2002,Females,8,34,38170
2002,Females,8,35,39770
2002,Females,8,36,40412
2002,Females,8,37,40614
2002,Females,8,38,40595
2002,Females,8,39,39909
2002,Females,8,40,39069
2002,Females,8,41,37935
2002,Females,8,42,36694
2002,Females,8,43,36212
2002,Females,8,44,36184
2002,Females,8,45,34826
2002,Females,8,46,33837
2002,Females,8,47,33354
2002,Females,8,48,34010
2002,Females,8,49,33744
2002,Females,8,50,33710
2002,Females,8,51,34258
2002,Females,8,52,35406
2002,Females,8,53,36854
2002,Females,8,54,40189
2002,Females,8,55,43092
2002,Females,8,56,34367
2002,Females,8,57,33939
2002,Females,8,58,33008
2002,Females,8,59,30916
2002,Females,8,60,27660
2002,Females,8,61,25444
2002,Females,8,62,26138
2002,Females,8,63,26292
2002,Females,8,64,25915
2002,Females,8,65,25483
2002,Females,8,66,24593
2002,Females,8,67,23487
2002,Females,8,68,22739
2002,Females,8,69,22519
2002,Females,8,70,22529
2002,Females,8,71,22178
2002,Females,8,72,22370
2002,Females,8,73,21399
2002,Females,8,74,20254
2002,Females,8,75,19928
2002,Females,8,76,19511
2002,Females,8,77,18733
2002,Females,8,78,18117
2002,Females,8,79,17568
2002,Females,8,80,17659
2002,Females,8,81,17953
2002,Females,8,82,16186
2002,Females,8,83,11881
2002,Females,8,84,9661
2002,Females,8,85,10168
2002,Females,8,86,9870
2002,Females,8,87,9350
2002,Females,8,88,8307
2002,Females,8,89,7132
2002,Females,8,90,26453
2002,Females,9,0,24261
2002,Females,9,1,25115
2002,Females,9,2,26098
2002,Females,9,3,26902
2002,Females,9,4,27600
2002,Females,9,5,27883
2002,Females,9,6,28008
2002,Females,9,7,28789
2002,Females,9,8,29437
2002,Females,9,9,29586
2002,Females,9,10,30525
2002,Females,9,11,31426
2002,Females,9,12,31021
2002,Females,9,13,30616
2002,Females,9,14,30754
2002,Females,9,15,29782
2002,Females,9,16,29699
2002,Females,9,17,29311
2002,Females,9,18,28868
2002,Females,9,19,26583
2002,Females,9,20,22431
2002,Females,9,21,23393
2002,Females,9,22,24773
2002,Females,9,23,24334
2002,Females,9,24,23635
2002,Females,9,25,23901
2002,Females,9,26,24661
2002,Females,9,27,26310
2002,Females,9,28,28431
2002,Females,9,29,30278
2002,Females,9,30,33357
2002,Females,9,31,35092
2002,Females,9,32,35295
2002,Females,9,33,37017
2002,Females,9,34,38558
2002,Females,9,35,39850
2002,Females,9,36,41111
2002,Females,9,37,41593
2002,Females,9,38,41785
2002,Females,9,39,41727
2002,Females,9,40,40278
2002,Females,9,41,39710
2002,Females,9,42,37959
2002,Females,9,43,37706
2002,Females,9,44,37402
2002,Females,9,45,35930
2002,Females,9,46,34641
2002,Females,9,47,34652
2002,Females,9,48,34975
2002,Females,9,49,34619
2002,Females,9,50,34558
2002,Females,9,51,34837
2002,Females,9,52,36165
2002,Females,9,53,37866
2002,Females,9,54,41339
2002,Females,9,55,43792
2002,Females,9,56,35033
2002,Females,9,57,34492
2002,Females,9,58,33923
2002,Females,9,59,31533
2002,Females,9,60,27491
2002,Females,9,61,25303
2002,Females,9,62,26427
2002,Females,9,63,26702
2002,Females,9,64,26286
2002,Females,9,65,25582
2002,Females,9,66,24599
2002,Females,9,67,23784
2002,Females,9,68,22919
2002,Females,9,69,22425
2002,Females,9,70,22730
2002,Females,9,71,22746
2002,Females,9,72,21983
2002,Females,9,73,21213
2002,Females,9,74,20257
2002,Females,9,75,19872
2002,Females,9,76,19235
2002,Females,9,77,18388
2002,Females,9,78,18286
2002,Females,9,79,17649
2002,Females,9,80,17281
2002,Females,9,81,17450
2002,Females,9,82,16042
2002,Females,9,83,11455
2002,Females,9,84,9268
2002,Females,9,85,9697
2002,Females,9,86,9318
2002,Females,9,87,8891
2002,Females,9,88,8041
2002,Females,9,89,6907
2002,Females,9,90,25893
2002,Females,10,0,23720
2002,Females,10,1,25457
2002,Females,10,2,26818
2002,Females,10,3,28285
2002,Females,10,4,29171
2002,Females,10,5,29690
2002,Females,10,6,29959
2002,Females,10,7,30131
2002,Females,10,8,31193
2002,Females,10,9,31086
2002,Females,10,10,32136
2002,Females,10,11,33157
2002,Females,10,12,32734
2002,Females,10,13,32079
2002,Females,10,14,32321
2002,Females,10,15,31463
2002,Females,10,16,31033
2002,Females,10,17,30998
2002,Females,10,18,29435
2002,Females,10,19,24086
2002,Females,10,20,20023
2002,Females,10,21,21113
2002,Females,10,22,22165
2002,Females,10,23,21722
2002,Females,10,24,20328
2002,Females,10,25,20327
2002,Females,10,26,20551
2002,Females,10,27,21997
2002,Females,10,28,23606
2002,Females,10,29,26419
2002,Females,10,30,29608
2002,Females,10,31,32049
2002,Females,10,32,32839
2002,Females,10,33,35048
2002,Females,10,34,36549
2002,Females,10,35,39284
2002,Females,10,36,41056
2002,Females,10,37,42454
2002,Females,10,38,43333
2002,Females,10,39,42984
2002,Females,10,40,42558
2002,Females,10,41,42072
2002,Females,10,42,40320
2002,Females,10,43,39670
2002,Females,10,44,39457
2002,Females,10,45,38079
2002,Females,10,46,37067
2002,Females,10,47,36279
2002,Females,10,48,36182
2002,Females,10,49,36477
2002,Females,10,50,36275
2002,Females,10,51,36404
2002,Females,10,52,38098
2002,Females,10,53,39236
2002,Females,10,54,42572
2002,Females,10,55,45345
2002,Females,10,56,36117
2002,Females,10,57,35167
2002,Females,10,58,34436
2002,Females,10,59,31759
2002,Females,10,60,27267
2002,Females,10,61,25355
2002,Females,10,62,26613
2002,Females,10,63,26803
2002,Females,10,64,26233
2002,Females,10,65,25538
2002,Females,10,66,25017
2002,Females,10,67,24165
2002,Females,10,68,22810
2002,Females,10,69,22450
2002,Females,10,70,22318
2002,Females,10,71,22471
2002,Females,10,72,21797
2002,Females,10,73,20876
2002,Females,10,74,19799
2002,Females,10,75,19100
2002,Females,10,76,18370
2002,Females,10,77,17878
2002,Females,10,78,17167
2002,Females,10,79,16818
2002,Females,10,80,16153
2002,Females,10,81,16356
2002,Females,10,82,14717
2002,Females,10,83,10511
2002,Females,10,84,8569
2002,Females,10,85,8741
2002,Females,10,86,8486
2002,Females,10,87,8052
2002,Females,10,88,7084
2002,Females,10,89,6188
2002,Females,10,90,23160
2003,Females,1,0,38590
2003,Females,1,1,37018
2003,Females,1,2,36245
2003,Females,1,3,35842
2003,Females,1,4,36276
2003,Females,1,5,36545
2003,Females,1,6,37721
2003,Females,1,7,36895
2003,Females,1,8,36190
2003,Females,1,9,36997
2003,Females,1,10,37229
2003,Females,1,11,37884
2003,Females,1,12,37867
2003,Females,1,13,36592
2003,Females,1,14,36722
2003,Females,1,15,37079
2003,Females,1,16,36809
2003,Females,1,17,36819
2003,Females,1,18,37464
2003,Females,1,19,38527
2003,Females,1,20,40518
2003,Females,1,21,41116
2003,Females,1,22,41785
2003,Females,1,23,40999
2003,Females,1,24,38064
2003,Females,1,25,36220
2003,Females,1,26,34967
2003,Females,1,27,35423
2003,Females,1,28,35559
2003,Females,1,29,35986
2003,Females,1,30,37783
2003,Females,1,31,39296
2003,Females,1,32,39904
2003,Females,1,33,39419
2003,Females,1,34,39481
2003,Females,1,35,38470
2003,Females,1,36,38567
2003,Females,1,37,37942
2003,Females,1,38,38098
2003,Females,1,39,36641
2003,Females,1,40,36000
2003,Females,1,41,35331
2003,Females,1,42,33691
2003,Females,1,43,32403
2003,Females,1,44,31023
2003,Females,1,45,30707
2003,Females,1,46,29663
2003,Females,1,47,28165
2003,Females,1,48,26982
2003,Females,1,49,26839
2003,Females,1,50,26241
2003,Females,1,51,25612
2003,Females,1,52,25280
2003,Females,1,53,25659
2003,Females,1,54,25844
2003,Females,1,55,26911
2003,Females,1,56,27942
2003,Females,1,57,23064
2003,Females,1,58,22362
2003,Females,1,59,21809
2003,Females,1,60,21892
2003,Females,1,61,20651
2003,Females,1,62,20260
2003,Females,1,63,21384
2003,Females,1,64,21672
2003,Females,1,65,21283
2003,Females,1,66,21133
2003,Females,1,67,20614
2003,Females,1,68,20026
2003,Females,1,69,19261
2003,Females,1,70,19085
2003,Females,1,71,19617
2003,Females,1,72,19496
2003,Females,1,73,19440
2003,Females,1,74,18291
2003,Females,1,75,18128
2003,Females,1,76,17964
2003,Females,1,77,17468
2003,Females,1,78,16861
2003,Females,1,79,16328
2003,Females,1,80,15716
2003,Females,1,81,16021
2003,Females,1,82,15477
2003,Females,1,83,14661
2003,Females,1,84,10401
2003,Females,1,85,8021
2003,Females,1,86,7616
2003,Females,1,87,6979
2003,Females,1,88,7149
2003,Females,1,89,6045
2003,Females,1,90,22085
2003,Females,2,0,33877
2003,Females,2,1,33141
2003,Females,2,2,31987
2003,Females,2,3,32482
2003,Females,2,4,32600
2003,Females,2,5,33568
2003,Females,2,6,34523
2003,Females,2,7,33808
2003,Females,2,8,33050
2003,Females,2,9,33796
2003,Females,2,10,34660
2003,Females,2,11,35351
2003,Females,2,12,35220
2003,Females,2,13,34204
2003,Females,2,14,33957
2003,Females,2,15,34229
2003,Females,2,16,34140
2003,Females,2,17,33562
2003,Females,2,18,34215
2003,Females,2,19,35292
2003,Females,2,20,37408
2003,Females,2,21,37801
2003,Females,2,22,39535
2003,Females,2,23,40102
2003,Females,2,24,38499
2003,Females,2,25,36865
2003,Females,2,26,36737
2003,Females,2,27,37505
2003,Females,2,28,37771
2003,Females,2,29,38231
2003,Females,2,30,39259
2003,Females,2,31,40650
2003,Females,2,32,41472
2003,Females,2,33,40718
2003,Females,2,34,40966
2003,Females,2,35,40611
2003,Females,2,36,40586
2003,Females,2,37,39816
2003,Females,2,38,39131
2003,Females,2,39,38355
2003,Females,2,40,37810
2003,Females,2,41,36145
2003,Females,2,42,34916
2003,Females,2,43,33304
2003,Females,2,44,32134
2003,Females,2,45,31105
2003,Females,2,46,29845
2003,Females,2,47,28606
2003,Females,2,48,27301
2003,Females,2,49,27206
2003,Females,2,50,26095
2003,Females,2,51,25826
2003,Females,2,52,25443
2003,Females,2,53,26243
2003,Females,2,54,26588
2003,Females,2,55,27330
2003,Females,2,56,28953
2003,Females,2,57,23639
2003,Females,2,58,23112
2003,Females,2,59,22663
2003,Females,2,60,22455
2003,Females,2,61,20934
2003,Females,2,62,20118
2003,Females,2,63,21167
2003,Females,2,64,21355
2003,Females,2,65,20909
2003,Females,2,66,20373
2003,Females,2,67,19979
2003,Females,2,68,19683
2003,Females,2,69,18943
2003,Females,2,70,19126
2003,Females,2,71,19425
2003,Females,2,72,19943
2003,Females,2,73,19312
2003,Females,2,74,18728
2003,Females,2,75,18110
2003,Females,2,76,18036
2003,Females,2,77,17989
2003,Females,2,78,17313
2003,Females,2,79,16623
2003,Females,2,80,16122
2003,Females,2,81,16237
2003,Females,2,82,16011
2003,Females,2,83,14956
2003,Females,2,84,10743
2003,Females,2,85,8263
2003,Females,2,86,8137
2003,Females,2,87,7467
2003,Females,2,88,7272
2003,Females,2,89,6501
2003,Females,2,90,23086
2003,Females,3,0,30185
2003,Females,3,1,29096
2003,Females,3,2,28460
2003,Females,3,3,28917
2003,Females,3,4,29836
2003,Females,3,5,30107
2003,Females,3,6,31017
2003,Females,3,7,30465
2003,Females,3,8,30046
2003,Females,3,9,30716
2003,Females,3,10,31364
2003,Females,3,11,32803
2003,Females,3,12,33039
2003,Females,3,13,32044
2003,Females,3,14,31459
2003,Females,3,15,32490
2003,Females,3,16,31655
2003,Females,3,17,31221
2003,Females,3,18,32015
2003,Females,3,19,34189
2003,Females,3,20,36189
2003,Females,3,21,36824
2003,Females,3,22,38648
2003,Females,3,23,39184
2003,Females,3,24,38571
2003,Females,3,25,36485
2003,Females,3,26,36426
2003,Females,3,27,37221
2003,Females,3,28,37682
2003,Females,3,29,38247
2003,Females,3,30,39047
2003,Females,3,31,40677
2003,Females,3,32,41518
2003,Females,3,33,39941
2003,Females,3,34,40450
2003,Females,3,35,40131
2003,Females,3,36,39738
2003,Females,3,37,39566
2003,Females,3,38,39113
2003,Females,3,39,38424
2003,Females,3,40,37527
2003,Females,3,41,36498
2003,Females,3,42,35090
2003,Females,3,43,33366
2003,Females,3,44,32260
2003,Females,3,45,31362
2003,Females,3,46,30193
2003,Females,3,47,29221
2003,Females,3,48,28160
2003,Females,3,49,28128
2003,Females,3,50,27469
2003,Females,3,51,27435
2003,Females,3,52,27045
2003,Females,3,53,27598
2003,Females,3,54,28162
2003,Females,3,55,29636
2003,Females,3,56,30786
2003,Females,3,57,25595
2003,Females,3,58,24628
2003,Females,3,59,24260
2003,Females,3,60,23439
2003,Females,3,61,21701
2003,Females,3,62,20599
2003,Females,3,63,21789
2003,Females,3,64,21832
2003,Females,3,65,21710
2003,Females,3,66,21387
2003,Females,3,67,20582
2003,Females,3,68,20243
2003,Females,3,69,19621
2003,Females,3,70,19739
2003,Females,3,71,19825
2003,Females,3,72,20342
2003,Females,3,73,19798
2003,Females,3,74,19456
2003,Females,3,75,18391
2003,Females,3,76,18380
2003,Females,3,77,18299
2003,Females,3,78,17647
2003,Females,3,79,17135
2003,Females,3,80,16180
2003,Females,3,81,16803
2003,Females,3,82,16296
2003,Females,3,83,15590
2003,Females,3,84,10849
2003,Females,3,85,8584
2003,Females,3,86,8520
2003,Females,3,87,8146
2003,Females,3,88,7849
2003,Females,3,89,6786
2003,Females,3,90,24618
2003,Females,4,0,27699
2003,Females,4,1,26664
2003,Females,4,2,26336
2003,Females,4,3,26935
2003,Females,4,4,27716
2003,Females,4,5,28210
2003,Females,4,6,28722
2003,Females,4,7,28393
2003,Females,4,8,28589
2003,Females,4,9,29218
2003,Females,4,10,29452
2003,Females,4,11,31116
2003,Females,4,12,31114
2003,Females,4,13,30542
2003,Females,4,14,30288
2003,Females,4,15,31117
2003,Females,4,16,30056
2003,Females,4,17,29931
2003,Females,4,18,30685
2003,Females,4,19,33074
2003,Females,4,20,35290
2003,Females,4,21,36245
2003,Females,4,22,36852
2003,Females,4,23,37328
2003,Females,4,24,36225
2003,Females,4,25,34146
2003,Females,4,26,33840
2003,Females,4,27,35198
2003,Females,4,28,36373
2003,Females,4,29,36985
2003,Females,4,30,38170
2003,Females,4,31,39918
2003,Females,4,32,40344
2003,Females,4,33,39428
2003,Females,4,34,40375
2003,Females,4,35,39607
2003,Females,4,36,39971
2003,Females,4,37,39520
2003,Females,4,38,39647
2003,Females,4,39,38550
2003,Females,4,40,37562
2003,Females,4,41,36665
2003,Females,4,42,35491
2003,Females,4,43,34228
2003,Females,4,44,33519
2003,Females,4,45,32524
2003,Females,4,46,31604
2003,Females,4,47,30469
2003,Females,4,48,29514
2003,Females,4,49,29841
2003,Females,4,50,29289
2003,Females,4,51,28713
2003,Females,4,52,28999
2003,Females,4,53,29909
2003,Females,4,54,30688
2003,Females,4,55,32657
2003,Females,4,56,34273
2003,Females,4,57,28064
2003,Females,4,58,27278
2003,Females,4,59,26423
2003,Females,4,60,25506
2003,Females,4,61,23938
2003,Females,4,62,22576
2003,Females,4,63,23201
2003,Females,4,64,23266
2003,Females,4,65,22915
2003,Females,4,66,22218
2003,Females,4,67,21974
2003,Females,4,68,21238
2003,Females,4,69,20673
2003,Females,4,70,20577
2003,Females,4,71,20933
2003,Females,4,72,21304
2003,Females,4,73,20723
2003,Females,4,74,20218
2003,Females,4,75,19424
2003,Females,4,76,19108
2003,Females,4,77,18794
2003,Females,4,78,18336
2003,Females,4,79,17765
2003,Females,4,80,17107
2003,Females,4,81,17158
2003,Females,4,82,17234
2003,Females,4,83,15799
2003,Females,4,84,11290
2003,Females,4,85,9003
2003,Females,4,86,9004
2003,Females,4,87,8626
2003,Females,4,88,8237
2003,Females,4,89,7133
2003,Females,4,90,26816
2003,Females,5,0,25841
2003,Females,5,1,24907
2003,Females,5,2,25018
2003,Females,5,3,26033
2003,Females,5,4,26780
2003,Females,5,5,27048
2003,Females,5,6,27815
2003,Females,5,7,27656
2003,Females,5,8,28022
2003,Females,5,9,28656
2003,Females,5,10,29394
2003,Females,5,11,30064
2003,Females,5,12,30849
2003,Females,5,13,30139
2003,Females,5,14,29785
2003,Females,5,15,30234
2003,Females,5,16,29526
2003,Females,5,17,29162
2003,Females,5,18,29223
2003,Females,5,19,28957
2003,Females,5,20,29818
2003,Females,5,21,30730
2003,Females,5,22,32455
2003,Females,5,23,33016
2003,Females,5,24,32259
2003,Females,5,25,31043
2003,Females,5,26,30839
2003,Females,5,27,31909
2003,Females,5,28,33629
2003,Females,5,29,34750
2003,Females,5,30,35798
2003,Females,5,31,37965
2003,Females,5,32,38904
2003,Females,5,33,37921
2003,Females,5,34,39092
2003,Females,5,35,38744
2003,Females,5,36,39315
2003,Females,5,37,39663
2003,Females,5,38,39589
2003,Females,5,39,39050
2003,Females,5,40,38370
2003,Females,5,41,37557
2003,Females,5,42,36218
2003,Females,5,43,35165
2003,Females,5,44,34730
2003,Females,5,45,33800
2003,Females,5,46,32652
2003,Females,5,47,32232
2003,Females,5,48,31199
2003,Females,5,49,31648
2003,Females,5,50,31232
2003,Females,5,51,30553
2003,Females,5,52,31050
2003,Females,5,53,31906
2003,Females,5,54,32743
2003,Females,5,55,35312
2003,Females,5,56,37909
2003,Females,5,57,30500
2003,Females,5,58,30039
2003,Females,5,59,29346
2003,Females,5,60,28299
2003,Females,5,61,25479
2003,Females,5,62,23848
2003,Females,5,63,25118
2003,Females,5,64,24842
2003,Females,5,65,24865
2003,Females,5,66,24067
2003,Females,5,67,23583
2003,Females,5,68,22587
2003,Females,5,69,21956
2003,Females,5,70,21969
2003,Females,5,71,22199
2003,Females,5,72,22009
2003,Females,5,73,21711
2003,Females,5,74,20972
2003,Females,5,75,19957
2003,Females,5,76,19770
2003,Females,5,77,19402
2003,Females,5,78,18906
2003,Females,5,79,18367
2003,Females,5,80,18046
2003,Females,5,81,17762
2003,Females,5,82,18034
2003,Females,5,83,16515
2003,Females,5,84,11689
2003,Females,5,85,9373
2003,Females,5,86,9623
2003,Females,5,87,9129
2003,Females,5,88,8669
2003,Females,5,89,7567
2003,Females,5,90,27646
2003,Females,6,0,25422
2003,Females,6,1,24620
2003,Females,6,2,24765
2003,Females,6,3,25809
2003,Females,6,4,26499
2003,Females,6,5,26828
2003,Females,6,6,28099
2003,Females,6,7,27681
2003,Females,6,8,27795
2003,Females,6,9,28768
2003,Females,6,10,28905
2003,Females,6,11,29730
2003,Females,6,12,30324
2003,Females,6,13,29650
2003,Females,6,14,29811
2003,Females,6,15,30017
2003,Females,6,16,29575
2003,Females,6,17,28753
2003,Females,6,18,28253
2003,Females,6,19,25828
2003,Females,6,20,25999
2003,Females,6,21,27001
2003,Females,6,22,29293
2003,Females,6,23,30453
2003,Females,6,24,30357
2003,Females,6,25,29508
2003,Females,6,26,29865
2003,Females,6,27,30334
2003,Females,6,28,32289
2003,Females,6,29,33667
2003,Females,6,30,35266
2003,Females,6,31,37186
2003,Females,6,32,37973
2003,Females,6,33,37527
2003,Females,6,34,38603
2003,Females,6,35,38936
2003,Females,6,36,39852
2003,Females,6,37,40347
2003,Females,6,38,40005
2003,Females,6,39,40010
2003,Females,6,40,39036
2003,Females,6,41,38224
2003,Females,6,42,37106
2003,Females,6,43,35721
2003,Females,6,44,35370
2003,Females,6,45,34686
2003,Females,6,46,33837
2003,Females,6,47,32920
2003,Females,6,48,32231
2003,Females,6,49,32453
2003,Females,6,50,32157
2003,Females,6,51,31857
2003,Females,6,52,32393
2003,Females,6,53,33751
2003,Females,6,54,34622
2003,Females,6,55,37643
2003,Females,6,56,39910
2003,Females,6,57,32512
2003,Females,6,58,31968
2003,Females,6,59,31140
2003,Females,6,60,29809
2003,Females,6,61,26765
2003,Females,6,62,24899
2003,Females,6,63,25721
2003,Females,6,64,25683
2003,Females,6,65,25249
2003,Females,6,66,24437
2003,Females,6,67,24171
2003,Females,6,68,23631
2003,Females,6,69,22380
2003,Females,6,70,22510
2003,Females,6,71,22569
2003,Females,6,72,22612
2003,Females,6,73,21898
2003,Females,6,74,21402
2003,Females,6,75,20573
2003,Females,6,76,20042
2003,Females,6,77,19408
2003,Females,6,78,18983
2003,Females,6,79,18179
2003,Females,6,80,17952
2003,Females,6,81,17643
2003,Females,6,82,17863
2003,Females,6,83,16237
2003,Females,6,84,11489
2003,Females,6,85,9406
2003,Females,6,86,9806
2003,Females,6,87,9116
2003,Females,6,88,8732
2003,Females,6,89,7642
2003,Females,6,90,28828
2003,Females,7,0,24901
2003,Females,7,1,24144
2003,Females,7,2,24767
2003,Females,7,3,25725
2003,Females,7,4,26386
2003,Females,7,5,26869
2003,Females,7,6,27405
2003,Females,7,7,27339
2003,Females,7,8,27822
2003,Females,7,9,28835
2003,Females,7,10,28674
2003,Females,7,11,29679
2003,Females,7,12,30365
2003,Females,7,13,29902
2003,Females,7,14,29616
2003,Females,7,15,30197
2003,Females,7,16,29138
2003,Females,7,17,28812
2003,Females,7,18,29160
2003,Females,7,19,27601
2003,Females,7,20,26265
2003,Females,7,21,26611
2003,Females,7,22,28222
2003,Females,7,23,28513
2003,Females,7,24,28295
2003,Females,7,25,26752
2003,Females,7,26,27473
2003,Females,7,27,28455
2003,Females,7,28,29770
2003,Females,7,29,31573
2003,Females,7,30,33784
2003,Females,7,31,35752
2003,Females,7,32,36925
2003,Females,7,33,36925
2003,Females,7,34,38063
2003,Females,7,35,38544
2003,Females,7,36,40034
2003,Females,7,37,40111
2003,Females,7,38,40787
2003,Females,7,39,40929
2003,Females,7,40,39873
2003,Females,7,41,39009
2003,Females,7,42,37865
2003,Females,7,43,36942
2003,Females,7,44,36174
2003,Females,7,45,35931
2003,Females,7,46,34723
2003,Females,7,47,33871
2003,Females,7,48,33039
2003,Females,7,49,33689
2003,Females,7,50,33682
2003,Females,7,51,33500
2003,Females,7,52,33828
2003,Females,7,53,34891
2003,Females,7,54,36476
2003,Females,7,55,39412
2003,Females,7,56,41545
2003,Females,7,57,33811
2003,Females,7,58,32733
2003,Females,7,59,32416
2003,Females,7,60,30878
2003,Females,7,61,27643
2003,Females,7,62,25260
2003,Females,7,63,26671
2003,Females,7,64,26477
2003,Females,7,65,26005
2003,Females,7,66,25292
2003,Females,7,67,24365
2003,Females,7,68,23681
2003,Females,7,69,22657
2003,Females,7,70,22659
2003,Females,7,71,22601
2003,Females,7,72,22669
2003,Females,7,73,22244
2003,Females,7,74,21018
2003,Females,7,75,20075
2003,Females,7,76,19776
2003,Females,7,77,19078
2003,Females,7,78,18475
2003,Females,7,79,18204
2003,Females,7,80,17605
2003,Females,7,81,17691
2003,Females,7,82,17661
2003,Females,7,83,16154
2003,Females,7,84,11942
2003,Females,7,85,9254
2003,Females,7,86,9593
2003,Females,7,87,9233
2003,Females,7,88,8621
2003,Females,7,89,7694
2003,Females,7,90,28573
2003,Females,8,0,24730
2003,Females,8,1,23975
2003,Females,8,2,25002
2003,Females,8,3,25683
2003,Females,8,4,26480
2003,Females,8,5,27311
2003,Females,8,6,27574
2003,Females,8,7,27452
2003,Females,8,8,27686
2003,Females,8,9,28644
2003,Females,8,10,28778
2003,Females,8,11,29773
2003,Females,8,12,30824
2003,Females,8,13,30432
2003,Females,8,14,29790
2003,Females,8,15,30221
2003,Females,8,16,29343
2003,Females,8,17,28593
2003,Females,8,18,28909
2003,Females,8,19,26826
2003,Females,8,20,24740
2003,Females,8,21,25045
2003,Females,8,22,26718
2003,Females,8,23,27142
2003,Females,8,24,27053
2003,Females,8,25,25907
2003,Females,8,26,25915
2003,Females,8,27,27261
2003,Females,8,28,28833
2003,Females,8,29,30817
2003,Females,8,30,33040
2003,Females,8,31,35228
2003,Females,8,32,36818
2003,Females,8,33,36412
2003,Females,8,34,37917
2003,Females,8,35,38710
2003,Females,8,36,39780
2003,Females,8,37,40644
2003,Females,8,38,40868
2003,Females,8,39,40859
2003,Females,8,40,40222
2003,Females,8,41,39214
2003,Females,8,42,38276
2003,Females,8,43,36808
2003,Females,8,44,36475
2003,Females,8,45,36115
2003,Females,8,46,34799
2003,Females,8,47,33750
2003,Females,8,48,33342
2003,Females,8,49,33933
2003,Females,8,50,33747
2003,Females,8,51,33500
2003,Females,8,52,34234
2003,Females,8,53,35272
2003,Females,8,54,36750
2003,Females,8,55,39964
2003,Females,8,56,42851
2003,Females,8,57,34125
2003,Females,8,58,33680
2003,Females,8,59,32818
2003,Females,8,60,30796
2003,Females,8,61,27562
2003,Females,8,62,25220
2003,Females,8,63,26073
2003,Females,8,64,26225
2003,Females,8,65,26007
2003,Females,8,66,25245
2003,Females,8,67,24503
2003,Females,8,68,23384
2003,Females,8,69,22554
2003,Females,8,70,22389
2003,Females,8,71,22152
2003,Females,8,72,21872
2003,Females,8,73,22002
2003,Females,8,74,20918
2003,Females,8,75,19830
2003,Females,8,76,19267
2003,Females,8,77,18856
2003,Females,8,78,18023
2003,Females,8,79,17416
2003,Females,8,80,16788
2003,Females,8,81,16683
2003,Females,8,82,16957
2003,Females,8,83,15265
2003,Females,8,84,11251
2003,Females,8,85,8880
2003,Females,8,86,9140
2003,Females,8,87,8845
2003,Females,8,88,8315
2003,Females,8,89,7235
2003,Females,8,90,27465
2003,Females,9,0,24824
2003,Females,9,1,24669
2003,Females,9,2,25801
2003,Females,9,3,26593
2003,Females,9,4,27629
2003,Females,9,5,28277
2003,Females,9,6,28475
2003,Females,9,7,28904
2003,Females,9,8,29304
2003,Females,9,9,29938
2003,Females,9,10,29794
2003,Females,9,11,31175
2003,Females,9,12,31777
2003,Females,9,13,31292
2003,Females,9,14,31134
2003,Females,9,15,30950
2003,Females,9,16,30227
2003,Females,9,17,29781
2003,Females,9,18,29641
2003,Females,9,19,27199
2003,Females,9,20,22809
2003,Females,9,21,22454
2003,Females,9,22,24424
2003,Females,9,23,25280
2003,Females,9,24,24882
2003,Females,9,25,23909
2003,Females,9,26,24677
2003,Females,9,27,25543
2003,Females,9,28,27323
2003,Females,9,29,28827
2003,Females,9,30,31859
2003,Females,9,31,34467
2003,Females,9,32,36195
2003,Females,9,33,36378
2003,Females,9,34,38007
2003,Females,9,35,39178
2003,Females,9,36,40349
2003,Females,9,37,41558
2003,Females,9,38,42137
2003,Females,9,39,41876
2003,Females,9,40,41761
2003,Females,9,41,40493
2003,Females,9,42,39819
2003,Females,9,43,38059
2003,Females,9,44,37748
2003,Females,9,45,37691
2003,Females,9,46,36179
2003,Females,9,47,34725
2003,Females,9,48,34656
2003,Females,9,49,34916
2003,Females,9,50,34399
2003,Females,9,51,34398
2003,Females,9,52,34745
2003,Females,9,53,36175
2003,Females,9,54,37629
2003,Females,9,55,40790
2003,Females,9,56,43736
2003,Females,9,57,34640
2003,Females,9,58,34312
2003,Females,9,59,33706
2003,Females,9,60,31316
2003,Females,9,61,27393
2003,Females,9,62,25260
2003,Females,9,63,26230
2003,Females,9,64,26495
2003,Females,9,65,26098
2003,Females,9,66,25409
2003,Females,9,67,24348
2003,Females,9,68,23702
2003,Females,9,69,22723
2003,Females,9,70,22311
2003,Females,9,71,22468
2003,Females,9,72,22512
2003,Females,9,73,21727
2003,Females,9,74,20883
2003,Females,9,75,19866
2003,Females,9,76,19325
2003,Females,9,77,18742
2003,Females,9,78,17748
2003,Females,9,79,17411
2003,Females,9,80,16961
2003,Females,9,81,16609
2003,Females,9,82,16554
2003,Females,9,83,15132
2003,Females,9,84,10630
2003,Females,9,85,8478
2003,Females,9,86,8800
2003,Females,9,87,8490
2003,Females,9,88,8018
2003,Females,9,89,6925
2003,Females,9,90,26352
2003,Females,10,0,24004
2003,Females,10,1,24851
2003,Females,10,2,26652
2003,Females,10,3,27650
2003,Females,10,4,29163
2003,Females,10,5,30020
2003,Females,10,6,30403
2003,Females,10,7,30617
2003,Females,10,8,30903
2003,Females,10,9,31896
2003,Females,10,10,31665
2003,Females,10,11,32722
2003,Females,10,12,33593
2003,Females,10,13,32979
2003,Females,10,14,32269
2003,Females,10,15,32598
2003,Females,10,16,31721
2003,Females,10,17,31135
2003,Females,10,18,30222
2003,Females,10,19,24892
2003,Females,10,20,19813
2003,Females,10,21,20255
2003,Females,10,22,22226
2003,Females,10,23,22642
2003,Females,10,24,21577
2003,Females,10,25,20637
2003,Females,10,26,20516
2003,Females,10,27,21043
2003,Females,10,28,22740
2003,Females,10,29,24657
2003,Females,10,30,28279
2003,Females,10,31,30813
2003,Females,10,32,33444
2003,Females,10,33,33921
2003,Females,10,34,36171
2003,Females,10,35,37818
2003,Females,10,36,40230
2003,Females,10,37,41666
2003,Females,10,38,43110
2003,Females,10,39,44014
2003,Females,10,40,43626
2003,Females,10,41,42871
2003,Females,10,42,42152
2003,Females,10,43,40151
2003,Females,10,44,39604
2003,Females,10,45,39373
2003,Females,10,46,37980
2003,Females,10,47,36757
2003,Females,10,48,36167
2003,Females,10,49,35892
2003,Females,10,50,36117
2003,Females,10,51,36102
2003,Females,10,52,36088
2003,Females,10,53,37586
2003,Females,10,54,38882
2003,Females,10,55,42126
2003,Females,10,56,44939
2003,Females,10,57,35650
2003,Females,10,58,34752
2003,Females,10,59,34166
2003,Females,10,60,31410
2003,Females,10,61,27313
2003,Females,10,62,25104
2003,Females,10,63,26272
2003,Females,10,64,26630
2003,Females,10,65,26011
2003,Females,10,66,25450
2003,Females,10,67,24753
2003,Females,10,68,23952
2003,Females,10,69,22752
2003,Females,10,70,22256
2003,Females,10,71,22016
2003,Females,10,72,22213
2003,Females,10,73,21459
2003,Females,10,74,20463
2003,Females,10,75,19318
2003,Females,10,76,18779
2003,Females,10,77,17978
2003,Females,10,78,17256
2003,Females,10,79,16606
2003,Females,10,80,16144
2003,Females,10,81,15549
2003,Females,10,82,15572
2003,Females,10,83,13910
2003,Females,10,84,9840
2003,Females,10,85,7865
2003,Females,10,86,8054
2003,Females,10,87,7779
2003,Females,10,88,7161
2003,Females,10,89,6142
2003,Females,10,90,23994
2004,Females,1,0,39853
2004,Females,1,1,38274
2004,Females,1,2,36305
2004,Females,1,3,35924
2004,Females,1,4,35547
2004,Females,1,5,36121
2004,Females,1,6,36494
2004,Females,1,7,37504
2004,Females,1,8,36643
2004,Females,1,9,36050
2004,Females,1,10,36760
2004,Females,1,11,36773
2004,Females,1,12,37219
2004,Females,1,13,37067
2004,Females,1,14,35804
2004,Females,1,15,35822
2004,Females,1,16,37019
2004,Females,1,17,37310
2004,Females,1,18,37777
2004,Females,1,19,40182
2004,Females,1,20,41154
2004,Females,1,21,41403
2004,Females,1,22,42032
2004,Females,1,23,42261
2004,Females,1,24,41608
2004,Females,1,25,39010
2004,Females,1,26,36178
2004,Females,1,27,34874
2004,Females,1,28,35291
2004,Females,1,29,35268
2004,Females,1,30,35646
2004,Females,1,31,37135
2004,Females,1,32,38544
2004,Females,1,33,39371
2004,Females,1,34,38688
2004,Females,1,35,38829
2004,Females,1,36,38055
2004,Females,1,37,38172
2004,Females,1,38,37371
2004,Females,1,39,37529
2004,Females,1,40,36337
2004,Females,1,41,35759
2004,Females,1,42,35056
2004,Females,1,43,33401
2004,Females,1,44,32147
2004,Females,1,45,30796
2004,Females,1,46,30294
2004,Females,1,47,29293
2004,Females,1,48,27876
2004,Females,1,49,26712
2004,Females,1,50,26673
2004,Females,1,51,26023
2004,Females,1,52,25279
2004,Females,1,53,24988
2004,Females,1,54,25369
2004,Females,1,55,25631
2004,Females,1,56,26568
2004,Females,1,57,27662
2004,Females,1,58,22667
2004,Females,1,59,21944
2004,Females,1,60,21485
2004,Females,1,61,21504
2004,Females,1,62,20338
2004,Females,1,63,19880
2004,Females,1,64,20847
2004,Females,1,65,21127
2004,Females,1,66,20835
2004,Females,1,67,20526
2004,Females,1,68,20116
2004,Females,1,69,19528
2004,Females,1,70,18640
2004,Females,1,71,18477
2004,Females,1,72,18835
2004,Females,1,73,18836
2004,Females,1,74,18615
2004,Females,1,75,17555
2004,Females,1,76,17150
2004,Females,1,77,16901
2004,Females,1,78,16446
2004,Females,1,79,15802
2004,Females,1,80,15377
2004,Females,1,81,14400
2004,Females,1,82,14571
2004,Females,1,83,14031
2004,Females,1,84,13072
2004,Females,1,85,9190
2004,Females,1,86,6954
2004,Females,1,87,6599
2004,Females,1,88,6038
2004,Females,1,89,5951
2004,Females,1,90,22100
2004,Females,2,0,35286
2004,Females,2,1,33370
2004,Females,2,2,32536
2004,Females,2,3,31710
2004,Females,2,4,32196
2004,Females,2,5,32496
2004,Females,2,6,33345
2004,Females,2,7,34349
2004,Females,2,8,33646
2004,Females,2,9,32908
2004,Females,2,10,33432
2004,Females,2,11,34153
2004,Females,2,12,34966
2004,Females,2,13,34827
2004,Females,2,14,33862
2004,Females,2,15,33756
2004,Females,2,16,34377
2004,Females,2,17,34430
2004,Females,2,18,34210
2004,Females,2,19,37283
2004,Females,2,20,38176
2004,Females,2,21,38418
2004,Females,2,22,39019
2004,Females,2,23,40853
2004,Females,2,24,41283
2004,Females,2,25,39942
2004,Females,2,26,37373
2004,Females,2,27,37055
2004,Females,2,28,37728
2004,Females,2,29,37779
2004,Females,2,30,37408
2004,Females,2,31,38801
2004,Females,2,32,39880
2004,Females,2,33,40796
2004,Females,2,34,40178
2004,Females,2,35,40350
2004,Females,2,36,39897
2004,Females,2,37,40129
2004,Females,2,38,39406
2004,Females,2,39,38943
2004,Females,2,40,37879
2004,Females,2,41,37342
2004,Females,2,42,35820
2004,Females,2,43,34608
2004,Females,2,44,33132
2004,Females,2,45,31815
2004,Females,2,46,30810
2004,Females,2,47,29657
2004,Females,2,48,28224
2004,Females,2,49,27144
2004,Females,2,50,26963
2004,Females,2,51,26040
2004,Females,2,52,25645
2004,Females,2,53,25180
2004,Females,2,54,26018
2004,Females,2,55,26353
2004,Females,2,56,26996
2004,Females,2,57,28746
2004,Females,2,58,23357
2004,Females,2,59,22710
2004,Females,2,60,22355
2004,Females,2,61,22009
2004,Females,2,62,20639
2004,Females,2,63,19728
2004,Females,2,64,20864
2004,Females,2,65,20748
2004,Females,2,66,20535
2004,Females,2,67,20030
2004,Females,2,68,19600
2004,Females,2,69,19131
2004,Females,2,70,18384
2004,Females,2,71,18636
2004,Females,2,72,18855
2004,Females,2,73,19224
2004,Females,2,74,18777
2004,Females,2,75,17915
2004,Females,2,76,17309
2004,Females,2,77,17340
2004,Females,2,78,16974
2004,Females,2,79,16240
2004,Females,2,80,15579
2004,Females,2,81,15077
2004,Females,2,82,15007
2004,Females,2,83,14749
2004,Females,2,84,13470
2004,Females,2,85,9794
2004,Females,2,86,7358
2004,Females,2,87,7171
2004,Females,2,88,6516
2004,Females,2,89,6192
2004,Females,2,90,23480
2004,Females,3,0,31412
2004,Females,3,1,29756
2004,Females,3,2,28806
2004,Females,3,3,28175
2004,Females,3,4,28770
2004,Females,3,5,29691
2004,Females,3,6,30039
2004,Females,3,7,30885
2004,Females,3,8,30444
2004,Females,3,9,30015
2004,Females,3,10,30616
2004,Females,3,11,31297
2004,Females,3,12,32823
2004,Females,3,13,33030
2004,Females,3,14,31834
2004,Females,3,15,31729
2004,Females,3,16,32654
2004,Females,3,17,31819
2004,Females,3,18,32372
2004,Females,3,19,36271
2004,Females,3,20,37586
2004,Females,3,21,37932
2004,Females,3,22,38358
2004,Females,3,23,40016
2004,Females,3,24,40676
2004,Females,3,25,39657
2004,Females,3,26,37355
2004,Females,3,27,37044
2004,Females,3,28,37580
2004,Females,3,29,37962
2004,Females,3,30,37532
2004,Females,3,31,38650
2004,Females,3,32,40124
2004,Females,3,33,40723
2004,Females,3,34,39404
2004,Females,3,35,40089
2004,Females,3,36,39812
2004,Females,3,37,39361
2004,Females,3,38,39220
2004,Females,3,39,38917
2004,Females,3,40,38020
2004,Females,3,41,37316
2004,Females,3,42,36188
2004,Females,3,43,34727
2004,Females,3,44,33070
2004,Females,3,45,31940
2004,Females,3,46,31292
2004,Females,3,47,29966
2004,Females,3,48,28907
2004,Females,3,49,28105
2004,Females,3,50,28146
2004,Females,3,51,27414
2004,Females,3,52,27244
2004,Females,3,53,26806
2004,Females,3,54,27418
2004,Females,3,55,27954
2004,Females,3,56,29344
2004,Females,3,57,30660
2004,Females,3,58,25289
2004,Females,3,59,24309
2004,Females,3,60,23927
2004,Females,3,61,23040
2004,Females,3,62,21454
2004,Females,3,63,20366
2004,Females,3,64,21546
2004,Females,3,65,21534
2004,Females,3,66,21533
2004,Females,3,67,20952
2004,Females,3,68,20297
2004,Females,3,69,20018
2004,Females,3,70,19113
2004,Females,3,71,19316
2004,Females,3,72,19392
2004,Females,3,73,19680
2004,Females,3,74,19173
2004,Females,3,75,18845
2004,Females,3,76,17760
2004,Females,3,77,17582
2004,Females,3,78,17393
2004,Females,3,79,16763
2004,Females,3,80,16177
2004,Females,3,81,15230
2004,Females,3,82,15656
2004,Females,3,83,15007
2004,Females,3,84,14185
2004,Females,3,85,10007
2004,Females,3,86,7717
2004,Females,3,87,7577
2004,Females,3,88,7034
2004,Females,3,89,6677
2004,Females,3,90,25187
2004,Females,4,0,29445
2004,Females,4,1,27225
2004,Females,4,2,26312
2004,Females,4,3,26222
2004,Females,4,4,26823
2004,Females,4,5,27621
2004,Females,4,6,28055
2004,Females,4,7,28754
2004,Females,4,8,28436
2004,Females,4,9,28713
2004,Females,4,10,29204
2004,Females,4,11,29517
2004,Females,4,12,31143
2004,Females,4,13,31294
2004,Females,4,14,30360
2004,Females,4,15,30428
2004,Females,4,16,31411
2004,Females,4,17,30294
2004,Females,4,18,31016
2004,Females,4,19,34589
2004,Females,4,20,36844
2004,Females,4,21,36546
2004,Females,4,22,36902
2004,Females,4,23,38001
2004,Females,4,24,38493
2004,Females,4,25,36932
2004,Females,4,26,34890
2004,Females,4,27,34715
2004,Females,4,28,35737
2004,Females,4,29,36558
2004,Females,4,30,36479
2004,Females,4,31,37917
2004,Females,4,32,39648
2004,Females,4,33,39780
2004,Females,4,34,38817
2004,Females,4,35,39858
2004,Females,4,36,39131
2004,Females,4,37,39606
2004,Females,4,38,39281
2004,Females,4,39,39338
2004,Females,4,40,38290
2004,Females,4,41,37473
2004,Females,4,42,36469
2004,Females,4,43,35428
2004,Females,4,44,33957
2004,Females,4,45,33283
2004,Females,4,46,32416
2004,Females,4,47,31531
2004,Females,4,48,30464
2004,Females,4,49,29422
2004,Females,4,50,29744
2004,Females,4,51,29089
2004,Females,4,52,28560
2004,Females,4,53,28964
2004,Females,4,54,29959
2004,Females,4,55,30464
2004,Females,4,56,32459
2004,Females,4,57,34057
2004,Females,4,58,27787
2004,Females,4,59,27160
2004,Females,4,60,26494
2004,Females,4,61,25402
2004,Females,4,62,23655
2004,Females,4,63,22328
2004,Females,4,64,23003
2004,Females,4,65,23082
2004,Females,4,66,22680
2004,Females,4,67,21983
2004,Females,4,68,21476
2004,Females,4,69,20795
2004,Females,4,70,20371
2004,Females,4,71,20253
2004,Females,4,72,20369
2004,Females,4,73,20796
2004,Females,4,74,20215
2004,Females,4,75,19438
2004,Females,4,76,18743
2004,Females,4,77,18462
2004,Females,4,78,18009
2004,Females,4,79,17399
2004,Females,4,80,16769
2004,Females,4,81,16112
2004,Females,4,82,16029
2004,Females,4,83,15984
2004,Females,4,84,14662
2004,Females,4,85,10382
2004,Females,4,86,8017
2004,Females,4,87,8000
2004,Females,4,88,7554
2004,Females,4,89,7160
2004,Females,4,90,26779
2004,Females,5,0,26971
2004,Females,5,1,25604
2004,Females,5,2,24877
2004,Females,5,3,24953
2004,Females,5,4,25922
2004,Females,5,5,26912
2004,Females,5,6,27179
2004,Females,5,7,28204
2004,Females,5,8,27996
2004,Females,5,9,28109
2004,Females,5,10,28655
2004,Females,5,11,29357
2004,Females,5,12,30438
2004,Females,5,13,31010
2004,Females,5,14,30237
2004,Females,5,15,30155
2004,Females,5,16,30375
2004,Females,5,17,29785
2004,Females,5,18,29315
2004,Females,5,19,30168
2004,Females,5,20,30682
2004,Females,5,21,31038
2004,Females,5,22,31867
2004,Females,5,23,33611
2004,Females,5,24,34459
2004,Females,5,25,32935
2004,Females,5,26,31856
2004,Females,5,27,31764
2004,Females,5,28,32512
2004,Females,5,29,34086
2004,Females,5,30,34773
2004,Females,5,31,35854
2004,Females,5,32,37932
2004,Females,5,33,38893
2004,Females,5,34,37843
2004,Females,5,35,39016
2004,Females,5,36,38833
2004,Females,5,37,39219
2004,Females,5,38,39732
2004,Females,5,39,39737
2004,Females,5,40,39019
2004,Females,5,41,38419
2004,Females,5,42,37629
2004,Females,5,43,36126
2004,Females,5,44,35123
2004,Females,5,45,34650
2004,Females,5,46,33669
2004,Females,5,47,32678
2004,Females,5,48,32083
2004,Females,5,49,31116
2004,Females,5,50,31381
2004,Females,5,51,31155
2004,Females,5,52,30640
2004,Females,5,53,31070
2004,Females,5,54,31836
2004,Females,5,55,32624
2004,Females,5,56,35204
2004,Females,5,57,37492
2004,Females,5,58,30426
2004,Females,5,59,29943
2004,Females,5,60,29063
2004,Females,5,61,28189
2004,Females,5,62,25408
2004,Females,5,63,23600
2004,Females,5,64,24691
2004,Females,5,65,24610
2004,Females,5,66,24501
2004,Females,5,67,23673
2004,Females,5,68,23252
2004,Females,5,69,22309
2004,Females,5,70,21617
2004,Females,5,71,21602
2004,Females,5,72,21824
2004,Females,5,73,21655
2004,Females,5,74,21103
2004,Females,5,75,20317
2004,Females,5,76,19401
2004,Females,5,77,19173
2004,Females,5,78,18779
2004,Females,5,79,18048
2004,Females,5,80,17309
2004,Females,5,81,17063
2004,Females,5,82,16651
2004,Females,5,83,16773
2004,Females,5,84,15380
2004,Females,5,85,10874
2004,Females,5,86,8472
2004,Females,5,87,8501
2004,Females,5,88,8013
2004,Females,5,89,7493
2004,Females,5,90,28686
2004,Females,6,0,26510
2004,Females,6,1,25366
2004,Females,6,2,24553
2004,Females,6,3,24965
2004,Females,6,4,25769
2004,Females,6,5,26840
2004,Females,6,6,27198
2004,Females,6,7,28279
2004,Females,6,8,27949
2004,Females,6,9,28105
2004,Females,6,10,28899
2004,Females,6,11,28992
2004,Females,6,12,29909
2004,Females,6,13,30438
2004,Females,6,14,29772
2004,Females,6,15,30247
2004,Females,6,16,30182
2004,Females,6,17,29636
2004,Females,6,18,28842
2004,Females,6,19,27807
2004,Females,6,20,26809
2004,Females,6,21,27351
2004,Females,6,22,28458
2004,Females,6,23,31037
2004,Females,6,24,32046
2004,Females,6,25,31438
2004,Females,6,26,30484
2004,Females,6,27,30794
2004,Females,6,28,31174
2004,Females,6,29,32888
2004,Females,6,30,33214
2004,Females,6,31,35525
2004,Females,6,32,37234
2004,Females,6,33,38092
2004,Females,6,34,37802
2004,Females,6,35,38693
2004,Females,6,36,39207
2004,Females,6,37,39982
2004,Females,6,38,40495
2004,Females,6,39,40038
2004,Females,6,40,40311
2004,Females,6,41,39178
2004,Females,6,42,38365
2004,Females,6,43,37198
2004,Females,6,44,35827
2004,Females,6,45,35482
2004,Females,6,46,34668
2004,Females,6,47,33892
2004,Females,6,48,33048
2004,Females,6,49,32204
2004,Females,6,50,32285
2004,Females,6,51,32200
2004,Females,6,52,31937
2004,Females,6,53,32467
2004,Females,6,54,33462
2004,Females,6,55,34644
2004,Females,6,56,37579
2004,Females,6,57,39971
2004,Females,6,58,32430
2004,Females,6,59,31836
2004,Females,6,60,31119
2004,Females,6,61,29694
2004,Females,6,62,26643
2004,Females,6,63,24731
2004,Females,6,64,25627
2004,Females,6,65,25579
2004,Females,6,66,24940
2004,Females,6,67,24316
2004,Females,6,68,23956
2004,Females,6,69,23326
2004,Females,6,70,22135
2004,Females,6,71,22140
2004,Females,6,72,22271
2004,Females,6,73,22170
2004,Females,6,74,21420
2004,Females,6,75,20809
2004,Females,6,76,19872
2004,Females,6,77,19283
2004,Females,6,78,18631
2004,Females,6,79,18180
2004,Females,6,80,17330
2004,Females,6,81,17085
2004,Females,6,82,16607
2004,Females,6,83,16737
2004,Females,6,84,14955
2004,Females,6,85,10812
2004,Females,6,86,8559
2004,Females,6,87,8739
2004,Females,6,88,8144
2004,Females,6,89,7709
2004,Females,6,90,29111
2004,Females,7,0,25487
2004,Females,7,1,24971
2004,Females,7,2,24255
2004,Females,7,3,24960
2004,Females,7,4,25948
2004,Females,7,5,26686
2004,Females,7,6,27119
2004,Females,7,7,27837
2004,Females,7,8,27738
2004,Females,7,9,28035
2004,Females,7,10,28745
2004,Females,7,11,28747
2004,Females,7,12,29833
2004,Females,7,13,30635
2004,Females,7,14,30001
2004,Females,7,15,29969
2004,Females,7,16,30642
2004,Females,7,17,29631
2004,Females,7,18,29313
2004,Females,7,19,28833
2004,Females,7,20,27162
2004,Females,7,21,27016
2004,Females,7,22,27062
2004,Females,7,23,28946
2004,Females,7,24,29481
2004,Females,7,25,28706
2004,Females,7,26,27569
2004,Females,7,27,27904
2004,Females,7,28,29046
2004,Females,7,29,30486
2004,Females,7,30,32041
2004,Females,7,31,34091
2004,Females,7,32,35975
2004,Females,7,33,37325
2004,Females,7,34,37134
2004,Females,7,35,38446
2004,Females,7,36,38941
2004,Females,7,37,40233
2004,Females,7,38,40393
2004,Females,7,39,41061
2004,Females,7,40,41141
2004,Females,7,41,39945
2004,Females,7,42,39233
2004,Females,7,43,38056
2004,Females,7,44,37106
2004,Females,7,45,36199
2004,Females,7,46,36027
2004,Females,7,47,34727
2004,Females,7,48,33832
2004,Females,7,49,32919
2004,Females,7,50,33558
2004,Females,7,51,33538
2004,Females,7,52,33242
2004,Females,7,53,33823
2004,Females,7,54,34613
2004,Females,7,55,36169
2004,Females,7,56,39079
2004,Females,7,57,41529
2004,Females,7,58,33601
2004,Females,7,59,32574
2004,Females,7,60,32604
2004,Females,7,61,30743
2004,Females,7,62,27569
2004,Females,7,63,25062
2004,Females,7,64,26354
2004,Females,7,65,26265
2004,Females,7,66,25775
2004,Females,7,67,25145
2004,Females,7,68,24066
2004,Females,7,69,23584
2004,Females,7,70,22469
2004,Females,7,71,22435
2004,Females,7,72,22244
2004,Females,7,73,22379
2004,Females,7,74,21857
2004,Females,7,75,20566
2004,Females,7,76,19564
2004,Females,7,77,18932
2004,Females,7,78,18486
2004,Females,7,79,17746
2004,Females,7,80,17551
2004,Females,7,81,16848
2004,Females,7,82,16793
2004,Females,7,83,16561
2004,Females,7,84,14994
2004,Females,7,85,10980
2004,Females,7,86,8551
2004,Females,7,87,8595
2004,Females,7,88,8137
2004,Females,7,89,7482
2004,Females,7,90,28838
2004,Females,8,0,25538
2004,Females,8,1,24675
2004,Females,8,2,24336
2004,Females,8,3,25284
2004,Females,8,4,26179
2004,Females,8,5,26942
2004,Females,8,6,27758
2004,Females,8,7,27940
2004,Females,8,8,27790
2004,Females,8,9,27999
2004,Females,8,10,28983
2004,Females,8,11,29031
2004,Females,8,12,29862
2004,Females,8,13,30869
2004,Females,8,14,30354
2004,Females,8,15,30161
2004,Females,8,16,30615
2004,Females,8,17,29538
2004,Females,8,18,28665
2004,Females,8,19,27865
2004,Females,8,20,25849
2004,Females,8,21,25235
2004,Females,8,22,26085
2004,Females,8,23,27368
2004,Females,8,24,27937
2004,Females,8,25,27536
2004,Females,8,26,26595
2004,Females,8,27,26680
2004,Females,8,28,28113
2004,Females,8,29,29583
2004,Females,8,30,31118
2004,Females,8,31,33399
2004,Females,8,32,35676
2004,Females,8,33,37248
2004,Females,8,34,36739
2004,Females,8,35,38489
2004,Females,8,36,39230
2004,Females,8,37,40239
2004,Females,8,38,41055
2004,Females,8,39,41232
2004,Females,8,40,41194
2004,Females,8,41,40430
2004,Females,8,42,39490
2004,Females,8,43,38353
2004,Females,8,44,36947
2004,Females,8,45,36403
2004,Females,8,46,36215
2004,Females,8,47,34737
2004,Females,8,48,33898
2004,Females,8,49,33410
2004,Females,8,50,33718
2004,Females,8,51,33611
2004,Females,8,52,33266
2004,Females,8,53,33891
2004,Females,8,54,35350
2004,Females,8,55,36773
2004,Females,8,56,39687
2004,Females,8,57,42952
2004,Females,8,58,33883
2004,Females,8,59,33458
2004,Females,8,60,32563
2004,Females,8,61,30755
2004,Females,8,62,27425
2004,Females,8,63,25068
2004,Females,8,64,25888
2004,Females,8,65,26115
2004,Females,8,66,25788
2004,Females,8,67,25096
2004,Females,8,68,24175
2004,Females,8,69,23112
2004,Females,8,70,22381
2004,Females,8,71,22038
2004,Females,8,72,21958
2004,Females,8,73,21417
2004,Females,8,74,21641
2004,Females,8,75,20586
2004,Females,8,76,19424
2004,Females,8,77,18715
2004,Females,8,78,18248
2004,Females,8,79,17599
2004,Females,8,80,16681
2004,Females,8,81,15990
2004,Females,8,82,15917
2004,Females,8,83,15995
2004,Females,8,84,14205
2004,Females,8,85,10477
2004,Females,8,86,8028
2004,Females,8,87,8286
2004,Females,8,88,7806
2004,Females,8,89,7318
2004,Females,8,90,28053
2004,Females,9,0,25467
2004,Females,9,1,25101
2004,Females,9,2,25031
2004,Females,9,3,26226
2004,Females,9,4,27138
2004,Females,9,5,28153
2004,Females,9,6,28618
2004,Females,9,7,28858
2004,Females,9,8,29215
2004,Females,9,9,29655
2004,Females,9,10,30442
2004,Females,9,11,30186
2004,Females,9,12,31303
2004,Females,9,13,31980
2004,Females,9,14,31497
2004,Females,9,15,31354
2004,Females,9,16,31066
2004,Females,9,17,30431
2004,Females,9,18,30062
2004,Females,9,19,28151
2004,Females,9,20,23049
2004,Females,9,21,22665
2004,Females,9,22,23578
2004,Females,9,23,25405
2004,Females,9,24,26089
2004,Females,9,25,25456
2004,Females,9,26,24321
2004,Females,9,27,24949
2004,Females,9,28,26023
2004,Females,9,29,28057
2004,Females,9,30,30092
2004,Females,9,31,32665
2004,Females,9,32,34953
2004,Females,9,33,37014
2004,Females,9,34,37143
2004,Females,9,35,38791
2004,Females,9,36,39727
2004,Females,9,37,40920
2004,Females,9,38,42173
2004,Females,9,39,42552
2004,Females,9,40,42046
2004,Females,9,41,42130
2004,Females,9,42,40697
2004,Females,9,43,39970
2004,Females,9,44,38309
2004,Females,9,45,37897
2004,Females,9,46,37598
2004,Females,9,47,36163
2004,Females,9,48,34732
2004,Females,9,49,34399
2004,Females,9,50,34740
2004,Females,9,51,34156
2004,Females,9,52,34243
2004,Females,9,53,34587
2004,Females,9,54,35876
2004,Females,9,55,37351
2004,Females,9,56,40648
2004,Females,9,57,43623
2004,Females,9,58,34417
2004,Females,9,59,34089
2004,Females,9,60,33643
2004,Females,9,61,31169
2004,Females,9,62,27199
2004,Females,9,63,25092
2004,Females,9,64,26071
2004,Females,9,65,26382
2004,Females,9,66,25990
2004,Females,9,67,25211
2004,Females,9,68,24128
2004,Females,9,69,23307
2004,Females,9,70,22612
2004,Females,9,71,21960
2004,Females,9,72,22008
2004,Females,9,73,22039
2004,Females,9,74,21278
2004,Females,9,75,20393
2004,Females,9,76,19456
2004,Females,9,77,18912
2004,Females,9,78,18091
2004,Females,9,79,17089
2004,Females,9,80,16803
2004,Females,9,81,16208
2004,Females,9,82,15675
2004,Females,9,83,15602
2004,Females,9,84,14038
2004,Females,9,85,9935
2004,Females,9,86,7706
2004,Females,9,87,7921
2004,Females,9,88,7458
2004,Females,9,89,7076
2004,Females,9,90,26879
2004,Females,10,0,24771
2004,Females,10,1,25005
2004,Females,10,2,25808
2004,Females,10,3,27313
2004,Females,10,4,28323
2004,Females,10,5,29805
2004,Females,10,6,30508
2004,Females,10,7,30931
2004,Females,10,8,31020
2004,Females,10,9,31389
2004,Females,10,10,32221
2004,Females,10,11,32085
2004,Females,10,12,32871
2004,Females,10,13,33682
2004,Females,10,14,32915
2004,Females,10,15,32283
2004,Females,10,16,32840
2004,Females,10,17,31892
2004,Females,10,18,30344
2004,Females,10,19,25617
2004,Females,10,20,20107
2004,Females,10,21,19974
2004,Females,10,22,21291
2004,Females,10,23,22570
2004,Females,10,24,22373
2004,Females,10,25,21719
2004,Females,10,26,20721
2004,Females,10,27,20894
2004,Females,10,28,21778
2004,Females,10,29,23827
2004,Females,10,30,26576
2004,Females,10,31,29301
2004,Females,10,32,32179
2004,Females,10,33,34725
2004,Females,10,34,35041
2004,Females,10,35,37666
2004,Females,10,36,38867
2004,Females,10,37,41048
2004,Females,10,38,42254
2004,Females,10,39,43836
2004,Females,10,40,44726
2004,Females,10,41,43738
2004,Females,10,42,43086
2004,Females,10,43,42388
2004,Females,10,44,40216
2004,Females,10,45,39577
2004,Females,10,46,39223
2004,Females,10,47,37790
2004,Females,10,48,36623
2004,Females,10,49,35866
2004,Females,10,50,35733
2004,Females,10,51,35760
2004,Females,10,52,35560
2004,Females,10,53,35547
2004,Females,10,54,37192
2004,Females,10,55,38412
2004,Females,10,56,41446
2004,Females,10,57,44587
2004,Females,10,58,35150
2004,Females,10,59,34216
2004,Females,10,60,33847
2004,Females,10,61,31184
2004,Females,10,62,27111
2004,Females,10,63,24883
2004,Females,10,64,26239
2004,Females,10,65,26391
2004,Females,10,66,25831
2004,Females,10,67,25131
2004,Females,10,68,24590
2004,Females,10,69,23779
2004,Females,10,70,22368
2004,Females,10,71,21918
2004,Females,10,72,21773
2004,Females,10,73,21959
2004,Females,10,74,21112
2004,Females,10,75,20044
2004,Females,10,76,19059
2004,Females,10,77,18285
2004,Females,10,78,17461
2004,Females,10,79,16689
2004,Females,10,80,15981
2004,Females,10,81,15430
2004,Females,10,82,14912
2004,Females,10,83,14549
2004,Females,10,84,12863
2004,Females,10,85,9026
2004,Females,10,86,7065
2004,Females,10,87,7349
2004,Females,10,88,6850
2004,Females,10,89,6353
2004,Females,10,90,24621
2005,Females,1,0,41379
2005,Females,1,1,39534
2005,Females,1,2,37745
2005,Females,1,3,36000
2005,Females,1,4,35681
2005,Females,1,5,35365
2005,Females,1,6,35944
2005,Females,1,7,36162
2005,Females,1,8,37391
2005,Females,1,9,36375
2005,Females,1,10,35797
2005,Females,1,11,36244
2005,Females,1,12,36432
2005,Females,1,13,36784
2005,Females,1,14,36443
2005,Females,1,15,35029
2005,Females,1,16,35713
2005,Females,1,17,37435
2005,Females,1,18,38691
2005,Females,1,19,40741
2005,Females,1,20,43330
2005,Females,1,21,42939
2005,Females,1,22,43182
2005,Females,1,23,43226
2005,Females,1,24,43498
2005,Females,1,25,43571
2005,Females,1,26,39664
2005,Females,1,27,36711
2005,Females,1,28,35441
2005,Females,1,29,35791
2005,Females,1,30,35654
2005,Females,1,31,35722
2005,Females,1,32,37020
2005,Females,1,33,38374
2005,Females,1,34,39170
2005,Females,1,35,38090
2005,Females,1,36,38547
2005,Females,1,37,37947
2005,Females,1,38,37871
2005,Females,1,39,37134
2005,Females,1,40,37155
2005,Females,1,41,36006
2005,Females,1,42,35485
2005,Females,1,43,34800
2005,Females,1,44,33079
2005,Females,1,45,31946
2005,Females,1,46,30596
2005,Females,1,47,30218
2005,Females,1,48,29109
2005,Females,1,49,27716
2005,Females,1,50,26746
2005,Females,1,51,26472
2005,Females,1,52,25779
2005,Females,1,53,25063
2005,Females,1,54,24788
2005,Females,1,55,25088
2005,Females,1,56,25368
2005,Females,1,57,26148
2005,Females,1,58,27434
2005,Females,1,59,22317
2005,Females,1,60,21549
2005,Females,1,61,21037
2005,Females,1,62,21136
2005,Females,1,63,19888
2005,Females,1,64,19378
2005,Females,1,65,20454
2005,Females,1,66,20540
2005,Females,1,67,20387
2005,Females,1,68,20008
2005,Females,1,69,19466
2005,Females,1,70,18783
2005,Females,1,71,18103
2005,Females,1,72,17850
2005,Females,1,73,18095
2005,Females,1,74,18102
2005,Females,1,75,17943
2005,Females,1,76,16683
2005,Females,1,77,16253
2005,Females,1,78,15939
2005,Females,1,79,15366
2005,Females,1,80,14916
2005,Females,1,81,14203
2005,Females,1,82,13247
2005,Females,1,83,13329
2005,Females,1,84,12685
2005,Females,1,85,11459
2005,Females,1,86,8179
2005,Females,1,87,6139
2005,Females,1,88,5615
2005,Females,1,89,5124
2005,Females,1,90,22303
2005,Females,2,0,36703
2005,Females,2,1,34952
2005,Females,2,2,33155
2005,Females,2,3,32294
2005,Females,2,4,31530
2005,Females,2,5,32070
2005,Females,2,6,32438
2005,Females,2,7,33094
2005,Females,2,8,34070
2005,Females,2,9,33391
2005,Females,2,10,32692
2005,Females,2,11,33286
2005,Females,2,12,33950
2005,Females,2,13,34942
2005,Females,2,14,34685
2005,Females,2,15,33731
2005,Females,2,16,33983
2005,Females,2,17,34873
2005,Females,2,18,35402
2005,Females,2,19,37625
2005,Females,2,20,40072
2005,Females,2,21,39759
2005,Females,2,22,40147
2005,Females,2,23,40825
2005,Females,2,24,42562
2005,Females,2,25,43333
2005,Females,2,26,41390
2005,Females,2,27,38368
2005,Females,2,28,37855
2005,Females,2,29,37909
2005,Females,2,30,37981
2005,Females,2,31,37448
2005,Females,2,32,38723
2005,Females,2,33,39966
2005,Females,2,34,40784
2005,Females,2,35,39796
2005,Females,2,36,40003
2005,Females,2,37,39328
2005,Females,2,38,39612
2005,Females,2,39,39230
2005,Females,2,40,38811
2005,Females,2,41,37605
2005,Females,2,42,37069
2005,Females,2,43,35625
2005,Females,2,44,34407
2005,Females,2,45,32794
2005,Females,2,46,31704
2005,Females,2,47,30578
2005,Females,2,48,29501
2005,Females,2,49,28129
2005,Females,2,50,27017
2005,Females,2,51,26859
2005,Females,2,52,25754
2005,Females,2,53,25442
2005,Females,2,54,24927
2005,Females,2,55,25854
2005,Females,2,56,26039
2005,Females,2,57,26627
2005,Females,2,58,28484
2005,Females,2,59,23087
2005,Females,2,60,22387
2005,Females,2,61,22115
2005,Females,2,62,21726
2005,Females,2,63,20296
2005,Females,2,64,19349
2005,Females,2,65,20393
2005,Females,2,66,20272
2005,Females,2,67,20133
2005,Females,2,68,19524
2005,Females,2,69,19116
2005,Females,2,70,18729
2005,Females,2,71,17890
2005,Females,2,72,18056
2005,Females,2,73,18273
2005,Females,2,74,18599
2005,Females,2,75,17950
2005,Females,2,76,17175
2005,Females,2,77,16543
2005,Females,2,78,16502
2005,Females,2,79,15998
2005,Females,2,80,15196
2005,Females,2,81,14577
2005,Females,2,82,13974
2005,Females,2,83,13731
2005,Females,2,84,13433
2005,Females,2,85,12189
2005,Females,2,86,8687
2005,Females,2,87,6467
2005,Females,2,88,6281
2005,Females,2,89,5519
2005,Females,2,90,23718
2005,Females,3,0,32511
2005,Females,3,1,31082
2005,Females,3,2,29526
2005,Females,3,3,28470
2005,Females,3,4,28070
2005,Females,3,5,28559
2005,Females,3,6,29686
2005,Females,3,7,29954
2005,Females,3,8,30663
2005,Females,3,9,30313
2005,Females,3,10,30027
2005,Females,3,11,30680
2005,Females,3,12,31323
2005,Females,3,13,32933
2005,Females,3,14,33117
2005,Females,3,15,32219
2005,Females,3,16,31889
2005,Females,3,17,33002
2005,Females,3,18,33149
2005,Females,3,19,36818
2005,Females,3,20,39701
2005,Females,3,21,38746
2005,Females,3,22,39592
2005,Females,3,23,40622
2005,Females,3,24,42261
2005,Females,3,25,42459
2005,Females,3,26,41056
2005,Females,3,27,38269
2005,Females,3,28,37689
2005,Females,3,29,38284
2005,Females,3,30,37957
2005,Females,3,31,37530
2005,Females,3,32,38765
2005,Females,3,33,39974
2005,Females,3,34,40494
2005,Females,3,35,39024
2005,Females,3,36,39832
2005,Females,3,37,39356
2005,Females,3,38,38959
2005,Females,3,39,38790
2005,Females,3,40,38571
2005,Females,3,41,37866
2005,Females,3,42,37110
2005,Females,3,43,35893
2005,Females,3,44,34466
2005,Females,3,45,32777
2005,Females,3,46,31848
2005,Females,3,47,31203
2005,Females,3,48,29921
2005,Females,3,49,28807
2005,Females,3,50,28140
2005,Females,3,51,27859
2005,Females,3,52,27256
2005,Females,3,53,27062
2005,Females,3,54,26713
2005,Females,3,55,27245
2005,Females,3,56,27829
2005,Females,3,57,29045
2005,Females,3,58,30366
2005,Females,3,59,24919
2005,Females,3,60,23962
2005,Females,3,61,23617
2005,Females,3,62,22734
2005,Females,3,63,21118
2005,Females,3,64,20024
2005,Females,3,65,21226
2005,Females,3,66,21250
2005,Females,3,67,21130
2005,Females,3,68,20532
2005,Females,3,69,19898
2005,Females,3,70,19521
2005,Females,3,71,18730
2005,Females,3,72,18850
2005,Females,3,73,18904
2005,Females,3,74,19067
2005,Females,3,75,18569
2005,Females,3,76,18158
2005,Females,3,77,17055
2005,Females,3,78,16766
2005,Females,3,79,16491
2005,Females,3,80,15771
2005,Females,3,81,15108
2005,Females,3,82,14346
2005,Females,3,83,14416
2005,Females,3,84,13853
2005,Females,3,85,12930
2005,Females,3,86,9011
2005,Females,3,87,6891
2005,Females,3,88,6565
2005,Females,3,89,5997
2005,Females,3,90,25504
2005,Females,4,0,29823
2005,Females,4,1,29015
2005,Females,4,2,27028
2005,Females,4,3,26123
2005,Females,4,4,26320
2005,Females,4,5,26741
2005,Females,4,6,27645
2005,Females,4,7,28103
2005,Females,4,8,28746
2005,Females,4,9,28569
2005,Females,4,10,28841
2005,Females,4,11,29266
2005,Females,4,12,29587
2005,Females,4,13,31303
2005,Females,4,14,31633
2005,Females,4,15,30854
2005,Females,4,16,30759
2005,Females,4,17,31771
2005,Females,4,18,31357
2005,Females,4,19,35759
2005,Females,4,20,38967
2005,Females,4,21,38419
2005,Females,4,22,37872
2005,Females,4,23,38371
2005,Females,4,24,40010
2005,Females,4,25,39503
2005,Females,4,26,38567
2005,Females,4,27,35745
2005,Females,4,28,35705
2005,Females,4,29,36368
2005,Females,4,30,36746
2005,Females,4,31,36650
2005,Females,4,32,38155
2005,Females,4,33,39543
2005,Females,4,34,39649
2005,Females,4,35,38563
2005,Females,4,36,39684
2005,Females,4,37,38935
2005,Females,4,38,39166
2005,Females,4,39,38945
2005,Females,4,40,39135
2005,Females,4,41,38347
2005,Females,4,42,37420
2005,Females,4,43,36482
2005,Females,4,44,35278
2005,Females,4,45,33938
2005,Females,4,46,33180
2005,Females,4,47,32242
2005,Females,4,48,31491
2005,Females,4,49,30522
2005,Females,4,50,29354
2005,Females,4,51,29704
2005,Females,4,52,29083
2005,Females,4,53,28419
2005,Females,4,54,28835
2005,Females,4,55,29780
2005,Females,4,56,30317
2005,Females,4,57,32279
2005,Females,4,58,34085
2005,Females,4,59,27567
2005,Females,4,60,26822
2005,Females,4,61,26240
2005,Females,4,62,25017
2005,Females,4,63,23329
2005,Females,4,64,22106
2005,Females,4,65,22659
2005,Females,4,66,22837
2005,Females,4,67,22354
2005,Females,4,68,21653
2005,Females,4,69,21135
2005,Females,4,70,20517
2005,Females,4,71,19886
2005,Females,4,72,19860
2005,Females,4,73,19861
2005,Females,4,74,20178
2005,Females,4,75,19533
2005,Females,4,76,18751
2005,Females,4,77,18060
2005,Females,4,78,17704
2005,Females,4,79,17165
2005,Females,4,80,16502
2005,Females,4,81,15841
2005,Females,4,82,15053
2005,Females,4,83,14999
2005,Females,4,84,14766
2005,Females,4,85,13255
2005,Females,4,86,9498
2005,Females,4,87,7084
2005,Females,4,88,7044
2005,Females,4,89,6532
2005,Females,4,90,27050
2005,Females,5,0,27506
2005,Females,5,1,26807
2005,Females,5,2,25589
2005,Females,5,3,25072
2005,Females,5,4,25093
2005,Females,5,5,25991
2005,Females,5,6,27036
2005,Females,5,7,27314
2005,Females,5,8,28417
2005,Females,5,9,28165
2005,Females,5,10,28268
2005,Females,5,11,28719
2005,Females,5,12,29272
2005,Females,5,13,30552
2005,Females,5,14,31110
2005,Females,5,15,30675
2005,Females,5,16,30508
2005,Females,5,17,30594
2005,Females,5,18,30275
2005,Females,5,19,30870
2005,Females,5,20,32799
2005,Females,5,21,32170
2005,Females,5,22,32363
2005,Females,5,23,33528
2005,Females,5,24,35556
2005,Females,5,25,35541
2005,Females,5,26,34409
2005,Females,5,27,33048
2005,Females,5,28,32708
2005,Females,5,29,33275
2005,Females,5,30,34409
2005,Females,5,31,35105
2005,Females,5,32,36020
2005,Females,5,33,38000
2005,Females,5,34,38951
2005,Females,5,35,37740
2005,Females,5,36,38986
2005,Females,5,37,38814
2005,Females,5,38,39235
2005,Females,5,39,39675
2005,Females,5,40,39779
2005,Females,5,41,39095
2005,Females,5,42,38426
2005,Females,5,43,37624
2005,Females,5,44,36110
2005,Females,5,45,35156
2005,Females,5,46,34635
2005,Females,5,47,33772
2005,Females,5,48,32844
2005,Females,5,49,32027
2005,Females,5,50,30847
2005,Females,5,51,31307
2005,Females,5,52,31136
2005,Females,5,53,30644
2005,Females,5,54,30958
2005,Females,5,55,31793
2005,Females,5,56,32329
2005,Females,5,57,35109
2005,Females,5,58,37466
2005,Females,5,59,30222
2005,Females,5,60,29697
2005,Females,5,61,28974
2005,Females,5,62,28052
2005,Females,5,63,25179
2005,Females,5,64,23363
2005,Females,5,65,24463
2005,Females,5,66,24404
2005,Females,5,67,24284
2005,Females,5,68,23443
2005,Females,5,69,23035
2005,Females,5,70,22023
2005,Females,5,71,21387
2005,Females,5,72,21174
2005,Females,5,73,21416
2005,Females,5,74,21254
2005,Females,5,75,20647
2005,Females,5,76,19678
2005,Females,5,77,18745
2005,Females,5,78,18461
2005,Females,5,79,17937
2005,Females,5,80,17164
2005,Females,5,81,16457
2005,Females,5,82,16048
2005,Females,5,83,15621
2005,Females,5,84,15520
2005,Females,5,85,13931
2005,Females,5,86,10079
2005,Females,5,87,7642
2005,Females,5,88,7554
2005,Females,5,89,6943
2005,Females,5,90,29179
2005,Females,6,0,26848
2005,Females,6,1,26422
2005,Females,6,2,25371
2005,Females,6,3,24576
2005,Females,6,4,25113
2005,Females,6,5,26083
2005,Females,6,6,27003
2005,Females,6,7,27437
2005,Females,6,8,28375
2005,Females,6,9,28147
2005,Females,6,10,28180
2005,Females,6,11,29127
2005,Females,6,12,29146
2005,Females,6,13,30080
2005,Females,6,14,30617
2005,Females,6,15,30136
2005,Females,6,16,30423
2005,Females,6,17,30578
2005,Females,6,18,29917
2005,Females,6,19,28252
2005,Females,6,20,28724
2005,Females,6,21,28127
2005,Females,6,22,29529
2005,Females,6,23,30539
2005,Females,6,24,33035
2005,Females,6,25,33759
2005,Females,6,26,32980
2005,Females,6,27,31655
2005,Females,6,28,31795
2005,Females,6,29,32096
2005,Females,6,30,33047
2005,Females,6,31,33880
2005,Females,6,32,35971
2005,Females,6,33,37507
2005,Females,6,34,38368
2005,Females,6,35,37991
2005,Females,6,36,38995
2005,Females,6,37,39423
2005,Females,6,38,40223
2005,Females,6,39,40627
2005,Females,6,40,40087
2005,Females,6,41,40388
2005,Females,6,42,39250
2005,Females,6,43,38542
2005,Females,6,44,37158
2005,Females,6,45,35906
2005,Females,6,46,35559
2005,Females,6,47,34784
2005,Females,6,48,33954
2005,Females,6,49,33038
2005,Females,6,50,32115
2005,Females,6,51,32293
2005,Females,6,52,32264
2005,Females,6,53,31829
2005,Females,6,54,32439
2005,Females,6,55,33310
2005,Females,6,56,34488
2005,Females,6,57,37366
2005,Females,6,58,40036
2005,Females,6,59,32207
2005,Females,6,60,31753
2005,Females,6,61,30991
2005,Females,6,62,29589
2005,Females,6,63,26506
2005,Females,6,64,24461
2005,Females,6,65,25301
2005,Females,6,66,25451
2005,Females,6,67,24664
2005,Females,6,68,24072
2005,Females,6,69,23660
2005,Females,6,70,23126
2005,Females,6,71,21844
2005,Females,6,72,21726
2005,Females,6,73,21860
2005,Females,6,74,21751
2005,Females,6,75,20880
2005,Females,6,76,20200
2005,Females,6,77,19236
2005,Females,6,78,18560
2005,Females,6,79,17885
2005,Females,6,80,17379
2005,Females,6,81,16517
2005,Females,6,82,16137
2005,Females,6,83,15583
2005,Females,6,84,15551
2005,Females,6,85,13957
2005,Females,6,86,9951
2005,Females,6,87,7650
2005,Females,6,88,7823
2005,Females,6,89,7081
2005,Females,6,90,29535
2005,Females,7,0,25844
2005,Females,7,1,25628
2005,Females,7,2,25034
2005,Females,7,3,24565
2005,Females,7,4,25281
2005,Females,7,5,25980
2005,Females,7,6,26769
2005,Females,7,7,27407
2005,Females,7,8,28173
2005,Females,7,9,28038
2005,Females,7,10,28244
2005,Females,7,11,29003
2005,Females,7,12,29025
2005,Females,7,13,30001
2005,Females,7,14,30888
2005,Females,7,15,30471
2005,Females,7,16,30296
2005,Females,7,17,30868
2005,Females,7,18,30158
2005,Females,7,19,29445
2005,Females,7,20,28599
2005,Females,7,21,28108
2005,Females,7,22,28189
2005,Females,7,23,28354
2005,Females,7,24,30160
2005,Females,7,25,30216
2005,Females,7,26,29560
2005,Females,7,27,28461
2005,Females,7,28,28712
2005,Females,7,29,29950
2005,Females,7,30,31161
2005,Females,7,31,32789
2005,Females,7,32,34493
2005,Females,7,33,36363
2005,Females,7,34,37855
2005,Females,7,35,37562
2005,Females,7,36,38546
2005,Females,7,37,39249
2005,Females,7,38,40561
2005,Females,7,39,40672
2005,Females,7,40,41043
2005,Females,7,41,41192
2005,Females,7,42,40048
2005,Females,7,43,39296
2005,Females,7,44,38305
2005,Females,7,45,37215
2005,Females,7,46,36258
2005,Females,7,47,36020
2005,Females,7,48,34700
2005,Females,7,49,33927
2005,Females,7,50,32950
2005,Females,7,51,33680
2005,Females,7,52,33552
2005,Females,7,53,33153
2005,Females,7,54,33698
2005,Females,7,55,34477
2005,Females,7,56,35988
2005,Females,7,57,38952
2005,Females,7,58,41490
2005,Females,7,59,33391
2005,Females,7,60,32441
2005,Females,7,61,32468
2005,Females,7,62,30458
2005,Females,7,63,27385
2005,Females,7,64,24752
2005,Females,7,65,26171
2005,Females,7,66,26030
2005,Females,7,67,25596
2005,Females,7,68,24892
2005,Females,7,69,23719
2005,Females,7,70,23385
2005,Females,7,71,22180
2005,Females,7,72,22086
2005,Females,7,73,21927
2005,Females,7,74,21888
2005,Females,7,75,21328
2005,Females,7,76,20117
2005,Females,7,77,19055
2005,Females,7,78,18373
2005,Females,7,79,17824
2005,Females,7,80,17109
2005,Females,7,81,16673
2005,Females,7,82,15916
2005,Females,7,83,15801
2005,Females,7,84,15462
2005,Females,7,85,13816
2005,Females,7,86,10161
2005,Females,7,87,7674
2005,Females,7,88,7624
2005,Females,7,89,7076
2005,Females,7,90,29324
2005,Females,8,0,25488
2005,Females,8,1,25762
2005,Females,8,2,24862
2005,Females,8,3,24731
2005,Females,8,4,25601
2005,Females,8,5,26236
2005,Females,8,6,27142
2005,Females,8,7,27960
2005,Females,8,8,28307
2005,Females,8,9,28014
2005,Females,8,10,28189
2005,Females,8,11,29428
2005,Females,8,12,29263
2005,Females,8,13,30042
2005,Females,8,14,30967
2005,Females,8,15,30701
2005,Females,8,16,30522
2005,Females,8,17,30862
2005,Females,8,18,29905
2005,Females,8,19,28151
2005,Females,8,20,27239
2005,Females,8,21,26504
2005,Females,8,22,26355
2005,Females,8,23,26879
2005,Females,8,24,28187
2005,Females,8,25,28621
2005,Females,8,26,28511
2005,Females,8,27,27364
2005,Females,8,28,27382
2005,Females,8,29,28893
2005,Females,8,30,30161
2005,Females,8,31,31790
2005,Females,8,32,34062
2005,Females,8,33,36181
2005,Females,8,34,37995
2005,Females,8,35,37248
2005,Females,8,36,38835
2005,Females,8,37,39561
2005,Females,8,38,40516
2005,Females,8,39,41268
2005,Females,8,40,41685
2005,Females,8,41,41387
2005,Females,8,42,40658
2005,Females,8,43,39780
2005,Females,8,44,38565
2005,Females,8,45,37017
2005,Females,8,46,36525
2005,Females,8,47,36197
2005,Females,8,48,34717
2005,Females,8,49,33929
2005,Females,8,50,33123
2005,Females,8,51,33579
2005,Females,8,52,33541
2005,Females,8,53,33102
2005,Females,8,54,33760
2005,Females,8,55,35295
2005,Females,8,56,36546
2005,Females,8,57,39486
2005,Females,8,58,42801
2005,Females,8,59,33700
2005,Females,8,60,33128
2005,Females,8,61,32431
2005,Females,8,62,30531
2005,Females,8,63,27340
2005,Females,8,64,24776
2005,Females,8,65,25747
2005,Females,8,66,25941
2005,Females,8,67,25613
2005,Females,8,68,24871
2005,Females,8,69,23943
2005,Females,8,70,22722
2005,Females,8,71,22099
2005,Females,8,72,21780
2005,Females,8,73,21585
2005,Females,8,74,21080
2005,Females,8,75,21191
2005,Females,8,76,20050
2005,Females,8,77,18979
2005,Females,8,78,18090
2005,Females,8,79,17651
2005,Females,8,80,16904
2005,Females,8,81,15963
2005,Females,8,82,15256
2005,Females,8,83,14992
2005,Females,8,84,15011
2005,Females,8,85,13181
2005,Females,8,86,9645
2005,Females,8,87,7228
2005,Females,8,88,7396
2005,Females,8,89,6803
2005,Females,8,90,28538
2005,Females,9,0,25436
2005,Females,9,1,25880
2005,Females,9,2,25713
2005,Females,9,3,25280
2005,Females,9,4,26624
2005,Females,9,5,27449
2005,Females,9,6,28392
2005,Females,9,7,28891
2005,Females,9,8,29001
2005,Females,9,9,29512
2005,Females,9,10,29972
2005,Females,9,11,30702
2005,Females,9,12,30561
2005,Females,9,13,31534
2005,Females,9,14,32230
2005,Females,9,15,31495
2005,Females,9,16,31591
2005,Females,9,17,31524
2005,Females,9,18,30568
2005,Females,9,19,28445
2005,Females,9,20,24325
2005,Females,9,21,23269
2005,Females,9,22,24533
2005,Females,9,23,24692
2005,Females,9,24,25874
2005,Females,9,25,26314
2005,Females,9,26,25812
2005,Females,9,27,24740
2005,Females,9,28,25562
2005,Females,9,29,26658
2005,Females,9,30,29286
2005,Females,9,31,30830
2005,Females,9,32,33547
2005,Females,9,33,35741
2005,Females,9,34,37874
2005,Females,9,35,37727
2005,Females,9,36,39212
2005,Females,9,37,40127
2005,Females,9,38,41348
2005,Females,9,39,42349
2005,Females,9,40,42754
2005,Females,9,41,42429
2005,Females,9,42,42277
2005,Females,9,43,40862
2005,Females,9,44,40225
2005,Females,9,45,38301
2005,Females,9,46,37880
2005,Females,9,47,37390
2005,Females,9,48,36047
2005,Females,9,49,34656
2005,Females,9,50,34148
2005,Females,9,51,34507
2005,Females,9,52,34089
2005,Females,9,53,34164
2005,Females,9,54,34445
2005,Females,9,55,35710
2005,Females,9,56,37383
2005,Females,9,57,40339
2005,Females,9,58,43476
2005,Females,9,59,34108
2005,Females,9,60,33740
2005,Females,9,61,33474
2005,Females,9,62,30943
2005,Females,9,63,27040
2005,Females,9,64,24834
2005,Females,9,65,26022
2005,Females,9,66,26191
2005,Females,9,67,25824
2005,Females,9,68,24981
2005,Females,9,69,23957
2005,Females,9,70,23201
2005,Females,9,71,22305
2005,Females,9,72,21677
2005,Females,9,73,21751
2005,Females,9,74,21658
2005,Females,9,75,20903
2005,Females,9,76,19923
2005,Females,9,77,18902
2005,Females,9,78,18346
2005,Females,9,79,17450
2005,Females,9,80,16335
2005,Females,9,81,16044
2005,Females,9,82,15419
2005,Females,9,83,14826
2005,Females,9,84,14507
2005,Females,9,85,12866
2005,Females,9,86,9213
2005,Females,9,87,7017
2005,Females,9,88,7010
2005,Females,9,89,6568
2005,Females,9,90,27401
2005,Females,10,0,24683
2005,Females,10,1,25947
2005,Females,10,2,26153
2005,Females,10,3,26659
2005,Females,10,4,28101
2005,Females,10,5,28866
2005,Females,10,6,30136
2005,Females,10,7,30819
2005,Females,10,8,31347
2005,Females,10,9,31247
2005,Females,10,10,31713
2005,Females,10,11,32686
2005,Females,10,12,32296
2005,Females,10,13,32917
2005,Females,10,14,33669
2005,Females,10,15,32813
2005,Females,10,16,32590
2005,Females,10,17,32934
2005,Females,10,18,31509
2005,Females,10,19,25464
2005,Females,10,20,20836
2005,Females,10,21,20770
2005,Females,10,22,21346
2005,Females,10,23,21912
2005,Females,10,24,22589
2005,Females,10,25,22238
2005,Females,10,26,21682
2005,Females,10,27,21039
2005,Females,10,28,21461
2005,Females,10,29,22798
2005,Females,10,30,25597
2005,Females,10,31,27625
2005,Females,10,32,30468
2005,Females,10,33,33248
2005,Females,10,34,35835
2005,Females,10,35,36161
2005,Females,10,36,38453
2005,Females,10,37,39656
2005,Females,10,38,41577
2005,Females,10,39,42855
2005,Females,10,40,44401
2005,Females,10,41,44920
2005,Females,10,42,43920
2005,Females,10,43,43221
2005,Females,10,44,42338
2005,Females,10,45,40296
2005,Females,10,46,39446
2005,Females,10,47,39139
2005,Females,10,48,37570
2005,Females,10,49,36346
2005,Females,10,50,35576
2005,Females,10,51,35455
2005,Females,10,52,35515
2005,Females,10,53,35182
2005,Females,10,54,35254
2005,Females,10,55,36752
2005,Females,10,56,38000
2005,Females,10,57,40982
2005,Females,10,58,44302
2005,Females,10,59,34806
2005,Females,10,60,33910
2005,Females,10,61,33527
2005,Females,10,62,30929
2005,Females,10,63,26831
2005,Females,10,64,24689
2005,Females,10,65,26104
2005,Females,10,66,26304
2005,Females,10,67,25664
2005,Females,10,68,24943
2005,Females,10,69,24413
2005,Females,10,70,23617
2005,Females,10,71,22152
2005,Females,10,72,21544
2005,Females,10,73,21474
2005,Females,10,74,21539
2005,Females,10,75,20791
2005,Females,10,76,19652
2005,Females,10,77,18625
2005,Females,10,78,17806
2005,Females,10,79,16874
2005,Females,10,80,16060
2005,Females,10,81,15293
2005,Females,10,82,14764
2005,Females,10,83,14075
2005,Females,10,84,13653
2005,Females,10,85,11695
2005,Females,10,86,8435
2005,Females,10,87,6463
2005,Females,10,88,6596
2005,Females,10,89,5988
2005,Females,10,90,25364
2006,Females,1,0,42523
2006,Females,1,1,41010
2006,Females,1,2,39025
2006,Females,1,3,37269
2006,Females,1,4,35601
2006,Females,1,5,35437
2006,Females,1,6,35090
2006,Females,1,7,35625
2006,Females,1,8,35811
2006,Females,1,9,37252
2006,Females,1,10,36350
2006,Females,1,11,35661
2006,Females,1,12,36070
2006,Females,1,13,36317
2006,Females,1,14,36490
2006,Females,1,15,35637
2006,Females,1,16,34722
2006,Females,1,17,35832
2006,Females,1,18,38275
2006,Females,1,19,41055
2006,Females,1,20,43362
2006,Females,1,21,44715
2006,Females,1,22,44320
2006,Females,1,23,44221
2006,Females,1,24,44098
2006,Females,1,25,44642
2006,Females,1,26,43812
2006,Females,1,27,39780
2006,Females,1,28,36631
2006,Females,1,29,35328
2006,Females,1,30,35989
2006,Females,1,31,35624
2006,Females,1,32,35698
2006,Females,1,33,36750
2006,Females,1,34,37924
2006,Females,1,35,38634
2006,Females,1,36,37576
2006,Females,1,37,37972
2006,Females,1,38,37453
2006,Females,1,39,37603
2006,Females,1,40,36559
2006,Females,1,41,36853
2006,Females,1,42,35665
2006,Females,1,43,35078
2006,Females,1,44,34422
2006,Females,1,45,32836
2006,Females,1,46,31602
2006,Females,1,47,30427
2006,Females,1,48,29892
2006,Females,1,49,28959
2006,Females,1,50,27856
2006,Females,1,51,26459
2006,Females,1,52,26237
2006,Females,1,53,25546
2006,Females,1,54,24836
2006,Females,1,55,24445
2006,Females,1,56,24860
2006,Females,1,57,25060
2006,Females,1,58,25783
2006,Females,1,59,27147
2006,Females,1,60,21881
2006,Females,1,61,21138
2006,Females,1,62,20756
2006,Females,1,63,20708
2006,Females,1,64,19390
2006,Females,1,65,18846
2006,Females,1,66,19844
2006,Females,1,67,19990
2006,Females,1,68,19806
2006,Females,1,69,19422
2006,Females,1,70,18822
2006,Females,1,71,18097
2006,Females,1,72,17490
2006,Females,1,73,17190
2006,Females,1,74,17459
2006,Females,1,75,17293
2006,Females,1,76,17037
2006,Females,1,77,15820
2006,Females,1,78,15361
2006,Females,1,79,14932
2006,Females,1,80,14420
2006,Females,1,81,13801
2006,Females,1,82,13042
2006,Females,1,83,12148
2006,Females,1,84,12073
2006,Females,1,85,11165
2006,Females,1,86,10061
2006,Females,1,87,7232
2006,Females,1,88,5257
2006,Females,1,89,4895
2006,Females,1,90,21824
2006,Females,2,0,37759
2006,Females,2,1,36086
2006,Females,2,2,34434
2006,Females,2,3,32668
2006,Females,2,4,31914
2006,Females,2,5,31421
2006,Females,2,6,31962
2006,Females,2,7,32312
2006,Females,2,8,32988
2006,Females,2,9,33863
2006,Females,2,10,33390
2006,Females,2,11,32578
2006,Females,2,12,33146
2006,Females,2,13,33878
2006,Females,2,14,35078
2006,Females,2,15,34761
2006,Females,2,16,33808
2006,Females,2,17,33991
2006,Females,2,18,35582
2006,Females,2,19,38399
2006,Females,2,20,40498
2006,Females,2,21,41826
2006,Females,2,22,41531
2006,Females,2,23,42003
2006,Females,2,24,43141
2006,Females,2,25,44360
2006,Females,2,26,44287
2006,Females,2,27,41914
2006,Females,2,28,38848
2006,Females,2,29,37906
2006,Females,2,30,38074
2006,Females,2,31,38027
2006,Females,2,32,37361
2006,Females,2,33,38458
2006,Females,2,34,39603
2006,Females,2,35,40219
2006,Females,2,36,39334
2006,Females,2,37,39535
2006,Females,2,38,38954
2006,Females,2,39,38983
2006,Females,2,40,38873
2006,Females,2,41,38296
2006,Females,2,42,37369
2006,Females,2,43,36661
2006,Females,2,44,35358
2006,Females,2,45,33947
2006,Females,2,46,32529
2006,Females,2,47,31332
2006,Females,2,48,30294
2006,Females,2,49,29199
2006,Females,2,50,27958
2006,Females,2,51,26814
2006,Females,2,52,26514
2006,Females,2,53,25588
2006,Females,2,54,25061
2006,Females,2,55,24871
2006,Females,2,56,25622
2006,Females,2,57,25763
2006,Females,2,58,26409
2006,Females,2,59,28092
2006,Females,2,60,22727
2006,Females,2,61,22020
2006,Females,2,62,21770
2006,Females,2,63,21313
2006,Females,2,64,19915
2006,Females,2,65,18746
2006,Females,2,66,19922
2006,Females,2,67,19788
2006,Females,2,68,19567
2006,Females,2,69,19056
2006,Females,2,70,18589
2006,Females,2,71,18236
2006,Females,2,72,17418
2006,Females,2,73,17431
2006,Females,2,74,17816
2006,Females,2,75,17890
2006,Females,2,76,17222
2006,Females,2,77,16392
2006,Females,2,78,15657
2006,Females,2,79,15600
2006,Females,2,80,15093
2006,Females,2,81,14318
2006,Females,2,82,13545
2006,Females,2,83,12820
2006,Females,2,84,12589
2006,Females,2,85,12200
2006,Females,2,86,10893
2006,Females,2,87,7815
2006,Females,2,88,5649
2006,Females,2,89,5354
2006,Females,2,90,23575
2006,Females,3,0,34108
2006,Females,3,1,32084
2006,Females,3,2,30695
2006,Females,3,3,29339
2006,Females,3,4,28063
2006,Females,3,5,28109
2006,Females,3,6,28607
2006,Females,3,7,29583
2006,Females,3,8,29988
2006,Females,3,9,30714
2006,Females,3,10,30472
2006,Females,3,11,30004
2006,Females,3,12,30733
2006,Females,3,13,31300
2006,Females,3,14,33203
2006,Females,3,15,33312
2006,Females,3,16,32319
2006,Females,3,17,32108
2006,Females,3,18,34071
2006,Females,3,19,37580
2006,Females,3,20,40454
2006,Females,3,21,41168
2006,Females,3,22,40472
2006,Females,3,23,41819
2006,Females,3,24,43041
2006,Females,3,25,43714
2006,Females,3,26,43597
2006,Females,3,27,42014
2006,Females,3,28,38631
2006,Females,3,29,37891
2006,Females,3,30,38341
2006,Females,3,31,37900
2006,Females,3,32,37580
2006,Females,3,33,38493
2006,Females,3,34,39633
2006,Females,3,35,40015
2006,Females,3,36,38758
2006,Females,3,37,39566
2006,Females,3,38,39029
2006,Females,3,39,38732
2006,Females,3,40,38551
2006,Females,3,41,38347
2006,Females,3,42,37583
2006,Females,3,43,36772
2006,Females,3,44,35724
2006,Females,3,45,34137
2006,Females,3,46,32660
2006,Females,3,47,31667
2006,Females,3,48,31127
2006,Females,3,49,29819
2006,Females,3,50,28729
2006,Females,3,51,27945
2006,Females,3,52,27776
2006,Females,3,53,27133
2006,Females,3,54,26783
2006,Females,3,55,26661
2006,Females,3,56,27039
2006,Females,3,57,27646
2006,Females,3,58,28823
2006,Females,3,59,30385
2006,Females,3,60,24294
2006,Females,3,61,23572
2006,Females,3,62,23364
2006,Females,3,63,22467
2006,Females,3,64,20815
2006,Females,3,65,19518
2006,Females,3,66,20861
2006,Females,3,67,20776
2006,Females,3,68,20622
2006,Females,3,69,20087
2006,Females,3,70,19439
2006,Females,3,71,19074
2006,Females,3,72,18280
2006,Females,3,73,18317
2006,Females,3,74,18326
2006,Females,3,75,18575
2006,Females,3,76,17953
2006,Females,3,77,17452
2006,Females,3,78,16267
2006,Females,3,79,15983
2006,Females,3,80,15628
2006,Females,3,81,14849
2006,Females,3,82,14197
2006,Females,3,83,13346
2006,Females,3,84,13303
2006,Females,3,85,12708
2006,Females,3,86,11626
2006,Females,3,87,8161
2006,Females,3,88,6003
2006,Females,3,89,5668
2006,Females,3,90,25478
2006,Females,4,0,31034
2006,Females,4,1,29504
2006,Females,4,2,28575
2006,Females,4,3,26821
2006,Females,4,4,26124
2006,Females,4,5,26213
2006,Females,4,6,26759
2006,Females,4,7,27766
2006,Females,4,8,28211
2006,Females,4,9,28828
2006,Females,4,10,28895
2006,Females,4,11,28929
2006,Females,4,12,29394
2006,Females,4,13,29814
2006,Females,4,14,31546
2006,Females,4,15,32058
2006,Females,4,16,31262
2006,Females,4,17,31177
2006,Females,4,18,32532
2006,Females,4,19,35176
2006,Females,4,20,40011
2006,Females,4,21,40265
2006,Females,4,22,38891
2006,Females,4,23,39205
2006,Females,4,24,40062
2006,Females,4,25,40099
2006,Females,4,26,40505
2006,Females,4,27,39237
2006,Females,4,28,36298
2006,Females,4,29,35956
2006,Females,4,30,36491
2006,Females,4,31,36743
2006,Females,4,32,36686
2006,Females,4,33,38105
2006,Females,4,34,39412
2006,Females,4,35,39227
2006,Females,4,36,38057
2006,Females,4,37,39297
2006,Females,4,38,38716
2006,Females,4,39,38986
2006,Females,4,40,38811
2006,Females,4,41,38859
2006,Females,4,42,38089
2006,Females,4,43,37319
2006,Females,4,44,36335
2006,Females,4,45,35123
2006,Females,4,46,33913
2006,Females,4,47,33142
2006,Females,4,48,32180
2006,Females,4,49,31442
2006,Females,4,50,30426
2006,Females,4,51,29191
2006,Females,4,52,29666
2006,Females,4,53,28958
2006,Females,4,54,28427
2006,Females,4,55,28666
2006,Females,4,56,29715
2006,Females,4,57,30210
2006,Females,4,58,32062
2006,Females,4,59,33871
2006,Females,4,60,27402
2006,Females,4,61,26529
2006,Females,4,62,26185
2006,Females,4,63,24722
2006,Females,4,64,23097
2006,Females,4,65,21775
2006,Females,4,66,22394
2006,Females,4,67,22370
2006,Females,4,68,22027
2006,Females,4,69,21277
2006,Females,4,70,20851
2006,Females,4,71,20196
2006,Females,4,72,19458
2006,Females,4,73,19334
2006,Females,4,74,19299
2006,Females,4,75,19690
2006,Females,4,76,18972
2006,Females,4,77,18105
2006,Females,4,78,17271
2006,Females,4,79,16888
2006,Females,4,80,16249
2006,Females,4,81,15653
2006,Females,4,82,14849
2006,Females,4,83,14167
2006,Females,4,84,13868
2006,Females,4,85,13512
2006,Females,4,86,11966
2006,Females,4,87,8532
2006,Females,4,88,6253
2006,Females,4,89,6107
2006,Females,4,90,26933
2006,Females,5,0,28258
2006,Females,5,1,27248
2006,Females,5,2,26795
2006,Females,5,3,25453
2006,Females,5,4,25106
2006,Females,5,5,25133
2006,Females,5,6,26083
2006,Females,5,7,27241
2006,Females,5,8,27477
2006,Females,5,9,28590
2006,Females,5,10,28348
2006,Females,5,11,28403
2006,Females,5,12,29014
2006,Females,5,13,29520
2006,Females,5,14,30715
2006,Females,5,15,31347
2006,Females,5,16,30839
2006,Females,5,17,30657
2006,Females,5,18,30643
2006,Females,5,19,31185
2006,Females,5,20,33305
2006,Females,5,21,34098
2006,Females,5,22,33476
2006,Females,5,23,34361
2006,Females,5,24,35217
2006,Females,5,25,36143
2006,Females,5,26,36463
2006,Females,5,27,35142
2006,Females,5,28,33467
2006,Females,5,29,33097
2006,Females,5,30,33596
2006,Females,5,31,34444
2006,Females,5,32,35336
2006,Females,5,33,36046
2006,Females,5,34,38093
2006,Females,5,35,38883
2006,Females,5,36,37815
2006,Females,5,37,39057
2006,Females,5,38,38892
2006,Females,5,39,39371
2006,Females,5,40,39370
2006,Females,5,41,39575
2006,Females,5,42,39011
2006,Females,5,43,38419
2006,Females,5,44,37575
2006,Females,5,45,36206
2006,Females,5,46,35235
2006,Females,5,47,34562
2006,Females,5,48,33712
2006,Females,5,49,32710
2006,Females,5,50,31840
2006,Females,5,51,30798
2006,Females,5,52,31342
2006,Females,5,53,31140
2006,Females,5,54,30663
2006,Females,5,55,31014
2006,Females,5,56,31734
2006,Females,5,57,32217
2006,Females,5,58,34992
2006,Females,5,59,37560
2006,Females,5,60,29966
2006,Females,5,61,29499
2006,Females,5,62,28818
2006,Females,5,63,27784
2006,Females,5,64,25039
2006,Females,5,65,22941
2006,Females,5,66,24161
2006,Females,5,67,24009
2006,Females,5,68,23942
2006,Females,5,69,23053
2006,Females,5,70,22662
2006,Females,5,71,21680
2006,Females,5,72,20949
2006,Females,5,73,20716
2006,Females,5,74,20848
2006,Females,5,75,20672
2006,Females,5,76,20083
2006,Females,5,77,18969
2006,Females,5,78,18101
2006,Females,5,79,17628
2006,Females,5,80,17120
2006,Females,5,81,16366
2006,Females,5,82,15424
2006,Females,5,83,15120
2006,Females,5,84,14449
2006,Females,5,85,14340
2006,Females,5,86,12680
2006,Females,5,87,9159
2006,Females,5,88,6732
2006,Females,5,89,6542
2006,Females,5,90,29233
2006,Females,6,0,27821
2006,Females,6,1,26683
2006,Females,6,2,26225
2006,Females,6,3,25450
2006,Females,6,4,24748
2006,Females,6,5,25431
2006,Females,6,6,26172
2006,Females,6,7,27210
2006,Females,6,8,27594
2006,Females,6,9,28572
2006,Females,6,10,28244
2006,Females,6,11,28484
2006,Females,6,12,29347
2006,Females,6,13,29295
2006,Females,6,14,30128
2006,Females,6,15,30910
2006,Females,6,16,30127
2006,Females,6,17,30484
2006,Females,6,18,30323
2006,Females,6,19,28579
2006,Females,6,20,29276
2006,Females,6,21,29923
2006,Females,6,22,30102
2006,Females,6,23,31401
2006,Females,6,24,32161
2006,Females,6,25,33884
2006,Females,6,26,34403
2006,Females,6,27,33654
2006,Females,6,28,32134
2006,Females,6,29,32177
2006,Females,6,30,32107
2006,Females,6,31,33510
2006,Females,6,32,34106
2006,Females,6,33,36200
2006,Females,6,34,37559
2006,Females,6,35,38777
2006,Females,6,36,38082
2006,Females,6,37,39189
2006,Females,6,38,39372
2006,Females,6,39,40225
2006,Females,6,40,40551
2006,Females,6,41,40148
2006,Females,6,42,40404
2006,Females,6,43,39447
2006,Females,6,44,38604
2006,Females,6,45,37339
2006,Females,6,46,35995
2006,Females,6,47,35571
2006,Females,6,48,34882
2006,Females,6,49,33897
2006,Females,6,50,33075
2006,Females,6,51,32161
2006,Females,6,52,32311
2006,Females,6,53,32371
2006,Females,6,54,31845
2006,Females,6,55,32388
2006,Females,6,56,33398
2006,Females,6,57,34497
2006,Females,6,58,37317
2006,Females,6,59,40008
2006,Females,6,60,32096
2006,Females,6,61,31608
2006,Females,6,62,30872
2006,Females,6,63,29407
2006,Females,6,64,26349
2006,Females,6,65,24021
2006,Females,6,66,24976
2006,Females,6,67,25137
2006,Females,6,68,24381
2006,Females,6,69,23700
2006,Females,6,70,23314
2006,Females,6,71,22749
2006,Females,6,72,21524
2006,Females,6,73,21316
2006,Females,6,74,21395
2006,Females,6,75,21101
2006,Females,6,76,20327
2006,Females,6,77,19628
2006,Females,6,78,18609
2006,Females,6,79,17897
2006,Females,6,80,17181
2006,Females,6,81,16586
2006,Females,6,82,15640
2006,Females,6,83,15179
2006,Females,6,84,14542
2006,Females,6,85,14514
2006,Females,6,86,12609
2006,Females,6,87,9105
2006,Females,6,88,6797
2006,Females,6,89,6865
2006,Females,6,90,29754
2006,Females,7,0,26322
2006,Females,7,1,25899
2006,Females,7,2,25705
2006,Females,7,3,25107
2006,Females,7,4,24656
2006,Females,7,5,25338
2006,Females,7,6,26245
2006,Females,7,7,26958
2006,Females,7,8,27465
2006,Females,7,9,28379
2006,Females,7,10,28144
2006,Females,7,11,28593
2006,Females,7,12,29323
2006,Females,7,13,29199
2006,Females,7,14,30246
2006,Females,7,15,31280
2006,Females,7,16,30704
2006,Females,7,17,30470
2006,Females,7,18,30872
2006,Females,7,19,29459
2006,Females,7,20,29265
2006,Females,7,21,29317
2006,Females,7,22,28902
2006,Females,7,23,29100
2006,Females,7,24,29618
2006,Females,7,25,30291
2006,Females,7,26,30756
2006,Females,7,27,30208
2006,Females,7,28,28962
2006,Females,7,29,29227
2006,Females,7,30,30529
2006,Females,7,31,31699
2006,Females,7,32,33216
2006,Females,7,33,34926
2006,Females,7,34,36874
2006,Females,7,35,38270
2006,Females,7,36,37699
2006,Females,7,37,38874
2006,Females,7,38,39482
2006,Females,7,39,40562
2006,Females,7,40,40698
2006,Females,7,41,41293
2006,Females,7,42,41365
2006,Females,7,43,40006
2006,Females,7,44,39306
2006,Females,7,45,38295
2006,Females,7,46,37170
2006,Females,7,47,36390
2006,Females,7,48,35992
2006,Females,7,49,34801
2006,Females,7,50,33811
2006,Females,7,51,32938
2006,Females,7,52,33602
2006,Females,7,53,33561
2006,Females,7,54,33104
2006,Females,7,55,33508
2006,Females,7,56,34460
2006,Females,7,57,36012
2006,Females,7,58,38719
2006,Females,7,59,41510
2006,Females,7,60,33290
2006,Females,7,61,32301
2006,Females,7,62,32366
2006,Females,7,63,30295
2006,Females,7,64,27197
2006,Females,7,65,24529
2006,Females,7,66,25895
2006,Females,7,67,25760
2006,Females,7,68,25236
2006,Females,7,69,24596
2006,Females,7,70,23391
2006,Females,7,71,22986
2006,Females,7,72,21788
2006,Females,7,73,21688
2006,Females,7,74,21365
2006,Females,7,75,21283
2006,Females,7,76,20716
2006,Females,7,77,19460
2006,Females,7,78,18499
2006,Females,7,79,17612
2006,Females,7,80,17157
2006,Females,7,81,16288
2006,Females,7,82,15804
2006,Females,7,83,14944
2006,Females,7,84,14670
2006,Females,7,85,14424
2006,Females,7,86,12704
2006,Females,7,87,9322
2006,Females,7,88,6945
2006,Females,7,89,6749
2006,Females,7,90,29528
2006,Females,8,0,25915
2006,Females,8,1,25699
2006,Females,8,2,26131
2006,Females,8,3,25130
2006,Females,8,4,24923
2006,Females,8,5,25774
2006,Females,8,6,26428
2006,Females,8,7,27408
2006,Females,8,8,28311
2006,Females,8,9,28550
2006,Females,8,10,28420
2006,Females,8,11,28566
2006,Females,8,12,29695
2006,Females,8,13,29632
2006,Females,8,14,30196
2006,Females,8,15,31445
2006,Females,8,16,30917
2006,Females,8,17,30690
2006,Females,8,18,30786
2006,Females,8,19,28180
2006,Females,8,20,27039
2006,Females,8,21,27582
2006,Females,8,22,27371
2006,Females,8,23,27329
2006,Females,8,24,27712
2006,Females,8,25,28759
2006,Females,8,26,29068
2006,Females,8,27,28904
2006,Females,8,28,27995
2006,Females,8,29,28141
2006,Females,8,30,29562
2006,Females,8,31,31284
2006,Females,8,32,32546
2006,Females,8,33,34636
2006,Females,8,34,36819
2006,Females,8,35,38495
2006,Females,8,36,37745
2006,Females,8,37,39167
2006,Females,8,38,40070
2006,Females,8,39,40783
2006,Females,8,40,41503
2006,Females,8,41,41927
2006,Females,8,42,41485
2006,Females,8,43,40784
2006,Females,8,44,39954
2006,Females,8,45,38607
2006,Females,8,46,36967
2006,Females,8,47,36439
2006,Females,8,48,36286
2006,Females,8,49,34791
2006,Females,8,50,33741
2006,Females,8,51,33137
2006,Females,8,52,33516
2006,Females,8,53,33423
2006,Females,8,54,33015
2006,Females,8,55,33734
2006,Females,8,56,35168
2006,Females,8,57,36352
2006,Females,8,58,39359
2006,Females,8,59,42791
2006,Females,8,60,33503
2006,Females,8,61,32914
2006,Females,8,62,32184
2006,Females,8,63,30470
2006,Females,8,64,27195
2006,Females,8,65,24545
2006,Females,8,66,25526
2006,Females,8,67,25684
2006,Females,8,68,25287
2006,Females,8,69,24469
2006,Females,8,70,23534
2006,Females,8,71,22506
2006,Females,8,72,21761
2006,Females,8,73,21322
2006,Females,8,74,21127
2006,Females,8,75,20692
2006,Females,8,76,20767
2006,Females,8,77,19518
2006,Females,8,78,18389
2006,Females,8,79,17566
2006,Females,8,80,16890
2006,Females,8,81,16100
2006,Females,8,82,15153
2006,Females,8,83,14534
2006,Females,8,84,13910
2006,Females,8,85,13829
2006,Females,8,86,11898
2006,Females,8,87,8907
2006,Females,8,88,6409
2006,Females,8,89,6508
2006,Females,8,90,28645
2006,Females,9,0,25698
2006,Females,9,1,25879
2006,Females,9,2,26417
2006,Females,9,3,26151
2006,Females,9,4,25745
2006,Females,9,5,26740
2006,Females,9,6,27575
2006,Females,9,7,28648
2006,Females,9,8,29014
2006,Females,9,9,29213
2006,Females,9,10,29593
2006,Females,9,11,30389
2006,Females,9,12,31042
2006,Females,9,13,30776
2006,Females,9,14,31970
2006,Females,9,15,32471
2006,Females,9,16,31511
2006,Females,9,17,31611
2006,Females,9,18,31484
2006,Females,9,19,28424
2006,Females,9,20,24753
2006,Females,9,21,24597
2006,Females,9,22,24889
2006,Females,9,23,25497
2006,Females,9,24,25541
2006,Females,9,25,25771
2006,Females,9,26,26653
2006,Females,9,27,26275
2006,Females,9,28,25283
2006,Females,9,29,26142
2006,Females,9,30,27921
2006,Females,9,31,29927
2006,Females,9,32,31592
2006,Females,9,33,34278
2006,Females,9,34,36632
2006,Females,9,35,38667
2006,Females,9,36,38471
2006,Females,9,37,39861
2006,Females,9,38,40634
2006,Females,9,39,41706
2006,Females,9,40,42580
2006,Females,9,41,42911
2006,Females,9,42,42640
2006,Females,9,43,42308
2006,Females,9,44,40901
2006,Females,9,45,40426
2006,Females,9,46,38339
2006,Females,9,47,37891
2006,Females,9,48,37374
2006,Females,9,49,36023
2006,Females,9,50,34565
2006,Females,9,51,34076
2006,Females,9,52,34395
2006,Females,9,53,33959
2006,Females,9,54,34067
2006,Females,9,55,34328
2006,Females,9,56,35612
2006,Females,9,57,37204
2006,Females,9,58,40174
2006,Females,9,59,43359
2006,Females,9,60,33894
2006,Females,9,61,33438
2006,Females,9,62,33350
2006,Females,9,63,30737
2006,Females,9,64,27011
2006,Females,9,65,24528
2006,Females,9,66,25785
2006,Females,9,67,25948
2006,Females,9,68,25465
2006,Females,9,69,24659
2006,Females,9,70,23601
2006,Females,9,71,22824
2006,Females,9,72,21967
2006,Females,9,73,21222
2006,Females,9,74,21332
2006,Females,9,75,21280
2006,Females,9,76,20414
2006,Females,9,77,19418
2006,Females,9,78,18324
2006,Females,9,79,17727
2006,Females,9,80,16819
2006,Females,9,81,15669
2006,Females,9,82,15402
2006,Females,9,83,14662
2006,Females,9,84,13891
2006,Females,9,85,13481
2006,Females,9,86,11801
2006,Females,9,87,8439
2006,Females,9,88,6359
2006,Females,9,89,6214
2006,Females,9,90,27661
2006,Females,10,0,24975
2006,Females,10,1,25971
2006,Females,10,2,26944
2006,Females,10,3,27082
2006,Females,10,4,27277
2006,Females,10,5,28532
2006,Females,10,6,29254
2006,Females,10,7,30433
2006,Females,10,8,31234
2006,Females,10,9,31615
2006,Females,10,10,31542
2006,Females,10,11,32062
2006,Females,10,12,33083
2006,Females,10,13,32507
2006,Females,10,14,32827
2006,Females,10,15,33626
2006,Females,10,16,32706
2006,Females,10,17,32319
2006,Females,10,18,31955
2006,Females,10,19,25950
2006,Females,10,20,21305
2006,Females,10,21,21639
2006,Females,10,22,22223
2006,Females,10,23,22316
2006,Females,10,24,22097
2006,Females,10,25,22186
2006,Females,10,26,22153
2006,Females,10,27,21905
2006,Females,10,28,21333
2006,Females,10,29,22228
2006,Females,10,30,24339
2006,Females,10,31,26892
2006,Females,10,32,28825
2006,Females,10,33,31962
2006,Females,10,34,34403
2006,Females,10,35,37308
2006,Females,10,36,37138
2006,Females,10,37,39207
2006,Females,10,38,40494
2006,Females,10,39,42278
2006,Females,10,40,43511
2006,Females,10,41,44602
2006,Females,10,42,45159
2006,Females,10,43,44087
2006,Females,10,44,43334
2006,Females,10,45,42207
2006,Females,10,46,40177
2006,Females,10,47,39412
2006,Females,10,48,38881
2006,Females,10,49,37363
2006,Females,10,50,36079
2006,Females,10,51,35309
2006,Females,10,52,35156
2006,Females,10,53,35250
2006,Females,10,54,34759
2006,Females,10,55,34984
2006,Females,10,56,36351
2006,Females,10,57,37806
2006,Females,10,58,40585
2006,Females,10,59,44104
2006,Females,10,60,34445
2006,Females,10,61,33556
2006,Females,10,62,33234
2006,Females,10,63,30730
2006,Females,10,64,26585
2006,Females,10,65,24474
2006,Females,10,66,25728
2006,Females,10,67,25925
2006,Females,10,68,25440
2006,Females,10,69,24651
2006,Females,10,70,24214
2006,Females,10,71,23329
2006,Females,10,72,21876
2006,Females,10,73,21222
2006,Females,10,74,21182
2006,Females,10,75,21073
2006,Females,10,76,20324
2006,Females,10,77,19120
2006,Females,10,78,18059
2006,Females,10,79,17217
2006,Females,10,80,16309
2006,Females,10,81,15360
2006,Females,10,82,14650
2006,Females,10,83,13957
2006,Females,10,84,13247
2006,Females,10,85,12600
2006,Females,10,86,10733
2006,Females,10,87,7758
2006,Females,10,88,5758
2006,Females,10,89,5785
2006,Females,10,90,25630
2007,Females,1,0,43421
2007,Females,1,1,42138
2007,Females,1,2,40376
2007,Females,1,3,38346
2007,Females,1,4,36467
2007,Females,1,5,35265
2007,Females,1,6,35091
2007,Females,1,7,34744
2007,Females,1,8,35369
2007,Females,1,9,35532
2007,Females,1,10,37169
2007,Females,1,11,36173
2007,Females,1,12,35296
2007,Females,1,13,35818
2007,Females,1,14,36047
2007,Females,1,15,35928
2007,Females,1,16,35445
2007,Females,1,17,34762
2007,Females,1,18,36826
2007,Females,1,19,41287
2007,Females,1,20,43907
2007,Females,1,21,44603
2007,Females,1,22,45442
2007,Females,1,23,44816
2007,Females,1,24,44485
2007,Females,1,25,45541
2007,Females,1,26,44842
2007,Females,1,27,43690
2007,Females,1,28,39772
2007,Females,1,29,36487
2007,Females,1,30,35065
2007,Females,1,31,35561
2007,Females,1,32,35083
2007,Females,1,33,35016
2007,Females,1,34,36282
2007,Females,1,35,37357
2007,Females,1,36,38196
2007,Females,1,37,37146
2007,Females,1,38,37602
2007,Females,1,39,36916
2007,Females,1,40,37077
2007,Females,1,41,36124
2007,Females,1,42,36595
2007,Females,1,43,35358
2007,Females,1,44,34812
2007,Females,1,45,34188
2007,Females,1,46,32498
2007,Females,1,47,31205
2007,Females,1,48,30149
2007,Females,1,49,29602
2007,Females,1,50,28925
2007,Females,1,51,27466
2007,Females,1,52,26010
2007,Females,1,53,25910
2007,Females,1,54,25183
2007,Females,1,55,24633
2007,Females,1,56,24154
2007,Females,1,57,24538
2007,Females,1,58,24718
2007,Females,1,59,25480
2007,Females,1,60,26683
2007,Females,1,61,21320
2007,Females,1,62,20687
2007,Females,1,63,20320
2007,Females,1,64,20272
2007,Females,1,65,18948
2007,Females,1,66,18374
2007,Females,1,67,19312
2007,Females,1,68,19433
2007,Females,1,69,19327
2007,Females,1,70,18771
2007,Females,1,71,18225
2007,Females,1,72,17519
2007,Females,1,73,16874
2007,Females,1,74,16510
2007,Females,1,75,16791
2007,Females,1,76,16407
2007,Females,1,77,16150
2007,Females,1,78,14957
2007,Females,1,79,14434
2007,Females,1,80,13949
2007,Females,1,81,13454
2007,Females,1,82,12767
2007,Females,1,83,12018
2007,Females,1,84,10976
2007,Females,1,85,10560
2007,Females,1,86,9936
2007,Females,1,87,8831
2007,Females,1,88,6338
2007,Females,1,89,4422
2007,Females,1,90,21372
2007,Females,2,0,38971
2007,Females,2,1,37338
2007,Females,2,2,35559
2007,Females,2,3,33994
2007,Females,2,4,32447
2007,Females,2,5,31891
2007,Females,2,6,31411
2007,Females,2,7,31987
2007,Females,2,8,32317
2007,Females,2,9,32897
2007,Females,2,10,33810
2007,Females,2,11,33201
2007,Females,2,12,32556
2007,Females,2,13,33316
2007,Females,2,14,33749
2007,Females,2,15,35117
2007,Females,2,16,35067
2007,Females,2,17,34315
2007,Females,2,18,34940
2007,Females,2,19,39058
2007,Females,2,20,40961
2007,Females,2,21,42107
2007,Females,2,22,43244
2007,Females,2,23,43113
2007,Females,2,24,44245
2007,Females,2,25,45141
2007,Females,2,26,45289
2007,Females,2,27,44954
2007,Females,2,28,42214
2007,Females,2,29,39132
2007,Females,2,30,37228
2007,Females,2,31,37774
2007,Females,2,32,37598
2007,Females,2,33,36977
2007,Females,2,34,38115
2007,Females,2,35,39179
2007,Females,2,36,39594
2007,Females,2,37,38760
2007,Females,2,38,39196
2007,Females,2,39,38494
2007,Females,2,40,38804
2007,Females,2,41,38687
2007,Females,2,42,38098
2007,Females,2,43,37153
2007,Females,2,44,36360
2007,Females,2,45,34974
2007,Females,2,46,33678
2007,Females,2,47,32343
2007,Females,2,48,31100
2007,Females,2,49,30080
2007,Females,2,50,28969
2007,Females,2,51,27659
2007,Females,2,52,26526
2007,Females,2,53,26218
2007,Females,2,54,25311
2007,Females,2,55,24983
2007,Females,2,56,24672
2007,Females,2,57,25235
2007,Females,2,58,25397
2007,Females,2,59,26076
2007,Females,2,60,27784
2007,Females,2,61,22386
2007,Females,2,62,21538
2007,Females,2,63,21355
2007,Females,2,64,20925
2007,Females,2,65,19467
2007,Females,2,66,18319
2007,Females,2,67,19524
2007,Females,2,68,19398
2007,Females,2,69,19140
2007,Females,2,70,18556
2007,Females,2,71,18038
2007,Females,2,72,17768
2007,Females,2,73,16835
2007,Females,2,74,16845
2007,Females,2,75,17174
2007,Females,2,76,17204
2007,Females,2,77,16493
2007,Females,2,78,15631
2007,Females,2,79,14837
2007,Females,2,80,14762
2007,Females,2,81,14094
2007,Females,2,82,13279
2007,Females,2,83,12450
2007,Females,2,84,11770
2007,Females,2,85,11540
2007,Females,2,86,10881
2007,Females,2,87,9573
2007,Females,2,88,6970
2007,Females,2,89,4913
2007,Females,2,90,23107
2007,Females,3,0,35237
2007,Females,3,1,33637
2007,Females,3,2,31736
2007,Females,3,3,30406
2007,Females,3,4,29069
2007,Females,3,5,28065
2007,Females,3,6,28115
2007,Females,3,7,28537
2007,Females,3,8,29596
2007,Females,3,9,29946
2007,Females,3,10,30903
2007,Females,3,11,30572
2007,Females,3,12,30076
2007,Females,3,13,30662
2007,Females,3,14,31576
2007,Females,3,15,33683
2007,Females,3,16,33895
2007,Females,3,17,32644
2007,Females,3,18,33414
2007,Females,3,19,38292
2007,Females,3,20,40528
2007,Females,3,21,41323
2007,Females,3,22,42671
2007,Females,3,23,42446
2007,Females,3,24,44181
2007,Females,3,25,44688
2007,Females,3,26,44924
2007,Females,3,27,44699
2007,Females,3,28,42668
2007,Females,3,29,38813
2007,Females,3,30,37376
2007,Females,3,31,37833
2007,Females,3,32,37375
2007,Females,3,33,37153
2007,Females,3,34,38045
2007,Females,3,35,39019
2007,Females,3,36,39499
2007,Females,3,37,38462
2007,Females,3,38,39186
2007,Females,3,39,38721
2007,Females,3,40,38417
2007,Females,3,41,38504
2007,Females,3,42,38141
2007,Females,3,43,37460
2007,Females,3,44,36717
2007,Females,3,45,35451
2007,Females,3,46,33926
2007,Females,3,47,32571
2007,Females,3,48,31494
2007,Females,3,49,30986
2007,Females,3,50,29730
2007,Females,3,51,28662
2007,Females,3,52,27787
2007,Females,3,53,27623
2007,Females,3,54,26896
2007,Females,3,55,26721
2007,Females,3,56,26563
2007,Females,3,57,26881
2007,Females,3,58,27463
2007,Females,3,59,28620
2007,Females,3,60,29929
2007,Females,3,61,24053
2007,Females,3,62,23300
2007,Females,3,63,23018
2007,Females,3,64,22178
2007,Females,3,65,20375
2007,Females,3,66,19160
2007,Females,3,67,20410
2007,Females,3,68,20305
2007,Females,3,69,20183
2007,Females,3,70,19623
2007,Females,3,71,18992
2007,Females,3,72,18682
2007,Females,3,73,17723
2007,Females,3,74,17758
2007,Females,3,75,17800
2007,Females,3,76,17894
2007,Females,3,77,17328
2007,Females,3,78,16713
2007,Females,3,79,15534
2007,Females,3,80,15096
2007,Females,3,81,14781
2007,Females,3,82,13930
2007,Females,3,83,13259
2007,Females,3,84,12336
2007,Females,3,85,12166
2007,Females,3,86,11496
2007,Females,3,87,10197
2007,Females,3,88,7325
2007,Females,3,89,5127
2007,Females,3,90,25251
2007,Females,4,0,32177
2007,Females,4,1,30742
2007,Females,4,2,28972
2007,Females,4,3,28319
2007,Females,4,4,26686
2007,Females,4,5,26114
2007,Females,4,6,26136
2007,Females,4,7,26850
2007,Females,4,8,27943
2007,Females,4,9,28254
2007,Females,4,10,29120
2007,Females,4,11,29013
2007,Females,4,12,29117
2007,Females,4,13,29647
2007,Females,4,14,29963
2007,Females,4,15,32037
2007,Females,4,16,32596
2007,Females,4,17,31616
2007,Females,4,18,32284
2007,Females,4,19,36726
2007,Females,4,20,39203
2007,Females,4,21,40889
2007,Females,4,22,40626
2007,Females,4,23,39994
2007,Females,4,24,40870
2007,Females,4,25,40548
2007,Females,4,26,41170
2007,Females,4,27,41633
2007,Females,4,28,40135
2007,Females,4,29,36876
2007,Females,4,30,35464
2007,Females,4,31,36269
2007,Females,4,32,36285
2007,Females,4,33,36317
2007,Females,4,34,37433
2007,Females,4,35,38925
2007,Females,4,36,39159
2007,Females,4,37,37767
2007,Females,4,38,38906
2007,Females,4,39,38609
2007,Females,4,40,38794
2007,Females,4,41,38778
2007,Females,4,42,38749
2007,Females,4,43,38133
2007,Females,4,44,37268
2007,Females,4,45,36216
2007,Females,4,46,35042
2007,Females,4,47,33984
2007,Females,4,48,33155
2007,Females,4,49,32121
2007,Females,4,50,31310
2007,Females,4,51,30269
2007,Females,4,52,29199
2007,Females,4,53,29555
2007,Females,4,54,28860
2007,Females,4,55,28339
2007,Females,4,56,28645
2007,Females,4,57,29661
2007,Females,4,58,30159
2007,Females,4,59,32021
2007,Females,4,60,33815
2007,Females,4,61,27129
2007,Females,4,62,26171
2007,Females,4,63,25874
2007,Females,4,64,24503
2007,Females,4,65,22898
2007,Females,4,66,21450
2007,Females,4,67,22026
2007,Females,4,68,22144
2007,Females,4,69,21638
2007,Females,4,70,20764
2007,Females,4,71,20360
2007,Females,4,72,19770
2007,Females,4,73,18959
2007,Females,4,74,18846
2007,Females,4,75,18835
2007,Females,4,76,19114
2007,Females,4,77,18330
2007,Females,4,78,17435
2007,Females,4,79,16588
2007,Females,4,80,16030
2007,Females,4,81,15304
2007,Females,4,82,14698
2007,Females,4,83,13968
2007,Females,4,84,13069
2007,Females,4,85,12731
2007,Females,4,86,12417
2007,Females,4,87,10661
2007,Females,4,88,7769
2007,Females,4,89,5407
2007,Females,4,90,26839
2007,Females,5,0,29023
2007,Females,5,1,28133
2007,Females,5,2,26954
2007,Females,5,3,26632
2007,Females,5,4,25464
2007,Females,5,5,25094
2007,Females,5,6,25442
2007,Females,5,7,26291
2007,Females,5,8,27419
2007,Females,5,9,27709
2007,Females,5,10,28813
2007,Females,5,11,28505
2007,Females,5,12,28659
2007,Females,5,13,29194
2007,Females,5,14,29710
2007,Females,5,15,31148
2007,Females,5,16,31671
2007,Females,5,17,31113
2007,Females,5,18,30780
2007,Females,5,19,32001
2007,Females,5,20,33221
2007,Females,5,21,34624
2007,Females,5,22,35302
2007,Females,5,23,34893
2007,Females,5,24,35830
2007,Females,5,25,35813
2007,Females,5,26,37372
2007,Females,5,27,37512
2007,Females,5,28,35768
2007,Females,5,29,33808
2007,Females,5,30,32862
2007,Females,5,31,33550
2007,Females,5,32,34370
2007,Females,5,33,34921
2007,Females,5,34,35797
2007,Females,5,35,37765
2007,Females,5,36,38772
2007,Females,5,37,37684
2007,Females,5,38,38880
2007,Females,5,39,38922
2007,Females,5,40,39135
2007,Females,5,41,39389
2007,Females,5,42,39671
2007,Females,5,43,39171
2007,Females,5,44,38462
2007,Females,5,45,37624
2007,Females,5,46,36378
2007,Females,5,47,35155
2007,Females,5,48,34561
2007,Females,5,49,33770
2007,Females,5,50,32527
2007,Females,5,51,31875
2007,Females,5,52,30841
2007,Females,5,53,31101
2007,Females,5,54,31094
2007,Females,5,55,30594
2007,Females,5,56,30978
2007,Females,5,57,31807
2007,Females,5,58,32247
2007,Females,5,59,34813
2007,Females,5,60,37546
2007,Females,5,61,29664
2007,Females,5,62,29286
2007,Females,5,63,28681
2007,Females,5,64,27530
2007,Females,5,65,24750
2007,Females,5,66,22633
2007,Females,5,67,23885
2007,Females,5,68,23785
2007,Females,5,69,23611
2007,Females,5,70,22674
2007,Females,5,71,22291
2007,Females,5,72,21295
2007,Females,5,73,20596
2007,Females,5,74,20269
2007,Females,5,75,20356
2007,Females,5,76,20057
2007,Females,5,77,19466
2007,Females,5,78,18415
2007,Females,5,79,17359
2007,Females,5,80,16794
2007,Females,5,81,16240
2007,Females,5,82,15442
2007,Females,5,83,14569
2007,Females,5,84,14058
2007,Females,5,85,13354
2007,Females,5,86,13067
2007,Females,5,87,11327
2007,Females,5,88,8271
2007,Females,5,89,5891
2007,Females,5,90,29018
2007,Females,6,0,28471
2007,Females,6,1,27847
2007,Females,6,2,26671
2007,Females,6,3,26274
2007,Females,6,4,25541
2007,Females,6,5,24952
2007,Females,6,6,25645
2007,Females,6,7,26467
2007,Females,6,8,27424
2007,Females,6,9,27940
2007,Females,6,10,28644
2007,Females,6,11,28592
2007,Females,6,12,28679
2007,Females,6,13,29666
2007,Females,6,14,29720
2007,Females,6,15,30524
2007,Females,6,16,31156
2007,Females,6,17,30288
2007,Females,6,18,30346
2007,Females,6,19,29595
2007,Females,6,20,29205
2007,Females,6,21,30335
2007,Females,6,22,31438
2007,Females,6,23,31515
2007,Females,6,24,32888
2007,Females,6,25,33623
2007,Females,6,26,34904
2007,Females,6,27,35283
2007,Females,6,28,34625
2007,Females,6,29,32739
2007,Females,6,30,32077
2007,Females,6,31,32170
2007,Females,6,32,33679
2007,Females,6,33,34259
2007,Females,6,34,36277
2007,Females,6,35,37825
2007,Females,6,36,39005
2007,Females,6,37,38239
2007,Females,6,38,39355
2007,Females,6,39,39318
2007,Females,6,40,40287
2007,Females,6,41,40701
2007,Females,6,42,40396
2007,Females,6,43,40570
2007,Females,6,44,39487
2007,Females,6,45,38666
2007,Females,6,46,37433
2007,Females,6,47,36095
2007,Females,6,48,35680
2007,Females,6,49,34924
2007,Females,6,50,33942
2007,Females,6,51,33185
2007,Females,6,52,32223
2007,Females,6,53,32546
2007,Females,6,54,32421
2007,Females,6,55,31848
2007,Females,6,56,32434
2007,Females,6,57,33463
2007,Females,6,58,34521
2007,Females,6,59,37293
2007,Females,6,60,39929
2007,Females,6,61,31889
2007,Females,6,62,31464
2007,Females,6,63,30827
2007,Females,6,64,29217
2007,Females,6,65,26109
2007,Females,6,66,23743
2007,Females,6,67,24703
2007,Females,6,68,24843
2007,Females,6,69,24080
2007,Females,6,70,23450
2007,Females,6,71,22975
2007,Females,6,72,22393
2007,Females,6,73,21098
2007,Females,6,74,20900
2007,Females,6,75,20863
2007,Females,6,76,20588
2007,Females,6,77,19699
2007,Females,6,78,19003
2007,Females,6,79,17925
2007,Females,6,80,17243
2007,Females,6,81,16427
2007,Females,6,82,15692
2007,Females,6,83,14770
2007,Females,6,84,14170
2007,Females,6,85,13529
2007,Females,6,86,13281
2007,Females,6,87,11427
2007,Females,6,88,8246
2007,Females,6,89,6021
2007,Females,6,90,29730
2007,Females,7,0,26807
2007,Females,7,1,26542
2007,Females,7,2,26084
2007,Females,7,3,26003
2007,Females,7,4,25389
2007,Females,7,5,24800
2007,Females,7,6,25531
2007,Females,7,7,26510
2007,Females,7,8,27312
2007,Females,7,9,27919
2007,Females,7,10,28682
2007,Females,7,11,28513
2007,Females,7,12,28866
2007,Females,7,13,29669
2007,Females,7,14,29484
2007,Females,7,15,30783
2007,Females,7,16,31615
2007,Females,7,17,30828
2007,Females,7,18,31065
2007,Females,7,19,30606
2007,Females,7,20,29429
2007,Females,7,21,29728
2007,Females,7,22,29752
2007,Females,7,23,29612
2007,Females,7,24,29888
2007,Females,7,25,29874
2007,Females,7,26,31196
2007,Females,7,27,31786
2007,Females,7,28,31003
2007,Females,7,29,29555
2007,Females,7,30,29810
2007,Females,7,31,30795
2007,Females,7,32,32013
2007,Females,7,33,33497
2007,Females,7,34,35123
2007,Females,7,35,37116
2007,Females,7,36,38584
2007,Females,7,37,38109
2007,Females,7,38,39404
2007,Females,7,39,39863
2007,Females,7,40,40895
2007,Females,7,41,41093
2007,Females,7,42,41675
2007,Females,7,43,41496
2007,Females,7,44,40324
2007,Females,7,45,39675
2007,Females,7,46,38484
2007,Females,7,47,37270
2007,Females,7,48,36442
2007,Females,7,49,36190
2007,Females,7,50,34801
2007,Females,7,51,33748
2007,Females,7,52,32720
2007,Females,7,53,33525
2007,Females,7,54,33499
2007,Females,7,55,32826
2007,Females,7,56,33522
2007,Females,7,57,34381
2007,Females,7,58,36008
2007,Females,7,59,38621
2007,Females,7,60,41567
2007,Females,7,61,32980
2007,Females,7,62,32059
2007,Females,7,63,32213
2007,Females,7,64,30098
2007,Females,7,65,27071
2007,Females,7,66,24363
2007,Females,7,67,25538
2007,Females,7,68,25446
2007,Females,7,69,24953
2007,Females,7,70,24409
2007,Females,7,71,23176
2007,Females,7,72,22611
2007,Females,7,73,21541
2007,Females,7,74,21272
2007,Females,7,75,20849
2007,Females,7,76,20761
2007,Females,7,77,20067
2007,Females,7,78,18745
2007,Females,7,79,17840
2007,Females,7,80,17017
2007,Females,7,81,16359
2007,Females,7,82,15467
2007,Females,7,83,14896
2007,Females,7,84,14015
2007,Females,7,85,13722
2007,Females,7,86,13294
2007,Females,7,87,11417
2007,Females,7,88,8561
2007,Females,7,89,6077
2007,Females,7,90,29651
2007,Females,8,0,27016
2007,Females,8,1,26515
2007,Females,8,2,26244
2007,Females,8,3,26453
2007,Females,8,4,25434
2007,Females,8,5,25159
2007,Females,8,6,26118
2007,Females,8,7,26866
2007,Females,8,8,27721
2007,Females,8,9,28528
2007,Females,8,10,28786
2007,Females,8,11,28754
2007,Females,8,12,28916
2007,Females,8,13,30188
2007,Females,8,14,29827
2007,Females,8,15,30452
2007,Females,8,16,31669
2007,Females,8,17,31173
2007,Females,8,18,30790
2007,Females,8,19,29718
2007,Females,8,20,27424
2007,Females,8,21,27400
2007,Females,8,22,28189
2007,Females,8,23,27938
2007,Females,8,24,28025
2007,Females,8,25,28354
2007,Females,8,26,29484
2007,Females,8,27,30000
2007,Females,8,28,29866
2007,Females,8,29,28712
2007,Females,8,30,28664
2007,Females,8,31,30100
2007,Females,8,32,31886
2007,Females,8,33,33079
2007,Females,8,34,35101
2007,Females,8,35,37281
2007,Females,8,36,39014
2007,Females,8,37,38272
2007,Females,8,38,39481
2007,Females,8,39,40345
2007,Females,8,40,41397
2007,Females,8,41,41803
2007,Females,8,42,42133
2007,Females,8,43,41953
2007,Females,8,44,41163
2007,Females,8,45,40052
2007,Females,8,46,38553
2007,Females,8,47,37125
2007,Females,8,48,36577
2007,Females,8,49,36153
2007,Females,8,50,34794
2007,Females,8,51,33729
2007,Females,8,52,33148
2007,Females,8,53,33504
2007,Females,8,54,33490
2007,Females,8,55,33111
2007,Females,8,56,33578
2007,Females,8,57,35159
2007,Females,8,58,36351
2007,Females,8,59,39131
2007,Females,8,60,42610
2007,Females,8,61,33225
2007,Females,8,62,32780
2007,Females,8,63,32202
2007,Females,8,64,30148
2007,Females,8,65,26988
2007,Females,8,66,24383
2007,Females,8,67,25327
2007,Females,8,68,25450
2007,Females,8,69,24925
2007,Females,8,70,24198
2007,Females,8,71,23301
2007,Females,8,72,22271
2007,Females,8,73,21408
2007,Females,8,74,20937
2007,Females,8,75,20807
2007,Females,8,76,20256
2007,Females,8,77,20291
2007,Females,8,78,18993
2007,Females,8,79,17763
2007,Females,8,80,16863
2007,Females,8,81,16199
2007,Females,8,82,15376
2007,Females,8,83,14343
2007,Females,8,84,13714
2007,Females,8,85,13093
2007,Females,8,86,12695
2007,Females,8,87,10804
2007,Females,8,88,8224
2007,Females,8,89,5768
2007,Females,8,90,28847
2007,Females,9,0,26420
2007,Females,9,1,26696
2007,Females,9,2,26521
2007,Females,9,3,26900
2007,Females,9,4,26501
2007,Females,9,5,25976
2007,Females,9,6,27168
2007,Females,9,7,27863
2007,Females,9,8,29013
2007,Females,9,9,29402
2007,Females,9,10,29677
2007,Females,9,11,30092
2007,Females,9,12,30760
2007,Females,9,13,31448
2007,Females,9,14,31123
2007,Females,9,15,32244
2007,Females,9,16,32674
2007,Females,9,17,31772
2007,Females,9,18,31644
2007,Females,9,19,29846
2007,Females,9,20,24889
2007,Females,9,21,24782
2007,Females,9,22,25749
2007,Females,9,23,25382
2007,Females,9,24,25936
2007,Females,9,25,25544
2007,Females,9,26,26172
2007,Females,9,27,26996
2007,Females,9,28,26912
2007,Females,9,29,25981
2007,Females,9,30,27116
2007,Females,9,31,28460
2007,Females,9,32,30818
2007,Females,9,33,32386
2007,Females,9,34,34882
2007,Females,9,35,37443
2007,Females,9,36,39394
2007,Females,9,37,38918
2007,Females,9,38,40352
2007,Females,9,39,41126
2007,Females,9,40,41949
2007,Females,9,41,42779
2007,Females,9,42,43130
2007,Females,9,43,42926
2007,Females,9,44,42414
2007,Females,9,45,41181
2007,Females,9,46,40474
2007,Females,9,47,38381
2007,Females,9,48,37861
2007,Females,9,49,37333
2007,Females,9,50,35772
2007,Females,9,51,34478
2007,Females,9,52,33850
2007,Females,9,53,34196
2007,Females,9,54,33876
2007,Females,9,55,33803
2007,Females,9,56,34292
2007,Females,9,57,35513
2007,Females,9,58,36979
2007,Females,9,59,39960
2007,Females,9,60,43261
2007,Females,9,61,33736
2007,Females,9,62,33179
2007,Females,9,63,33189
2007,Females,9,64,30599
2007,Females,9,65,26851
2007,Females,9,66,24384
2007,Females,9,67,25554
2007,Females,9,68,25791
2007,Females,9,69,25291
2007,Females,9,70,24528
2007,Females,9,71,23401
2007,Females,9,72,22603
2007,Females,9,73,21669
2007,Females,9,74,20862
2007,Females,9,75,20921
2007,Females,9,76,20784
2007,Females,9,77,19995
2007,Females,9,78,18867
2007,Females,9,79,17759
2007,Females,9,80,17087
2007,Females,9,81,16140
2007,Females,9,82,14904
2007,Females,9,83,14557
2007,Females,9,84,13731
2007,Females,9,85,12909
2007,Females,9,86,12318
2007,Females,9,87,10732
2007,Females,9,88,7620
2007,Females,9,89,5658
2007,Females,9,90,27806
2007,Females,10,0,25682
2007,Females,10,1,26093
2007,Females,10,2,27191
2007,Females,10,3,27846
2007,Females,10,4,27871
2007,Females,10,5,27586
2007,Females,10,6,28984
2007,Females,10,7,29777
2007,Females,10,8,30997
2007,Females,10,9,31621
2007,Females,10,10,32123
2007,Females,10,11,31916
2007,Females,10,12,32573
2007,Females,10,13,33328
2007,Females,10,14,32577
2007,Females,10,15,32792
2007,Females,10,16,33800
2007,Females,10,17,32664
2007,Females,10,18,31786
2007,Females,10,19,27228
2007,Females,10,20,21655
2007,Females,10,21,21674
2007,Females,10,22,22591
2007,Females,10,23,22362
2007,Females,10,24,22066
2007,Females,10,25,21559
2007,Females,10,26,21925
2007,Females,10,27,22217
2007,Females,10,28,22571
2007,Females,10,29,22170
2007,Females,10,30,23647
2007,Females,10,31,25539
2007,Females,10,32,27891
2007,Females,10,33,29806
2007,Females,10,34,33118
2007,Females,10,35,35875
2007,Females,10,36,38533
2007,Females,10,37,38087
2007,Females,10,38,40003
2007,Females,10,39,41242
2007,Females,10,40,43207
2007,Females,10,41,44007
2007,Females,10,42,45140
2007,Females,10,43,45342
2007,Females,10,44,44241
2007,Females,10,45,43300
2007,Females,10,46,42120
2007,Females,10,47,39982
2007,Females,10,48,39283
2007,Females,10,49,38752
2007,Females,10,50,36960
2007,Females,10,51,35726
2007,Females,10,52,34993
2007,Females,10,53,34815
2007,Females,10,54,34955
2007,Females,10,55,34496
2007,Females,10,56,34723
2007,Females,10,57,36074
2007,Females,10,58,37513
2007,Females,10,59,40171
2007,Females,10,60,43903
2007,Females,10,61,34129
2007,Females,10,62,33222
2007,Females,10,63,33031
2007,Females,10,64,30445
2007,Females,10,65,26521
2007,Females,10,66,24247
2007,Females,10,67,25522
2007,Females,10,68,25691
2007,Females,10,69,25217
2007,Females,10,70,24471
2007,Females,10,71,23926
2007,Females,10,72,22976
2007,Females,10,73,21628
2007,Females,10,74,20814
2007,Females,10,75,20748
2007,Females,10,76,20674
2007,Females,10,77,19960
2007,Females,10,78,18610
2007,Females,10,79,17568
2007,Females,10,80,16489
2007,Females,10,81,15703
2007,Females,10,82,14691
2007,Females,10,83,13874
2007,Females,10,84,13186
2007,Females,10,85,12195
2007,Females,10,86,11635
2007,Females,10,87,9735
2007,Females,10,88,7125
2007,Females,10,89,5085
2007,Females,10,90,25806
2008,Females,1,0,45002
2008,Females,1,1,42948
2008,Females,1,2,41552
2008,Females,1,3,39575
2008,Females,1,4,37794
2008,Females,1,5,35828
2008,Females,1,6,34530
2008,Females,1,7,34536
2008,Females,1,8,34278
2008,Females,1,9,34919
2008,Females,1,10,35211
2008,Females,1,11,36731
2008,Females,1,12,35615
2008,Females,1,13,35006
2008,Females,1,14,35578
2008,Females,1,15,35811
2008,Females,1,16,35995
2008,Females,1,17,35625
2008,Females,1,18,36067
2008,Females,1,19,39756
2008,Females,1,20,44048
2008,Females,1,21,45169
2008,Females,1,22,45184
2008,Females,1,23,45788
2008,Females,1,24,45092
2008,Females,1,25,45805
2008,Females,1,26,45324
2008,Females,1,27,44419
2008,Females,1,28,43268
2008,Females,1,29,39568
2008,Females,1,30,36566
2008,Females,1,31,34927
2008,Females,1,32,35468
2008,Females,1,33,34919
2008,Females,1,34,34901
2008,Females,1,35,35755
2008,Females,1,36,37030
2008,Females,1,37,37861
2008,Females,1,38,36749
2008,Females,1,39,37344
2008,Females,1,40,36342
2008,Females,1,41,36655
2008,Females,1,42,35677
2008,Females,1,43,36056
2008,Females,1,44,34997
2008,Females,1,45,34723
2008,Females,1,46,34082
2008,Females,1,47,32291
2008,Females,1,48,30818
2008,Females,1,49,29902
2008,Females,1,50,29622
2008,Females,1,51,28676
2008,Females,1,52,27206
2008,Females,1,53,25744
2008,Females,1,54,25632
2008,Females,1,55,24883
2008,Females,1,56,24257
2008,Females,1,57,23827
2008,Females,1,58,24242
2008,Females,1,59,24389
2008,Females,1,60,25166
2008,Females,1,61,26253
2008,Females,1,62,20921
2008,Females,1,63,20277
2008,Females,1,64,19931
2008,Females,1,65,19846
2008,Females,1,66,18531
2008,Females,1,67,17991
2008,Females,1,68,18814
2008,Females,1,69,18974
2008,Females,1,70,18680
2008,Females,1,71,18057
2008,Females,1,72,17607
2008,Females,1,73,16978
2008,Females,1,74,16229
2008,Females,1,75,15875
2008,Females,1,76,16096
2008,Females,1,77,15657
2008,Females,1,78,15278
2008,Females,1,79,14070
2008,Females,1,80,13578
2008,Females,1,81,12875
2008,Females,1,82,12438
2008,Females,1,83,11664
2008,Females,1,84,10919
2008,Females,1,85,9707
2008,Females,1,86,9457
2008,Females,1,87,8699
2008,Females,1,88,7598
2008,Females,1,89,5531
2008,Females,1,90,20217
2008,Females,2,0,41039
2008,Females,2,1,38468
2008,Females,2,2,37294
2008,Females,2,3,35133
2008,Females,2,4,33718
2008,Females,2,5,32239
2008,Females,2,6,31723
2008,Females,2,7,31363
2008,Females,2,8,31839
2008,Females,2,9,32133
2008,Females,2,10,32781
2008,Females,2,11,33720
2008,Females,2,12,33115
2008,Females,2,13,32386
2008,Females,2,14,33176
2008,Females,2,15,33926
2008,Females,2,16,35513
2008,Females,2,17,35730
2008,Females,2,18,35563
2008,Females,2,19,38122
2008,Females,2,20,41511
2008,Females,2,21,42791
2008,Females,2,22,43646
2008,Females,2,23,44891
2008,Females,2,24,44941
2008,Females,2,25,46023
2008,Females,2,26,46251
2008,Females,2,27,45925
2008,Females,2,28,45481
2008,Females,2,29,42281
2008,Females,2,30,39031
2008,Females,2,31,37324
2008,Females,2,32,37908
2008,Females,2,33,37529
2008,Females,2,34,36944
2008,Females,2,35,37976
2008,Females,2,36,38847
2008,Females,2,37,39398
2008,Females,2,38,38464
2008,Females,2,39,38751
2008,Females,2,40,38175
2008,Females,2,41,38213
2008,Females,2,42,38135
2008,Females,2,43,37892
2008,Females,2,44,36837
2008,Females,2,45,35963
2008,Females,2,46,34809
2008,Females,2,47,33528
2008,Females,2,48,32143
2008,Females,2,49,30993
2008,Females,2,50,29883
2008,Females,2,51,28826
2008,Females,2,52,27564
2008,Females,2,53,26376
2008,Females,2,54,26024
2008,Females,2,55,25141
2008,Females,2,56,24662
2008,Females,2,57,24395
2008,Females,2,58,24985
2008,Females,2,59,25005
2008,Females,2,60,25914
2008,Females,2,61,27606
2008,Females,2,62,22029
2008,Females,2,63,21277
2008,Females,2,64,21024
2008,Females,2,65,20551
2008,Females,2,66,19184
2008,Females,2,67,17983
2008,Females,2,68,19098
2008,Females,2,69,18973
2008,Females,2,70,18677
2008,Females,2,71,18247
2008,Females,2,72,17545
2008,Females,2,73,17171
2008,Females,2,74,16310
2008,Females,2,75,16146
2008,Females,2,76,16492
2008,Females,2,77,16461
2008,Females,2,78,15755
2008,Females,2,79,14861
2008,Females,2,80,14133
2008,Females,2,81,13838
2008,Females,2,82,13106
2008,Females,2,83,12238
2008,Females,2,84,11400
2008,Females,2,85,10791
2008,Females,2,86,10336
2008,Females,2,87,9729
2008,Females,2,88,8244
2008,Females,2,89,6101
2008,Females,2,90,22189
2008,Females,3,0,37073
2008,Females,3,1,34913
2008,Females,3,2,33405
2008,Females,3,3,31543
2008,Females,3,4,29981
2008,Females,3,5,29149
2008,Females,3,6,27918
2008,Females,3,7,28007
2008,Females,3,8,28552
2008,Females,3,9,29603
2008,Females,3,10,30013
2008,Females,3,11,30830
2008,Females,3,12,30545
2008,Females,3,13,30173
2008,Females,3,14,30746
2008,Females,3,15,31801
2008,Females,3,16,34319
2008,Females,3,17,34809
2008,Females,3,18,34216
2008,Females,3,19,37950
2008,Females,3,20,41735
2008,Females,3,21,41958
2008,Females,3,22,43335
2008,Females,3,23,44629
2008,Females,3,24,44686
2008,Females,3,25,45420
2008,Females,3,26,45854
2008,Females,3,27,45656
2008,Females,3,28,45085
2008,Females,3,29,43076
2008,Females,3,30,38965
2008,Females,3,31,37570
2008,Females,3,32,38012
2008,Females,3,33,37432
2008,Females,3,34,36952
2008,Females,3,35,37725
2008,Females,3,36,38705
2008,Females,3,37,39076
2008,Females,3,38,38275
2008,Females,3,39,38924
2008,Females,3,40,38105
2008,Females,3,41,38033
2008,Females,3,42,38213
2008,Females,3,43,37905
2008,Females,3,44,37259
2008,Females,3,45,36474
2008,Females,3,46,35320
2008,Females,3,47,33806
2008,Females,3,48,32514
2008,Females,3,49,31388
2008,Females,3,50,31133
2008,Females,3,51,29661
2008,Females,3,52,28550
2008,Females,3,53,27647
2008,Females,3,54,27490
2008,Females,3,55,26689
2008,Females,3,56,26399
2008,Females,3,57,26232
2008,Females,3,58,26627
2008,Females,3,59,27232
2008,Females,3,60,28285
2008,Females,3,61,29686
2008,Females,3,62,23733
2008,Females,3,63,23072
2008,Females,3,64,22847
2008,Females,3,65,22021
2008,Females,3,66,20173
2008,Females,3,67,18824
2008,Females,3,68,20024
2008,Females,3,69,19898
2008,Females,3,70,19843
2008,Females,3,71,19230
2008,Females,3,72,18687
2008,Females,3,73,18266
2008,Females,3,74,17326
2008,Females,3,75,17285
2008,Females,3,76,17228
2008,Females,3,77,17249
2008,Females,3,78,16551
2008,Females,3,79,15931
2008,Females,3,80,14710
2008,Females,3,81,14242
2008,Females,3,82,13777
2008,Females,3,83,12983
2008,Females,3,84,12228
2008,Females,3,85,11389
2008,Females,3,86,10998
2008,Females,3,87,10367
2008,Females,3,88,9013
2008,Females,3,89,6487
2008,Females,3,90,24273
2008,Females,4,0,33711
2008,Females,4,1,31719
2008,Females,4,2,30766
2008,Females,4,3,28931
2008,Females,4,4,28197
2008,Females,4,5,26531
2008,Females,4,6,26099
2008,Females,4,7,26102
2008,Females,4,8,26876
2008,Females,4,9,27921
2008,Females,4,10,28265
2008,Females,4,11,29128
2008,Females,4,12,29193
2008,Females,4,13,29350
2008,Females,4,14,29716
2008,Females,4,15,30477
2008,Females,4,16,32740
2008,Females,4,17,33179
2008,Females,4,18,33114
2008,Females,4,19,37198
2008,Females,4,20,41312
2008,Females,4,21,40319
2008,Females,4,22,41497
2008,Females,4,23,41764
2008,Females,4,24,41765
2008,Females,4,25,41379
2008,Females,4,26,41413
2008,Females,4,27,42190
2008,Females,4,28,42647
2008,Females,4,29,40166
2008,Females,4,30,36930
2008,Females,4,31,35729
2008,Females,4,32,36355
2008,Females,4,33,36326
2008,Females,4,34,36269
2008,Females,4,35,37249
2008,Females,4,36,38693
2008,Females,4,37,39185
2008,Females,4,38,37635
2008,Females,4,39,38713
2008,Females,4,40,38179
2008,Females,4,41,38577
2008,Females,4,42,38652
2008,Females,4,43,38606
2008,Females,4,44,37998
2008,Females,4,45,37111
2008,Females,4,46,36177
2008,Females,4,47,34910
2008,Females,4,48,34114
2008,Females,4,49,33159
2008,Females,4,50,32136
2008,Females,4,51,31452
2008,Females,4,52,30350
2008,Females,4,53,29224
2008,Females,4,54,29536
2008,Females,4,55,28596
2008,Females,4,56,28087
2008,Females,4,57,28475
2008,Females,4,58,29543
2008,Females,4,59,29969
2008,Females,4,60,31699
2008,Females,4,61,33697
2008,Females,4,62,26894
2008,Females,4,63,25952
2008,Females,4,64,25715
2008,Females,4,65,24458
2008,Females,4,66,22642
2008,Females,4,67,21214
2008,Females,4,68,21876
2008,Females,4,69,21894
2008,Females,4,70,21192
2008,Females,4,71,20502
2008,Females,4,72,20020
2008,Females,4,73,19369
2008,Females,4,74,18506
2008,Females,4,75,18446
2008,Females,4,76,18291
2008,Females,4,77,18468
2008,Females,4,78,17738
2008,Females,4,79,16835
2008,Females,4,80,15798
2008,Females,4,81,15157
2008,Females,4,82,14392
2008,Females,4,83,13691
2008,Females,4,84,12872
2008,Females,4,85,12013
2008,Females,4,86,11631
2008,Females,4,87,11105
2008,Females,4,88,9458
2008,Females,4,89,6850
2008,Females,4,90,25921
2008,Females,5,0,30724
2008,Females,5,1,29006
2008,Females,5,2,28243
2008,Females,5,3,26935
2008,Females,5,4,26702
2008,Females,5,5,25549
2008,Females,5,6,25258
2008,Females,5,7,25672
2008,Females,5,8,26598
2008,Females,5,9,27851
2008,Females,5,10,27969
2008,Females,5,11,29032
2008,Females,5,12,28807
2008,Females,5,13,28849
2008,Females,5,14,29289
2008,Females,5,15,29990
2008,Females,5,16,31566
2008,Females,5,17,32039
2008,Females,5,18,31734
2008,Females,5,19,32509
2008,Females,5,20,33988
2008,Females,5,21,34325
2008,Females,5,22,35518
2008,Females,5,23,36607
2008,Females,5,24,36245
2008,Females,5,25,36203
2008,Females,5,26,36790
2008,Females,5,27,37956
2008,Females,5,28,38071
2008,Females,5,29,36300
2008,Females,5,30,33907
2008,Females,5,31,33316
2008,Females,5,32,33853
2008,Females,5,33,34416
2008,Females,5,34,34804
2008,Females,5,35,35833
2008,Females,5,36,37599
2008,Females,5,37,38822
2008,Females,5,38,37782
2008,Females,5,39,39009
2008,Females,5,40,38730
2008,Females,5,41,38997
2008,Females,5,42,39204
2008,Females,5,43,39519
2008,Females,5,44,39176
2008,Females,5,45,38431
2008,Females,5,46,37599
2008,Females,5,47,36505
2008,Females,5,48,35181
2008,Females,5,49,34702
2008,Females,5,50,33811
2008,Females,5,51,32539
2008,Females,5,52,31951
2008,Females,5,53,30892
2008,Females,5,54,31219
2008,Females,5,55,31055
2008,Females,5,56,30404
2008,Females,5,57,30731
2008,Females,5,58,31646
2008,Females,5,59,31996
2008,Females,5,60,34620
2008,Females,5,61,37521
2008,Females,5,62,29569
2008,Females,5,63,29100
2008,Females,5,64,28559
2008,Females,5,65,27253
2008,Females,5,66,24546
2008,Females,5,67,22384
2008,Females,5,68,23677
2008,Females,5,69,23543
2008,Females,5,70,23389
2008,Females,5,71,22365
2008,Females,5,72,21923
2008,Females,5,73,20910
2008,Females,5,74,20109
2008,Females,5,75,19749
2008,Females,5,76,19886
2008,Females,5,77,19494
2008,Females,5,78,18811
2008,Females,5,79,17770
2008,Females,5,80,16680
2008,Females,5,81,16010
2008,Females,5,82,15233
2008,Females,5,83,14518
2008,Females,5,84,13522
2008,Females,5,85,13018
2008,Females,5,86,12185
2008,Females,5,87,11741
2008,Females,5,88,9942
2008,Females,5,89,7432
2008,Females,5,90,28130
2008,Females,6,0,30075
2008,Females,6,1,28490
2008,Females,6,2,27853
2008,Females,6,3,26743
2008,Females,6,4,26366
2008,Females,6,5,25824
2008,Females,6,6,25098
2008,Females,6,7,26064
2008,Females,6,8,26876
2008,Females,6,9,27805
2008,Females,6,10,28104
2008,Females,6,11,28873
2008,Females,6,12,28625
2008,Females,6,13,29022
2008,Females,6,14,29913
2008,Females,6,15,30221
2008,Females,6,16,30797
2008,Females,6,17,31601
2008,Females,6,18,30313
2008,Females,6,19,29679
2008,Females,6,20,30184
2008,Females,6,21,29993
2008,Females,6,22,32002
2008,Females,6,23,32784
2008,Females,6,24,32837
2008,Females,6,25,33356
2008,Females,6,26,34349
2008,Females,6,27,35571
2008,Females,6,28,36045
2008,Females,6,29,35320
2008,Females,6,30,32813
2008,Females,6,31,32382
2008,Females,6,32,32411
2008,Females,6,33,33998
2008,Females,6,34,34584
2008,Females,6,35,36590
2008,Females,6,36,37905
2008,Females,6,37,39105
2008,Females,6,38,38345
2008,Females,6,39,39368
2008,Females,6,40,39332
2008,Females,6,41,40210
2008,Females,6,42,40680
2008,Females,6,43,40406
2008,Females,6,44,40416
2008,Females,6,45,39647
2008,Females,6,46,38870
2008,Females,6,47,37418
2008,Females,6,48,36142
2008,Females,6,49,35824
2008,Females,6,50,34799
2008,Females,6,51,33922
2008,Females,6,52,33206
2008,Females,6,53,32243
2008,Females,6,54,32482
2008,Females,6,55,32335
2008,Females,6,56,31844
2008,Females,6,57,32314
2008,Females,6,58,33237
2008,Females,6,59,34193
2008,Females,6,60,37253
2008,Females,6,61,39909
2008,Females,6,62,31755
2008,Females,6,63,31350
2008,Females,6,64,30749
2008,Females,6,65,28975
2008,Females,6,66,25949
2008,Females,6,67,23562
2008,Females,6,68,24493
2008,Females,6,69,24615
2008,Females,6,70,23877
2008,Females,6,71,23112
2008,Females,6,72,22672
2008,Females,6,73,22030
2008,Females,6,74,20749
2008,Females,6,75,20350
2008,Females,6,76,20315
2008,Females,6,77,20106
2008,Females,6,78,19130
2008,Females,6,79,18421
2008,Females,6,80,17216
2008,Females,6,81,16451
2008,Females,6,82,15554
2008,Females,6,83,14781
2008,Females,6,84,13924
2008,Females,6,85,13293
2008,Females,6,86,12485
2008,Females,6,87,11956
2008,Females,6,88,10031
2008,Females,6,89,7424
2008,Females,6,90,28797
2008,Females,7,0,27968
2008,Females,7,1,27207
2008,Females,7,2,26694
2008,Females,7,3,26225
2008,Females,7,4,26136
2008,Females,7,5,25395
2008,Females,7,6,25049
2008,Females,7,7,25939
2008,Females,7,8,26803
2008,Females,7,9,27635
2008,Females,7,10,28048
2008,Females,7,11,29147
2008,Females,7,12,28843
2008,Females,7,13,29011
2008,Females,7,14,30006
2008,Females,7,15,29947
2008,Females,7,16,31000
2008,Females,7,17,31773
2008,Females,7,18,31064
2008,Females,7,19,30368
2008,Females,7,20,30434
2008,Females,7,21,29760
2008,Females,7,22,30176
2008,Females,7,23,30184
2008,Females,7,24,30404
2008,Females,7,25,29971
2008,Females,7,26,30223
2008,Females,7,27,31665
2008,Females,7,28,31919
2008,Females,7,29,31515
2008,Females,7,30,30124
2008,Females,7,31,30034
2008,Females,7,32,31226
2008,Females,7,33,32557
2008,Females,7,34,33792
2008,Females,7,35,35258
2008,Females,7,36,37329
2008,Females,7,37,38897
2008,Females,7,38,38380
2008,Females,7,39,39678
2008,Females,7,40,39989
2008,Females,7,41,40895
2008,Females,7,42,41083
2008,Females,7,43,41504
2008,Females,7,44,41514
2008,Females,7,45,40493
2008,Females,7,46,39688
2008,Females,7,47,38715
2008,Females,7,48,37293
2008,Females,7,49,36349
2008,Females,7,50,36091
2008,Females,7,51,34760
2008,Females,7,52,33745
2008,Females,7,53,32717
2008,Females,7,54,33467
2008,Females,7,55,33385
2008,Females,7,56,32670
2008,Females,7,57,33408
2008,Females,7,58,34318
2008,Females,7,59,35828
2008,Females,7,60,38525
2008,Females,7,61,41547
2008,Females,7,62,32841
2008,Females,7,63,31910
2008,Females,7,64,32153
2008,Females,7,65,29954
2008,Females,7,66,27023
2008,Females,7,67,24172
2008,Females,7,68,25282
2008,Females,7,69,25177
2008,Females,7,70,24834
2008,Females,7,71,24064
2008,Females,7,72,22893
2008,Females,7,73,22304
2008,Females,7,74,21178
2008,Females,7,75,20756
2008,Females,7,76,20386
2008,Females,7,77,20130
2008,Females,7,78,19586
2008,Females,7,79,18096
2008,Females,7,80,17240
2008,Females,7,81,16307
2008,Females,7,82,15641
2008,Females,7,83,14579
2008,Females,7,84,13928
2008,Females,7,85,13145
2008,Females,7,86,12577
2008,Females,7,87,12103
2008,Females,7,88,10183
2008,Females,7,89,7668
2008,Females,7,90,28968
2008,Females,8,0,27341
2008,Females,8,1,27257
2008,Females,8,2,27001
2008,Females,8,3,26742
2008,Females,8,4,26649
2008,Females,8,5,25670
2008,Females,8,6,25373
2008,Females,8,7,26454
2008,Females,8,8,27215
2008,Females,8,9,28116
2008,Females,8,10,28953
2008,Females,8,11,29266
2008,Females,8,12,29211
2008,Females,8,13,29135
2008,Females,8,14,30303
2008,Females,8,15,30153
2008,Females,8,16,30788
2008,Females,8,17,31890
2008,Females,8,18,31218
2008,Females,8,19,29679
2008,Females,8,20,28837
2008,Females,8,21,27823
2008,Females,8,22,27753
2008,Females,8,23,28749
2008,Females,8,24,28401
2008,Females,8,25,28168
2008,Females,8,26,28738
2008,Females,8,27,29789
2008,Females,8,28,30526
2008,Females,8,29,30575
2008,Females,8,30,29216
2008,Females,8,31,29191
2008,Females,8,32,30680
2008,Females,8,33,32266
2008,Females,8,34,33512
2008,Females,8,35,35522
2008,Females,8,36,37583
2008,Females,8,37,39322
2008,Females,8,38,38406
2008,Females,8,39,39640
2008,Females,8,40,40471
2008,Females,8,41,41349
2008,Females,8,42,41709
2008,Females,8,43,42138
2008,Females,8,44,41901
2008,Females,8,45,41294
2008,Females,8,46,40202
2008,Females,8,47,38604
2008,Females,8,48,37249
2008,Females,8,49,36686
2008,Females,8,50,36164
2008,Females,8,51,34848
2008,Females,8,52,33789
2008,Females,8,53,33084
2008,Females,8,54,33605
2008,Females,8,55,33333
2008,Females,8,56,32958
2008,Females,8,57,33531
2008,Females,8,58,34962
2008,Females,8,59,36118
2008,Females,8,60,38839
2008,Females,8,61,42655
2008,Females,8,62,33023
2008,Females,8,63,32464
2008,Females,8,64,32166
2008,Females,8,65,30024
2008,Females,8,66,26785
2008,Females,8,67,24199
2008,Females,8,68,25222
2008,Females,8,69,25321
2008,Females,8,70,24657
2008,Females,8,71,23905
2008,Females,8,72,23005
2008,Females,8,73,21994
2008,Females,8,74,21106
2008,Females,8,75,20649
2008,Females,8,76,20393
2008,Females,8,77,19732
2008,Females,8,78,19675
2008,Females,8,79,18323
2008,Females,8,80,17019
2008,Females,8,81,16115
2008,Females,8,82,15473
2008,Females,8,83,14695
2008,Females,8,84,13478
2008,Females,8,85,12730
2008,Females,8,86,11995
2008,Females,8,87,11710
2008,Females,8,88,9564
2008,Females,8,89,7377
2008,Females,8,90,28060
2008,Females,9,0,27082
2008,Females,9,1,26967
2008,Females,9,2,27329
2008,Females,9,3,26839
2008,Females,9,4,27254
2008,Females,9,5,26678
2008,Females,9,6,26275
2008,Females,9,7,27500
2008,Females,9,8,28163
2008,Females,9,9,29383
2008,Females,9,10,29642
2008,Females,9,11,29928
2008,Females,9,12,30510
2008,Females,9,13,31170
2008,Females,9,14,31992
2008,Females,9,15,31448
2008,Females,9,16,32471
2008,Females,9,17,32921
2008,Females,9,18,31501
2008,Females,9,19,29982
2008,Females,9,20,26136
2008,Females,9,21,25054
2008,Females,9,22,25936
2008,Females,9,23,26309
2008,Females,9,24,25651
2008,Females,9,25,25687
2008,Females,9,26,25506
2008,Females,9,27,26522
2008,Females,9,28,27377
2008,Females,9,29,27488
2008,Females,9,30,27162
2008,Females,9,31,27918
2008,Females,9,32,29298
2008,Females,9,33,31414
2008,Females,9,34,33102
2008,Females,9,35,35433
2008,Females,9,36,38014
2008,Females,9,37,39939
2008,Females,9,38,39479
2008,Females,9,39,40790
2008,Females,9,40,41187
2008,Females,9,41,42078
2008,Females,9,42,42845
2008,Females,9,43,43118
2008,Females,9,44,42992
2008,Females,9,45,42648
2008,Females,9,46,41249
2008,Females,9,47,40397
2008,Females,9,48,38436
2008,Females,9,49,37838
2008,Females,9,50,37078
2008,Females,9,51,35695
2008,Females,9,52,34387
2008,Females,9,53,33728
2008,Females,9,54,33996
2008,Females,9,55,33806
2008,Females,9,56,33631
2008,Females,9,57,34093
2008,Females,9,58,35317
2008,Females,9,59,36879
2008,Females,9,60,39703
2008,Females,9,61,43246
2008,Females,9,62,33550
2008,Females,9,63,32941
2008,Females,9,64,33068
2008,Females,9,65,30515
2008,Females,9,66,26883
2008,Females,9,67,24268
2008,Females,9,68,25363
2008,Females,9,69,25550
2008,Females,9,70,25120
2008,Females,9,71,24257
2008,Females,9,72,23174
2008,Females,9,73,22283
2008,Females,9,74,21331
2008,Females,9,75,20501
2008,Females,9,76,20608
2008,Females,9,77,20360
2008,Females,9,78,19454
2008,Females,9,79,18259
2008,Females,9,80,17070
2008,Females,9,81,16378
2008,Females,9,82,15348
2008,Females,9,83,14114
2008,Females,9,84,13705
2008,Females,9,85,12787
2008,Females,9,86,11900
2008,Females,9,87,11279
2008,Females,9,88,9587
2008,Females,9,89,7001
2008,Females,9,90,27143
2008,Females,10,0,25944
2008,Females,10,1,26620
2008,Females,10,2,26943
2008,Females,10,3,27815
2008,Females,10,4,28479
2008,Females,10,5,28275
2008,Females,10,6,27994
2008,Females,10,7,29384
2008,Females,10,8,30208
2008,Females,10,9,31359
2008,Females,10,10,31961
2008,Females,10,11,32430
2008,Females,10,12,32104
2008,Females,10,13,32742
2008,Females,10,14,33560
2008,Females,10,15,32583
2008,Females,10,16,32815
2008,Females,10,17,33768
2008,Females,10,18,31695
2008,Females,10,19,27251
2008,Females,10,20,22754
2008,Females,10,21,22180
2008,Females,10,22,22774
2008,Females,10,23,22826
2008,Females,10,24,21587
2008,Females,10,25,21155
2008,Females,10,26,20895
2008,Females,10,27,21603
2008,Females,10,28,22452
2008,Females,10,29,22877
2008,Females,10,30,23588
2008,Females,10,31,24553
2008,Females,10,32,26434
2008,Females,10,33,29007
2008,Females,10,34,31007
2008,Females,10,35,34206
2008,Females,10,36,36794
2008,Females,10,37,39372
2008,Females,10,38,38688
2008,Females,10,39,40622
2008,Females,10,40,41634
2008,Females,10,41,43166
2008,Females,10,42,44123
2008,Females,10,43,45265
2008,Females,10,44,45306
2008,Females,10,45,44206
2008,Females,10,46,43202
2008,Females,10,47,41928
2008,Females,10,48,39840
2008,Females,10,49,39105
2008,Females,10,50,38386
2008,Females,10,51,36702
2008,Females,10,52,35485
2008,Females,10,53,34655
2008,Females,10,54,34637
2008,Females,10,55,34540
2008,Females,10,56,34108
2008,Females,10,57,34370
2008,Females,10,58,35695
2008,Females,10,59,37239
2008,Females,10,60,39985
2008,Females,10,61,43679
2008,Females,10,62,33919
2008,Females,10,63,33049
2008,Females,10,64,32822
2008,Females,10,65,30380
2008,Females,10,66,26305
2008,Females,10,67,24107
2008,Females,10,68,25381
2008,Females,10,69,25581
2008,Females,10,70,25009
2008,Females,10,71,24284
2008,Females,10,72,23656
2008,Females,10,73,22857
2008,Females,10,74,21428
2008,Females,10,75,20535
2008,Females,10,76,20377
2008,Females,10,77,20312
2008,Females,10,78,19481
2008,Females,10,79,18128
2008,Females,10,80,16960
2008,Females,10,81,15881
2008,Females,10,82,15058
2008,Females,10,83,13935
2008,Females,10,84,13084
2008,Females,10,85,12204
2008,Females,10,86,11326
2008,Females,10,87,10551
2008,Females,10,88,8703
2008,Females,10,89,6401
2008,Females,10,90,25179
2009,Females,1,0,44454
2009,Females,1,1,44285
2009,Females,1,2,42412
2009,Females,1,3,41091
2009,Females,1,4,38854
2009,Females,1,5,37329
2009,Females,1,6,35417
2009,Females,1,7,34233
2009,Females,1,8,34305
2009,Females,1,9,34100
2009,Females,1,10,34915
2009,Females,1,11,35060
2009,Females,1,12,36369
2009,Females,1,13,35539
2009,Females,1,14,34922
2009,Females,1,15,35347
2009,Females,1,16,36217
2009,Females,1,17,36425
2009,Females,1,18,36900
2009,Females,1,19,38790
2009,Females,1,20,41323
2009,Females,1,21,44673
2009,Females,1,22,45166
2009,Females,1,23,44709
2009,Females,1,24,45328
2009,Females,1,25,45845
2009,Females,1,26,45298
2009,Females,1,27,44657
2009,Females,1,28,43660
2009,Females,1,29,42625
2009,Females,1,30,39194
2009,Females,1,31,35855
2009,Females,1,32,34405
2009,Females,1,33,34966
2009,Females,1,34,34426
2009,Females,1,35,34454
2009,Females,1,36,35482
2009,Females,1,37,36751
2009,Females,1,38,37672
2009,Females,1,39,36541
2009,Females,1,40,36939
2009,Females,1,41,36001
2009,Females,1,42,36291
2009,Females,1,43,35391
2009,Females,1,44,35748
2009,Females,1,45,34876
2009,Females,1,46,34422
2009,Females,1,47,33865
2009,Females,1,48,31913
2009,Females,1,49,30611
2009,Females,1,50,29822
2009,Females,1,51,29356
2009,Females,1,52,28342
2009,Females,1,53,26997
2009,Females,1,54,25490
2009,Females,1,55,25396
2009,Females,1,56,24629
2009,Females,1,57,24049
2009,Females,1,58,23597
2009,Females,1,59,23965
2009,Females,1,60,23919
2009,Females,1,61,24737
2009,Females,1,62,25971
2009,Females,1,63,20450
2009,Females,1,64,19906
2009,Females,1,65,19503
2009,Females,1,66,19320
2009,Females,1,67,18185
2009,Females,1,68,17504
2009,Females,1,69,18343
2009,Females,1,70,18417
2009,Females,1,71,18220
2009,Females,1,72,17553
2009,Females,1,73,17017
2009,Females,1,74,16371
2009,Females,1,75,15626
2009,Females,1,76,15144
2009,Females,1,77,15364
2009,Females,1,78,14806
2009,Females,1,79,14395
2009,Females,1,80,13245
2009,Females,1,81,12538
2009,Females,1,82,11964
2009,Females,1,83,11435
2009,Females,1,84,10660
2009,Females,1,85,9598
2009,Females,1,86,8687
2009,Females,1,87,8334
2009,Females,1,88,7549
2009,Females,1,89,6366
2009,Females,1,90,20513
2009,Females,2,0,40921
2009,Females,2,1,40613
2009,Females,2,2,38127
2009,Females,2,3,37060
2009,Females,2,4,34910
2009,Females,2,5,33487
2009,Females,2,6,31949
2009,Females,2,7,31660
2009,Females,2,8,31534
2009,Females,2,9,31962
2009,Females,2,10,32187
2009,Females,2,11,32745
2009,Females,2,12,33831
2009,Females,2,13,33033
2009,Females,2,14,32381
2009,Females,2,15,33405
2009,Females,2,16,34164
2009,Females,2,17,36175
2009,Females,2,18,37177
2009,Females,2,19,38894
2009,Females,2,20,40197
2009,Females,2,21,42903
2009,Females,2,22,43630
2009,Females,2,23,44385
2009,Females,2,24,45889
2009,Females,2,25,45957
2009,Females,2,26,46545
2009,Females,2,27,46649
2009,Females,2,28,46165
2009,Females,2,29,45484
2009,Females,2,30,42018
2009,Females,2,31,38658
2009,Females,2,32,36989
2009,Females,2,33,37805
2009,Females,2,34,37361
2009,Females,2,35,36776
2009,Females,2,36,37844
2009,Females,2,37,38662
2009,Females,2,38,39187
2009,Females,2,39,38382
2009,Females,2,40,38659
2009,Females,2,41,37982
2009,Females,2,42,37978
2009,Females,2,43,38081
2009,Females,2,44,37821
2009,Females,2,45,36434
2009,Females,2,46,35747
2009,Females,2,47,34726
2009,Females,2,48,33378
2009,Females,2,49,32051
2009,Females,2,50,30847
2009,Females,2,51,29592
2009,Females,2,52,28608
2009,Females,2,53,27366
2009,Females,2,54,26178
2009,Females,2,55,26025
2009,Females,2,56,25119
2009,Females,2,57,24475
2009,Females,2,58,24257
2009,Females,2,59,24807
2009,Females,2,60,24850
2009,Females,2,61,25577
2009,Females,2,62,27257
2009,Females,2,63,21760
2009,Females,2,64,20928
2009,Females,2,65,20618
2009,Females,2,66,20280
2009,Females,2,67,18830
2009,Females,2,68,17607
2009,Females,2,69,18656
2009,Females,2,70,18568
2009,Females,2,71,18252
2009,Females,2,72,17791
2009,Females,2,73,17104
2009,Females,2,74,16753
2009,Females,2,75,15837
2009,Females,2,76,15639
2009,Females,2,77,15809
2009,Females,2,78,15715
2009,Females,2,79,15022
2009,Females,2,80,14154
2009,Females,2,81,13245
2009,Females,2,82,12809
2009,Females,2,83,12092
2009,Females,2,84,11275
2009,Females,2,85,10415
2009,Females,2,86,9627
2009,Females,2,87,9260
2009,Females,2,88,8487
2009,Females,2,89,7103
2009,Females,2,90,22478
2009,Females,3,0,37352
2009,Females,3,1,36735
2009,Females,3,2,34747
2009,Females,3,3,33273
2009,Females,3,4,31271
2009,Females,3,5,30118
2009,Females,3,6,29178
2009,Females,3,7,27962
2009,Females,3,8,28260
2009,Females,3,9,28621
2009,Females,3,10,29811
2009,Females,3,11,29991
2009,Females,3,12,30969
2009,Females,3,13,30823
2009,Females,3,14,30281
2009,Females,3,15,31087
2009,Females,3,16,32259
2009,Females,3,17,35129
2009,Females,3,18,36772
2009,Females,3,19,39189
2009,Females,3,20,41353
2009,Females,3,21,42732
2009,Females,3,22,42879
2009,Females,3,23,44734
2009,Females,3,24,46091
2009,Females,3,25,45746
2009,Females,3,26,46109
2009,Females,3,27,46349
2009,Females,3,28,46042
2009,Females,3,29,45393
2009,Females,3,30,42709
2009,Females,3,31,38816
2009,Females,3,32,37147
2009,Females,3,33,37645
2009,Females,3,34,37201
2009,Females,3,35,36896
2009,Females,3,36,37589
2009,Females,3,37,38539
2009,Females,3,38,39079
2009,Females,3,39,38099
2009,Females,3,40,38898
2009,Females,3,41,37872
2009,Females,3,42,37867
2009,Females,3,43,38147
2009,Females,3,44,37845
2009,Females,3,45,37105
2009,Females,3,46,36322
2009,Females,3,47,35200
2009,Females,3,48,33832
2009,Females,3,49,32456
2009,Females,3,50,31485
2009,Females,3,51,30955
2009,Females,3,52,29626
2009,Females,3,53,28465
2009,Females,3,54,27505
2009,Females,3,55,27409
2009,Females,3,56,26590
2009,Females,3,57,26160
2009,Females,3,58,26005
2009,Females,3,59,26507
2009,Females,3,60,26884
2009,Females,3,61,28063
2009,Females,3,62,29517
2009,Females,3,63,23473
2009,Females,3,64,22784
2009,Females,3,65,22667
2009,Females,3,66,21783
2009,Females,3,67,19910
2009,Females,3,68,18584
2009,Females,3,69,19726
2009,Females,3,70,19516
2009,Females,3,71,19460
2009,Females,3,72,18877
2009,Females,3,73,18231
2009,Females,3,74,17853
2009,Females,3,75,16847
2009,Females,3,76,16724
2009,Females,3,77,16665
2009,Females,3,78,16550
2009,Females,3,79,15833
2009,Females,3,80,15099
2009,Females,3,81,13996
2009,Females,3,82,13308
2009,Females,3,83,12706
2009,Females,3,84,11899
2009,Females,3,85,11268
2009,Females,3,86,10287
2009,Females,3,87,9837
2009,Females,3,88,9162
2009,Females,3,89,7604
2009,Females,3,90,24787
2009,Females,4,0,33798
2009,Females,4,1,33590
2009,Females,4,2,31430
2009,Females,4,3,30823
2009,Females,4,4,28850
2009,Females,4,5,28159
2009,Females,4,6,26711
2009,Females,4,7,26214
2009,Females,4,8,26220
2009,Females,4,9,27208
2009,Females,4,10,28193
2009,Females,4,11,28612
2009,Females,4,12,29503
2009,Females,4,13,29499
2009,Females,4,14,29436
2009,Females,4,15,30173
2009,Females,4,16,30893
2009,Females,4,17,33293
2009,Females,4,18,34629
2009,Females,4,19,38088
2009,Females,4,20,41140
2009,Females,4,21,41501
2009,Females,4,22,39914
2009,Females,4,23,42036
2009,Females,4,24,42794
2009,Females,4,25,41836
2009,Females,4,26,41929
2009,Females,4,27,42084
2009,Females,4,28,42817
2009,Females,4,29,42941
2009,Females,4,30,40278
2009,Females,4,31,36868
2009,Females,4,32,35841
2009,Females,4,33,36137
2009,Females,4,34,36212
2009,Females,4,35,36041
2009,Females,4,36,37073
2009,Females,4,37,38580
2009,Females,4,38,39313
2009,Females,4,39,37556
2009,Females,4,40,38592
2009,Females,4,41,38298
2009,Females,4,42,38405
2009,Females,4,43,38669
2009,Females,4,44,38618
2009,Females,4,45,37762
2009,Females,4,46,37107
2009,Females,4,47,36083
2009,Females,4,48,34806
2009,Females,4,49,33965
2009,Females,4,50,33147
2009,Females,4,51,32099
2009,Females,4,52,31317
2009,Females,4,53,30195
2009,Females,4,54,29098
2009,Females,4,55,29332
2009,Females,4,56,28589
2009,Females,4,57,28028
2009,Females,4,58,28505
2009,Females,4,59,29432
2009,Females,4,60,29752
2009,Females,4,61,31469
2009,Females,4,62,33523
2009,Females,4,63,26672
2009,Females,4,64,25758
2009,Females,4,65,25636
2009,Females,4,66,24254
2009,Females,4,67,22446
2009,Females,4,68,20960
2009,Females,4,69,21587
2009,Females,4,70,21399
2009,Females,4,71,20819
2009,Females,4,72,20074
2009,Females,4,73,19536
2009,Females,4,74,18897
2009,Females,4,75,18059
2009,Females,4,76,17930
2009,Females,4,77,17717
2009,Females,4,78,17899
2009,Females,4,79,16940
2009,Females,4,80,15999
2009,Females,4,81,14957
2009,Females,4,82,14336
2009,Females,4,83,13444
2009,Females,4,84,12711
2009,Females,4,85,11825
2009,Females,4,86,10989
2009,Females,4,87,10351
2009,Females,4,88,9809
2009,Females,4,89,8118
2009,Females,4,90,26456
2009,Females,5,0,30790
2009,Females,5,1,30784
2009,Females,5,2,29179
2009,Females,5,3,28442
2009,Females,5,4,27142
2009,Females,5,5,26873
2009,Females,5,6,25762
2009,Females,5,7,25438
2009,Females,5,8,25889
2009,Females,5,9,26825
2009,Females,5,10,28052
2009,Females,5,11,28113
2009,Females,5,12,29088
2009,Females,5,13,28924
2009,Females,5,14,28973
2009,Females,5,15,29815
2009,Females,5,16,30393
2009,Females,5,17,31844
2009,Females,5,18,32840
2009,Females,5,19,33332
2009,Females,5,20,34557
2009,Females,5,21,34725
2009,Females,5,22,35289
2009,Females,5,23,36619
2009,Females,5,24,37547
2009,Females,5,25,36512
2009,Females,5,26,37111
2009,Females,5,27,37659
2009,Females,5,28,38672
2009,Females,5,29,38567
2009,Females,5,30,36507
2009,Females,5,31,34063
2009,Females,5,32,33409
2009,Females,5,33,34010
2009,Females,5,34,34458
2009,Females,5,35,34812
2009,Females,5,36,36120
2009,Females,5,37,37766
2009,Females,5,38,38926
2009,Females,5,39,37773
2009,Females,5,40,38943
2009,Females,5,41,38810
2009,Females,5,42,39005
2009,Females,5,43,39167
2009,Females,5,44,39571
2009,Females,5,45,39300
2009,Females,5,46,38394
2009,Females,5,47,37637
2009,Females,5,48,36457
2009,Females,5,49,35190
2009,Females,5,50,34580
2009,Females,5,51,33687
2009,Females,5,52,32495
2009,Females,5,53,31982
2009,Females,5,54,30821
2009,Females,5,55,31275
2009,Females,5,56,31142
2009,Females,5,57,30303
2009,Females,5,58,30626
2009,Females,5,59,31653
2009,Females,5,60,31958
2009,Females,5,61,34381
2009,Females,5,62,37446
2009,Females,5,63,29426
2009,Females,5,64,28942
2009,Females,5,65,28319
2009,Females,5,66,27055
2009,Females,5,67,24278
2009,Females,5,68,22151
2009,Females,5,69,23430
2009,Females,5,70,23241
2009,Females,5,71,23046
2009,Females,5,72,21960
2009,Females,5,73,21509
2009,Females,5,74,20486
2009,Females,5,75,19601
2009,Females,5,76,19180
2009,Females,5,77,19320
2009,Females,5,78,18825
2009,Females,5,79,18216
2009,Females,5,80,16981
2009,Females,5,81,15883
2009,Females,5,82,15073
2009,Females,5,83,14406
2009,Females,5,84,13526
2009,Females,5,85,12579
2009,Females,5,86,11870
2009,Females,5,87,11008
2009,Females,5,88,10512
2009,Females,5,89,8617
2009,Females,5,90,28758
2009,Females,6,0,29843
2009,Females,6,1,30047
2009,Females,6,2,28537
2009,Females,6,3,28125
2009,Females,6,4,26904
2009,Females,6,5,26435
2009,Females,6,6,25880
2009,Females,6,7,25104
2009,Females,6,8,26218
2009,Females,6,9,27115
2009,Females,6,10,27751
2009,Females,6,11,28257
2009,Females,6,12,29036
2009,Females,6,13,28836
2009,Females,6,14,29299
2009,Females,6,15,30400
2009,Females,6,16,30517
2009,Females,6,17,31025
2009,Females,6,18,31599
2009,Females,6,19,29853
2009,Females,6,20,30127
2009,Females,6,21,31085
2009,Females,6,22,31386
2009,Females,6,23,33189
2009,Females,6,24,33793
2009,Females,6,25,33491
2009,Females,6,26,34413
2009,Females,6,27,34968
2009,Females,6,28,36321
2009,Females,6,29,36788
2009,Females,6,30,35014
2009,Females,6,31,32890
2009,Females,6,32,32585
2009,Females,6,33,32672
2009,Females,6,34,34093
2009,Females,6,35,35146
2009,Females,6,36,36727
2009,Females,6,37,37924
2009,Females,6,38,39423
2009,Females,6,39,38526
2009,Females,6,40,39500
2009,Females,6,41,39452
2009,Females,6,42,40369
2009,Females,6,43,40901
2009,Females,6,44,40393
2009,Females,6,45,40477
2009,Females,6,46,39871
2009,Females,6,47,38917
2009,Females,6,48,37402
2009,Females,6,49,36217
2009,Females,6,50,35644
2009,Females,6,51,34859
2009,Females,6,52,33860
2009,Females,6,53,33244
2009,Females,6,54,32237
2009,Females,6,55,32518
2009,Females,6,56,32332
2009,Females,6,57,31880
2009,Females,6,58,32218
2009,Females,6,59,33135
2009,Females,6,60,34148
2009,Females,6,61,36993
2009,Females,6,62,39900
2009,Females,6,63,31524
2009,Females,6,64,31049
2009,Females,6,65,30556
2009,Females,6,66,28774
2009,Females,6,67,25828
2009,Females,6,68,23283
2009,Females,6,69,24249
2009,Females,6,70,24381
2009,Females,6,71,23494
2009,Females,6,72,22776
2009,Females,6,73,22279
2009,Females,6,74,21643
2009,Females,6,75,20248
2009,Females,6,76,19904
2009,Females,6,77,19773
2009,Females,6,78,19450
2009,Females,6,79,18499
2009,Females,6,80,17763
2009,Females,6,81,16409
2009,Females,6,82,15555
2009,Females,6,83,14668
2009,Females,6,84,13955
2009,Females,6,85,12978
2009,Females,6,86,12230
2009,Females,6,87,11358
2009,Females,6,88,10705
2009,Females,6,89,8742
2009,Females,6,90,29509
2009,Females,7,0,27891
2009,Females,7,1,28014
2009,Females,7,2,27409
2009,Females,7,3,26968
2009,Females,7,4,26363
2009,Females,7,5,26302
2009,Females,7,6,25646
2009,Females,7,7,25227
2009,Females,7,8,26161
2009,Females,7,9,26917
2009,Females,7,10,27650
2009,Females,7,11,28149
2009,Females,7,12,29323
2009,Females,7,13,28972
2009,Females,7,14,29300
2009,Females,7,15,30521
2009,Females,7,16,30195
2009,Females,7,17,31346
2009,Females,7,18,32052
2009,Females,7,19,31013
2009,Females,7,20,29744
2009,Females,7,21,30677
2009,Females,7,22,29959
2009,Females,7,23,30443
2009,Females,7,24,30738
2009,Females,7,25,30034
2009,Females,7,26,30751
2009,Females,7,27,30855
2009,Females,7,28,32301
2009,Females,7,29,32710
2009,Females,7,30,32053
2009,Females,7,31,30617
2009,Females,7,32,30312
2009,Females,7,33,31591
2009,Females,7,34,32774
2009,Females,7,35,34083
2009,Females,7,36,35654
2009,Females,7,37,37673
2009,Females,7,38,39034
2009,Females,7,39,38569
2009,Females,7,40,39793
2009,Females,7,41,40035
2009,Females,7,42,40982
2009,Females,7,43,41012
2009,Females,7,44,41652
2009,Females,7,45,41646
2009,Females,7,46,40376
2009,Females,7,47,39625
2009,Females,7,48,38659
2009,Females,7,49,37313
2009,Females,7,50,36353
2009,Females,7,51,36078
2009,Females,7,52,34877
2009,Females,7,53,33804
2009,Females,7,54,32627
2009,Females,7,55,33459
2009,Females,7,56,33308
2009,Females,7,57,32589
2009,Females,7,58,33319
2009,Females,7,59,34260
2009,Females,7,60,35782
2009,Females,7,61,38393
2009,Females,7,62,41556
2009,Females,7,63,32641
2009,Females,7,64,31692
2009,Females,7,65,32135
2009,Females,7,66,29721
2009,Females,7,67,26793
2009,Females,7,68,23859
2009,Females,7,69,25103
2009,Females,7,70,24951
2009,Females,7,71,24554
2009,Females,7,72,23677
2009,Females,7,73,22568
2009,Females,7,74,21965
2009,Females,7,75,20769
2009,Females,7,76,20337
2009,Females,7,77,19850
2009,Females,7,78,19647
2009,Females,7,79,18884
2009,Females,7,80,17486
2009,Females,7,81,16468
2009,Females,7,82,15550
2009,Females,7,83,14764
2009,Females,7,84,13685
2009,Females,7,85,13017
2009,Females,7,86,12145
2009,Females,7,87,11428
2009,Females,7,88,10909
2009,Females,7,89,8885
2009,Females,7,90,29776
2009,Females,8,0,27633
2009,Females,8,1,27496
2009,Females,8,2,27464
2009,Females,8,3,27311
2009,Females,8,4,26839
2009,Females,8,5,26738
2009,Females,8,6,25898
2009,Females,8,7,25636
2009,Females,8,8,26573
2009,Females,8,9,27492
2009,Females,8,10,28234
2009,Females,8,11,29106
2009,Females,8,12,29408
2009,Females,8,13,29322
2009,Females,8,14,29187
2009,Females,8,15,30713
2009,Females,8,16,30478
2009,Females,8,17,31250
2009,Females,8,18,32156
2009,Females,8,19,29771
2009,Females,8,20,28667
2009,Females,8,21,28886
2009,Females,8,22,28194
2009,Females,8,23,28133
2009,Females,8,24,28895
2009,Females,8,25,28619
2009,Females,8,26,28904
2009,Females,8,27,29300
2009,Females,8,28,30408
2009,Females,8,29,31110
2009,Females,8,30,30916
2009,Females,8,31,29697
2009,Females,8,32,29662
2009,Females,8,33,30769
2009,Females,8,34,32621
2009,Females,8,35,33865
2009,Females,8,36,35797
2009,Females,8,37,37872
2009,Females,8,38,39539
2009,Females,8,39,38639
2009,Females,8,40,40012
2009,Females,8,41,40723
2009,Females,8,42,41512
2009,Females,8,43,41908
2009,Females,8,44,42349
2009,Females,8,45,41859
2009,Females,8,46,41319
2009,Females,8,47,40311
2009,Females,8,48,38628
2009,Females,8,49,37270
2009,Females,8,50,36537
2009,Females,8,51,36184
2009,Females,8,52,34831
2009,Females,8,53,33725
2009,Females,8,54,33045
2009,Females,8,55,33607
2009,Females,8,56,33305
2009,Females,8,57,32929
2009,Females,8,58,33432
2009,Females,8,59,34852
2009,Females,8,60,35975
2009,Females,8,61,38788
2009,Females,8,62,42639
2009,Females,8,63,32777
2009,Females,8,64,32221
2009,Females,8,65,32021
2009,Females,8,66,29868
2009,Females,8,67,26588
2009,Females,8,68,24038
2009,Females,8,69,24988
2009,Females,8,70,25196
2009,Females,8,71,24376
2009,Females,8,72,23577
2009,Females,8,73,22696
2009,Females,8,74,21613
2009,Females,8,75,20724
2009,Females,8,76,20146
2009,Females,8,77,19990
2009,Females,8,78,19218
2009,Females,8,79,19149
2009,Females,8,80,17531
2009,Females,8,81,16380
2009,Females,8,82,15445
2009,Females,8,83,14690
2009,Females,8,84,13784
2009,Females,8,85,12719
2009,Females,8,86,11877
2009,Females,8,87,11000
2009,Females,8,88,10475
2009,Females,8,89,8363
2009,Females,8,90,28867
2009,Females,9,0,26192
2009,Females,9,1,27541
2009,Females,9,2,27478
2009,Females,9,3,27851
2009,Females,9,4,27160
2009,Females,9,5,27471
2009,Females,9,6,26854
2009,Females,9,7,26480
2009,Females,9,8,27698
2009,Females,9,9,28347
2009,Females,9,10,29534
2009,Females,9,11,29734
2009,Females,9,12,30163
2009,Females,9,13,30587
2009,Females,9,14,31404
2009,Females,9,15,32219
2009,Females,9,16,31727
2009,Females,9,17,32755
2009,Females,9,18,32749
2009,Females,9,19,29762
2009,Females,9,20,25891
2009,Females,9,21,25803
2009,Females,9,22,25975
2009,Females,9,23,26061
2009,Females,9,24,26281
2009,Females,9,25,25412
2009,Females,9,26,25902
2009,Females,9,27,26007
2009,Females,9,28,26885
2009,Females,9,29,28110
2009,Females,9,30,28393
2009,Females,9,31,27728
2009,Females,9,32,28423
2009,Females,9,33,29959
2009,Females,9,34,31894
2009,Females,9,35,33674
2009,Females,9,36,35950
2009,Females,9,37,38281
2009,Females,9,38,40339
2009,Females,9,39,39841
2009,Females,9,40,41026
2009,Females,9,41,41534
2009,Females,9,42,42343
2009,Females,9,43,42907
2009,Females,9,44,43283
2009,Females,9,45,43256
2009,Females,9,46,42684
2009,Females,9,47,41265
2009,Females,9,48,40431
2009,Females,9,49,38285
2009,Females,9,50,37690
2009,Females,9,51,36983
2009,Females,9,52,35709
2009,Females,9,53,34349
2009,Females,9,54,33718
2009,Females,9,55,33881
2009,Females,9,56,33725
2009,Females,9,57,33494
2009,Females,9,58,34084
2009,Females,9,59,35180
2009,Females,9,60,36695
2009,Females,9,61,39516
2009,Females,9,62,43118
2009,Females,9,63,33332
2009,Females,9,64,32887
2009,Females,9,65,33012
2009,Females,9,66,30342
2009,Females,9,67,26793
2009,Females,9,68,24105
2009,Females,9,69,25163
2009,Females,9,70,25406
2009,Females,9,71,24994
2009,Females,9,72,24008
2009,Females,9,73,22927
2009,Females,9,74,21941
2009,Females,9,75,21019
2009,Females,9,76,20121
2009,Females,9,77,20086
2009,Females,9,78,19767
2009,Females,9,79,18946
2009,Females,9,80,17630
2009,Females,9,81,16501
2009,Females,9,82,15665
2009,Females,9,83,14639
2009,Females,9,84,13286
2009,Females,9,85,12717
2009,Females,9,86,11842
2009,Females,9,87,10865
2009,Females,9,88,10112
2009,Females,9,89,8471
2009,Females,9,90,28005
2009,Females,10,0,24825
2009,Females,10,1,26844
2009,Females,10,2,27548
2009,Females,10,3,27641
2009,Females,10,4,28346
2009,Females,10,5,28813
2009,Females,10,6,28485
2009,Females,10,7,28201
2009,Females,10,8,29773
2009,Females,10,9,30451
2009,Females,10,10,31542
2009,Females,10,11,32239
2009,Females,10,12,32621
2009,Females,10,13,32193
2009,Females,10,14,32717
2009,Females,10,15,33654
2009,Females,10,16,32818
2009,Females,10,17,32841
2009,Females,10,18,33015
2009,Females,10,19,26655
2009,Females,10,20,22443
2009,Females,10,21,23009
2009,Females,10,22,23132
2009,Females,10,23,22721
2009,Females,10,24,22173
2009,Females,10,25,20870
2009,Females,10,26,20640
2009,Females,10,27,20984
2009,Females,10,28,21673
2009,Females,10,29,22947
2009,Females,10,30,24187
2009,Females,10,31,24173
2009,Females,10,32,25352
2009,Females,10,33,27243
2009,Females,10,34,29819
2009,Females,10,35,32187
2009,Females,10,36,34998
2009,Females,10,37,37583
2009,Females,10,38,40075
2009,Females,10,39,39195
2009,Females,10,40,41063
2009,Females,10,41,41875
2009,Females,10,42,43311
2009,Females,10,43,44149
2009,Females,10,44,45224
2009,Females,10,45,45392
2009,Females,10,46,44203
2009,Females,10,47,43155
2009,Females,10,48,41879
2009,Females,10,49,39712
2009,Females,10,50,38968
2009,Females,10,51,38293
2009,Females,10,52,36461
2009,Females,10,53,35239
2009,Females,10,54,34415
2009,Females,10,55,34494
2009,Females,10,56,34444
2009,Females,10,57,33977
2009,Females,10,58,34266
2009,Females,10,59,35514
2009,Females,10,60,37153
2009,Females,10,61,39745
2009,Females,10,62,43580
2009,Females,10,63,33686
2009,Females,10,64,32813
2009,Females,10,65,32836
2009,Females,10,66,30241
2009,Females,10,67,26202
2009,Females,10,68,23890
2009,Females,10,69,25136
2009,Females,10,70,25426
2009,Females,10,71,24717
2009,Females,10,72,24122
2009,Females,10,73,23381
2009,Females,10,74,22497
2009,Females,10,75,21063
2009,Females,10,76,20083
2009,Females,10,77,20056
2009,Females,10,78,19905
2009,Females,10,79,18890
2009,Females,10,80,17509
2009,Females,10,81,16277
2009,Females,10,82,15232
2009,Females,10,83,14388
2009,Females,10,84,13121
2009,Females,10,85,12087
2009,Females,10,86,11252
2009,Females,10,87,10380
2009,Females,10,88,9561
2009,Females,10,89,7729
2009,Females,10,90,25990
2010,Females,1,0,44655
2010,Females,1,1,43899
2010,Females,1,2,43547
2010,Females,1,3,41681
2010,Females,1,4,40410
2010,Females,1,5,38495
2010,Females,1,6,36690
2010,Females,1,7,34995
2010,Females,1,8,33736
2010,Females,1,9,34127
2010,Females,1,10,34082
2010,Females,1,11,34790
2010,Females,1,12,34898
2010,Females,1,13,36431
2010,Females,1,14,35411
2010,Females,1,15,34664
2010,Females,1,16,35535
2010,Females,1,17,36647
2010,Females,1,18,37592
2010,Females,1,19,39271
2010,Females,1,20,40649
2010,Females,1,21,42346
2010,Females,1,22,44904
2010,Females,1,23,45055
2010,Females,1,24,45003
2010,Females,1,25,46075
2010,Females,1,26,45386
2010,Females,1,27,44818
2010,Females,1,28,44131
2010,Females,1,29,43052
2010,Females,1,30,42432
2010,Females,1,31,38749
2010,Females,1,32,35311
2010,Females,1,33,34120
2010,Females,1,34,34718
2010,Females,1,35,33829
2010,Females,1,36,34103
2010,Females,1,37,35371
2010,Females,1,38,36329
2010,Females,1,39,37310
2010,Females,1,40,36249
2010,Females,1,41,36760
2010,Females,1,42,35729
2010,Females,1,43,35909
2010,Females,1,44,35124
2010,Females,1,45,35750
2010,Females,1,46,34678
2010,Females,1,47,34228
2010,Females,1,48,33551
2010,Females,1,49,31601
2010,Females,1,50,30581
2010,Females,1,51,29471
2010,Females,1,52,29055
2010,Females,1,53,28055
2010,Females,1,54,26653
2010,Females,1,55,25227
2010,Females,1,56,25155
2010,Females,1,57,24465
2010,Females,1,58,23806
2010,Females,1,59,23284
2010,Females,1,60,23601
2010,Females,1,61,23522
2010,Females,1,62,24298
2010,Females,1,63,25535
2010,Females,1,64,19982
2010,Females,1,65,19491
2010,Females,1,66,19183
2010,Females,1,67,19021
2010,Females,1,68,17781
2010,Females,1,69,17038
2010,Females,1,70,17845
2010,Females,1,71,17806
2010,Females,1,72,17610
2010,Females,1,73,16900
2010,Females,1,74,16415
2010,Females,1,75,15810
2010,Females,1,76,14975
2010,Females,1,77,14443
2010,Females,1,78,14529
2010,Females,1,79,13950
2010,Females,1,80,13618
2010,Females,1,81,12310
2010,Females,1,82,11628
2010,Females,1,83,11014
2010,Females,1,84,10446
2010,Females,1,85,9524
2010,Females,1,86,8674
2010,Females,1,87,7671
2010,Females,1,88,7249
2010,Females,1,89,6550
2010,Females,1,90,21506
2010,Females,2,0,41097
2010,Females,2,1,40477
2010,Females,2,2,39976
2010,Females,2,3,37708
2010,Females,2,4,36752
2010,Females,2,5,34787
2010,Females,2,6,33446
2010,Females,2,7,31922
2010,Females,2,8,31524
2010,Females,2,9,31560
2010,Females,2,10,32057
2010,Females,2,11,32333
2010,Females,2,12,32716
2010,Females,2,13,33836
2010,Females,2,14,33181
2010,Females,2,15,32349
2010,Females,2,16,33697
2010,Females,2,17,34456
2010,Females,2,18,37388
2010,Females,2,19,40397
2010,Females,2,20,41421
2010,Females,2,21,41798
2010,Females,2,22,44350
2010,Females,2,23,45249
2010,Females,2,24,45735
2010,Females,2,25,47774
2010,Females,2,26,46801
2010,Females,2,27,47203
2010,Females,2,28,46932
2010,Females,2,29,46407
2010,Females,2,30,45392
2010,Females,2,31,41804
2010,Females,2,32,38379
2010,Females,2,33,36794
2010,Females,2,34,37501
2010,Females,2,35,37108
2010,Females,2,36,36428
2010,Females,2,37,37481
2010,Females,2,38,38262
2010,Females,2,39,39011
2010,Females,2,40,38199
2010,Females,2,41,38400
2010,Females,2,42,37895
2010,Females,2,43,37764
2010,Females,2,44,37906
2010,Females,2,45,37385
2010,Females,2,46,36329
2010,Females,2,47,35605
2010,Females,2,48,34657
2010,Females,2,49,33204
2010,Females,2,50,31912
2010,Females,2,51,30796
2010,Females,2,52,29330
2010,Females,2,53,28422
2010,Females,2,54,27255
2010,Females,2,55,26056
2010,Females,2,56,25785
2010,Females,2,57,24891
2010,Females,2,58,24192
2010,Females,2,59,23944
2010,Females,2,60,24551
2010,Females,2,61,24498
2010,Females,2,62,25094
2010,Females,2,63,27011
2010,Females,2,64,21502
2010,Females,2,65,20432
2010,Females,2,66,20405
2010,Females,2,67,19895
2010,Females,2,68,18448
2010,Females,2,69,17259
2010,Females,2,70,18185
2010,Females,2,71,18178
2010,Females,2,72,17824
2010,Females,2,73,17287
2010,Females,2,74,16592
2010,Females,2,75,16184
2010,Females,2,76,15296
2010,Females,2,77,15046
2010,Females,2,78,15183
2010,Females,2,79,15037
2010,Females,2,80,14218
2010,Females,2,81,13349
2010,Females,2,82,12426
2010,Females,2,83,11986
2010,Females,2,84,11188
2010,Females,2,85,10378
2010,Females,2,86,9441
2010,Females,2,87,8672
2010,Females,2,88,8185
2010,Females,2,89,7383
2010,Females,2,90,23630
2010,Females,3,0,38072
2010,Females,3,1,36733
2010,Females,3,2,36251
2010,Females,3,3,34510
2010,Females,3,4,33297
2010,Females,3,5,31137
2010,Females,3,6,29909
2010,Females,3,7,29081
2010,Females,3,8,28069
2010,Females,3,9,28444
2010,Females,3,10,28901
2010,Females,3,11,29926
2010,Females,3,12,30017
2010,Females,3,13,31247
2010,Females,3,14,31042
2010,Females,3,15,30584
2010,Females,3,16,31463
2010,Females,3,17,32843
2010,Females,3,18,36488
2010,Females,3,19,41378
2010,Females,3,20,43018
2010,Females,3,21,42558
2010,Females,3,22,43970
2010,Females,3,23,44750
2010,Females,3,24,46387
2010,Females,3,25,47159
2010,Females,3,26,46721
2010,Females,3,27,47202
2010,Females,3,28,47099
2010,Females,3,29,46342
2010,Females,3,30,45514
2010,Females,3,31,42617
2010,Females,3,32,38633
2010,Females,3,33,36799
2010,Females,3,34,37425
2010,Females,3,35,36742
2010,Females,3,36,36505
2010,Females,3,37,37340
2010,Females,3,38,38338
2010,Females,3,39,38792
2010,Females,3,40,37898
2010,Females,3,41,38664
2010,Females,3,42,37795
2010,Females,3,43,37863
2010,Females,3,44,38158
2010,Females,3,45,37484
2010,Females,3,46,36967
2010,Females,3,47,36300
2010,Females,3,48,35051
2010,Females,3,49,33720
2010,Females,3,50,32558
2010,Females,3,51,31300
2010,Females,3,52,30791
2010,Females,3,53,29519
2010,Females,3,54,28308
2010,Females,3,55,27527
2010,Females,3,56,27312
2010,Females,3,57,26430
2010,Females,3,58,25964
2010,Females,3,59,25935
2010,Females,3,60,26315
2010,Females,3,61,26612
2010,Females,3,62,27739
2010,Females,3,63,29348
2010,Females,3,64,23117
2010,Females,3,65,22504
2010,Females,3,66,22397
2010,Females,3,67,21492
2010,Females,3,68,19727
2010,Females,3,69,18266
2010,Females,3,70,19267
2010,Females,3,71,19166
2010,Females,3,72,19086
2010,Females,3,73,18537
2010,Females,3,74,17750
2010,Females,3,75,17395
2010,Females,3,76,16405
2010,Females,3,77,16189
2010,Females,3,78,16020
2010,Females,3,79,15951
2010,Females,3,80,15054
2010,Females,3,81,14248
2010,Females,3,82,13273
2010,Females,3,83,12399
2010,Females,3,84,11795
2010,Females,3,85,10999
2010,Females,3,86,10256
2010,Females,3,87,9351
2010,Females,3,88,8798
2010,Females,3,89,8022
2010,Females,3,90,26258
2010,Females,4,0,34848
2010,Females,4,1,33551
2010,Females,4,2,33424
2010,Females,4,3,31261
2010,Females,4,4,30647
2010,Females,4,5,28893
2010,Females,4,6,28337
2010,Females,4,7,26667
2010,Females,4,8,26299
2010,Females,4,9,26407
2010,Females,4,10,27347
2010,Females,4,11,28422
2010,Females,4,12,28892
2010,Females,4,13,29620
2010,Females,4,14,29636
2010,Females,4,15,29918
2010,Females,4,16,30476
2010,Females,4,17,31180
2010,Females,4,18,34570
2010,Females,4,19,39450
2010,Females,4,20,43015
2010,Females,4,21,42077
2010,Females,4,22,41944
2010,Females,4,23,40782
2010,Females,4,24,43329
2010,Females,4,25,43142
2010,Females,4,26,42514
2010,Females,4,27,42935
2010,Females,4,28,42910
2010,Females,4,29,43297
2010,Females,4,30,42897
2010,Females,4,31,40381
2010,Females,4,32,36924
2010,Females,4,33,35771
2010,Females,4,34,35980
2010,Females,4,35,35781
2010,Females,4,36,35893
2010,Females,4,37,36851
2010,Females,4,38,38462
2010,Females,4,39,39076
2010,Females,4,40,37526
2010,Females,4,41,38555
2010,Females,4,42,38096
2010,Females,4,43,38267
2010,Females,4,44,38570
2010,Females,4,45,38437
2010,Females,4,46,37755
2010,Females,4,47,37067
2010,Females,4,48,36199
2010,Females,4,49,34654
2010,Females,4,50,33862
2010,Females,4,51,33033
2010,Females,4,52,32163
2010,Females,4,53,31208
2010,Females,4,54,30159
2010,Females,4,55,28960
2010,Females,4,56,29327
2010,Females,4,57,28717
2010,Females,4,58,27934
2010,Females,4,59,28436
2010,Females,4,60,29329
2010,Females,4,61,29696
2010,Females,4,62,31293
2010,Females,4,63,33276
2010,Females,4,64,26449
2010,Females,4,65,25603
2010,Females,4,66,25343
2010,Females,4,67,23927
2010,Females,4,68,22117
2010,Females,4,69,20695
2010,Females,4,70,21255
2010,Females,4,71,21037
2010,Females,4,72,20431
2010,Females,4,73,19645
2010,Females,4,74,18999
2010,Females,4,75,18512
2010,Females,4,76,17523
2010,Females,4,77,17325
2010,Females,4,78,17176
2010,Females,4,79,17229
2010,Females,4,80,16231
2010,Females,4,81,15159
2010,Females,4,82,14198
2010,Females,4,83,13442
2010,Females,4,84,12578
2010,Females,4,85,11812
2010,Females,4,86,10901
2010,Females,4,87,9945
2010,Females,4,88,9304
2010,Females,4,89,8630
2010,Females,4,90,28206
2010,Females,5,0,31691
2010,Females,5,1,30634
2010,Females,5,2,30599
2010,Females,5,3,28999
2010,Females,5,4,28527
2010,Females,5,5,27317
2010,Females,5,6,27046
2010,Females,5,7,25884
2010,Females,5,8,25666
2010,Females,5,9,26315
2010,Females,5,10,27023
2010,Females,5,11,28244
2010,Females,5,12,28325
2010,Females,5,13,29430
2010,Females,5,14,29202
2010,Females,5,15,29270
2010,Females,5,16,30053
2010,Females,5,17,30643
2010,Females,5,18,32146
2010,Females,5,19,34241
2010,Females,5,20,35457
2010,Females,5,21,35281
2010,Females,5,22,35777
2010,Females,5,23,36212
2010,Females,5,24,37507
2010,Females,5,25,38060
2010,Females,5,26,37188
2010,Females,5,27,38138
2010,Females,5,28,38203
2010,Females,5,29,39177
2010,Females,5,30,38608
2010,Females,5,31,36973
2010,Females,5,32,34206
2010,Females,5,33,33590
2010,Females,5,34,34241
2010,Females,5,35,34277
2010,Females,5,36,34691
2010,Females,5,37,35968
2010,Females,5,38,37709
2010,Females,5,39,38963
2010,Females,5,40,37529
2010,Females,5,41,38909
2010,Females,5,42,38777
2010,Females,5,43,38997
2010,Females,5,44,39168
2010,Females,5,45,39613
2010,Females,5,46,39202
2010,Females,5,47,38379
2010,Females,5,48,37679
2010,Females,5,49,36359
2010,Females,5,50,34973
2010,Females,5,51,34693
2010,Females,5,52,33660
2010,Females,5,53,32501
2010,Females,5,54,31832
2010,Females,5,55,30962
2010,Females,5,56,31276
2010,Females,5,57,31197
2010,Females,5,58,30337
2010,Females,5,59,30556
2010,Females,5,60,31582
2010,Females,5,61,31860
2010,Females,5,62,34147
2010,Females,5,63,37388
2010,Females,5,64,29261
2010,Females,5,65,28580
2010,Females,5,66,28094
2010,Females,5,67,26757
2010,Females,5,68,24131
2010,Females,5,69,21895
2010,Females,5,70,23093
2010,Females,5,71,22900
2010,Females,5,72,22616
2010,Females,5,73,21542
2010,Females,5,74,21090
2010,Females,5,75,20003
2010,Females,5,76,19161
2010,Females,5,77,18683
2010,Females,5,78,18764
2010,Females,5,79,18244
2010,Females,5,80,17555
2010,Females,5,81,16266
2010,Females,5,82,15073
2010,Females,5,83,14184
2010,Females,5,84,13376
2010,Females,5,85,12692
2010,Females,5,86,11544
2010,Females,5,87,10806
2010,Females,5,88,9865
2010,Females,5,89,9256
2010,Females,5,90,30579
2010,Females,6,0,30566
2010,Females,6,1,29633
2010,Females,6,2,30006
2010,Females,6,3,28730
2010,Females,6,4,28312
2010,Females,6,5,27149
2010,Females,6,6,26487
2010,Females,6,7,25987
2010,Females,6,8,25300
2010,Females,6,9,26479
2010,Females,6,10,27108
2010,Females,6,11,28068
2010,Females,6,12,28432
2010,Females,6,13,29300
2010,Females,6,14,29098
2010,Females,6,15,29608
2010,Females,6,16,30567
2010,Females,6,17,30787
2010,Females,6,18,30872
2010,Females,6,19,30418
2010,Females,6,20,30427
2010,Females,6,21,30863
2010,Females,6,22,32373
2010,Females,6,23,33137
2010,Females,6,24,34233
2010,Females,6,25,34374
2010,Females,6,26,34307
2010,Females,6,27,35032
2010,Females,6,28,35743
2010,Females,6,29,37173
2010,Females,6,30,36502
2010,Females,6,31,35491
2010,Females,6,32,33107
2010,Females,6,33,32676
2010,Females,6,34,32796
2010,Females,6,35,34299
2010,Females,6,36,35129
2010,Females,6,37,36669
2010,Females,6,38,37903
2010,Females,6,39,39550
2010,Females,6,40,38514
2010,Females,6,41,39588
2010,Females,6,42,39522
2010,Females,6,43,40427
2010,Females,6,44,40895
2010,Females,6,45,40578
2010,Females,6,46,40571
2010,Females,6,47,39788
2010,Females,6,48,39042
2010,Females,6,49,37384
2010,Females,6,50,36101
2010,Females,6,51,35702
2010,Females,6,52,34891
2010,Females,6,53,33978
2010,Females,6,54,33209
2010,Females,6,55,32158
2010,Females,6,56,32409
2010,Females,6,57,32307
2010,Females,6,58,31871
2010,Females,6,59,32200
2010,Females,6,60,33077
2010,Females,6,61,34036
2010,Females,6,62,36894
2010,Females,6,63,39845
2010,Females,6,64,31235
2010,Females,6,65,30667
2010,Females,6,66,30436
2010,Females,6,67,28587
2010,Females,6,68,25632
2010,Females,6,69,22923
2010,Females,6,70,24111
2010,Females,6,71,24031
2010,Females,6,72,23230
2010,Females,6,73,22423
2010,Females,6,74,21959
2010,Females,6,75,21135
2010,Females,6,76,19744
2010,Females,6,77,19341
2010,Females,6,78,19202
2010,Females,6,79,18730
2010,Females,6,80,17793
2010,Females,6,81,17040
2010,Females,6,82,15584
2010,Females,6,83,14659
2010,Females,6,84,13784
2010,Females,6,85,12918
2010,Females,6,86,11907
2010,Females,6,87,11140
2010,Females,6,88,10245
2010,Females,6,89,9487
2010,Females,6,90,31525
2010,Females,7,0,28063
2010,Females,7,1,27927
2010,Females,7,2,28182
2010,Females,7,3,27608
2010,Females,7,4,27270
2010,Females,7,5,26463
2010,Females,7,6,26550
2010,Females,7,7,25941
2010,Females,7,8,25513
2010,Females,7,9,26394
2010,Females,7,10,27167
2010,Females,7,11,27887
2010,Females,7,12,28449
2010,Females,7,13,29542
2010,Females,7,14,29246
2010,Females,7,15,29609
2010,Females,7,16,30901
2010,Females,7,17,30290
2010,Females,7,18,31218
2010,Females,7,19,31167
2010,Females,7,20,30206
2010,Females,7,21,30295
2010,Females,7,22,31146
2010,Females,7,23,30291
2010,Females,7,24,30922
2010,Females,7,25,30726
2010,Females,7,26,30559
2010,Females,7,27,31292
2010,Females,7,28,31560
2010,Females,7,29,32795
2010,Females,7,30,33368
2010,Females,7,31,32596
2010,Females,7,32,31015
2010,Females,7,33,30748
2010,Females,7,34,31926
2010,Females,7,35,32994
2010,Females,7,36,34181
2010,Females,7,37,35748
2010,Females,7,38,37601
2010,Females,7,39,39173
2010,Females,7,40,38808
2010,Females,7,41,39889
2010,Females,7,42,40180
2010,Females,7,43,40918
2010,Females,7,44,41184
2010,Females,7,45,41705
2010,Females,7,46,41635
2010,Females,7,47,40317
2010,Females,7,48,39680
2010,Females,7,49,38772
2010,Females,7,50,37355
2010,Females,7,51,36413
2010,Females,7,52,35992
2010,Females,7,53,34831
2010,Females,7,54,33809
2010,Females,7,55,32558
2010,Females,7,56,33425
2010,Females,7,57,33313
2010,Females,7,58,32512
2010,Females,7,59,33246
2010,Females,7,60,34222
2010,Females,7,61,35715
2010,Females,7,62,38265
2010,Females,7,63,41494
2010,Females,7,64,32401
2010,Females,7,65,31553
2010,Females,7,66,32029
2010,Females,7,67,29492
2010,Females,7,68,26607
2010,Females,7,69,23681
2010,Females,7,70,24779
2010,Females,7,71,24739
2010,Females,7,72,24196
2010,Females,7,73,23402
2010,Females,7,74,22276
2010,Females,7,75,21551
2010,Females,7,76,20364
2010,Females,7,77,19804
2010,Females,7,78,19351
2010,Females,7,79,18947
2010,Females,7,80,18416
2010,Females,7,81,16796
2010,Females,7,82,15752
2010,Females,7,83,14645
2010,Females,7,84,13831
2010,Females,7,85,12888
2010,Females,7,86,12058
2010,Females,7,87,11006
2010,Females,7,88,10263
2010,Females,7,89,9675
2010,Females,7,90,31928
2010,Females,8,0,27514
2010,Females,8,1,27735
2010,Females,8,2,28048
2010,Females,8,3,27703
2010,Females,8,4,27765
2010,Females,8,5,26987
2010,Females,8,6,26929
2010,Females,8,7,26190
2010,Females,8,8,25925
2010,Females,8,9,26826
2010,Females,8,10,27837
2010,Females,8,11,28425
2010,Females,8,12,29365
2010,Females,8,13,29723
2010,Females,8,14,29485
2010,Females,8,15,29473
2010,Females,8,16,31041
2010,Females,8,17,30648
2010,Females,8,18,31190
2010,Females,8,19,30343
2010,Females,8,20,28799
2010,Females,8,21,28905
2010,Females,8,22,29692
2010,Females,8,23,28547
2010,Females,8,24,28706
2010,Females,8,25,28911
2010,Females,8,26,29261
2010,Females,8,27,29439
2010,Females,8,28,29999
2010,Females,8,29,31322
2010,Females,8,30,31578
2010,Females,8,31,31486
2010,Females,8,32,30119
2010,Females,8,33,30032
2010,Females,8,34,31332
2010,Females,8,35,33173
2010,Females,8,36,34304
2010,Females,8,37,36150
2010,Females,8,38,38025
2010,Females,8,39,39729
2010,Females,8,40,38870
2010,Females,8,41,40273
2010,Females,8,42,40758
2010,Females,8,43,41650
2010,Females,8,44,41969
2010,Females,8,45,42276
2010,Females,8,46,41886
2010,Females,8,47,41290
2010,Females,8,48,40310
2010,Females,8,49,38745
2010,Females,8,50,37216
2010,Females,8,51,36469
2010,Females,8,52,36138
2010,Females,8,53,34792
2010,Females,8,54,33661
2010,Females,8,55,33031
2010,Females,8,56,33599
2010,Females,8,57,33283
2010,Females,8,58,32840
2010,Females,8,59,33363
2010,Females,8,60,34565
2010,Females,8,61,35877
2010,Females,8,62,38546
2010,Females,8,63,42481
2010,Females,8,64,32650
2010,Females,8,65,32143
2010,Females,8,66,31830
2010,Females,8,67,29621
2010,Females,8,68,26425
2010,Females,8,69,23715
2010,Females,8,70,24726
2010,Females,8,71,24876
2010,Females,8,72,24172
2010,Females,8,73,23248
2010,Females,8,74,22396
2010,Females,8,75,21283
2010,Females,8,76,20275
2010,Females,8,77,19762
2010,Females,8,78,19506
2010,Females,8,79,18698
2010,Females,8,80,18351
2010,Females,8,81,16830
2010,Females,8,82,15634
2010,Females,8,83,14717
2010,Females,8,84,13875
2010,Females,8,85,12799
2010,Females,8,86,11689
2010,Females,8,87,10859
2010,Females,8,88,9961
2010,Females,8,89,9404
2010,Females,8,90,31060
2010,Females,9,0,26692
2010,Females,9,1,26741
2010,Females,9,2,28004
2010,Females,9,3,27996
2010,Females,9,4,28283
2010,Females,9,5,27464
2010,Females,9,6,27710
2010,Females,9,7,27020
2010,Females,9,8,26676
2010,Females,9,9,27759
2010,Females,9,10,28540
2010,Females,9,11,29756
2010,Females,9,12,30113
2010,Females,9,13,30479
2010,Females,9,14,30887
2010,Females,9,15,31712
2010,Females,9,16,32516
2010,Females,9,17,31980
2010,Females,9,18,32726
2010,Females,9,19,30816
2010,Females,9,20,25544
2010,Females,9,21,25987
2010,Females,9,22,26858
2010,Females,9,23,26232
2010,Females,9,24,26307
2010,Females,9,25,25959
2010,Females,9,26,25622
2010,Females,9,27,26403
2010,Females,9,28,26907
2010,Females,9,29,27638
2010,Females,9,30,29359
2010,Females,9,31,29299
2010,Females,9,32,28565
2010,Females,9,33,29134
2010,Females,9,34,30708
2010,Females,9,35,32612
2010,Females,9,36,34067
2010,Females,9,37,36387
2010,Females,9,38,38551
2010,Females,9,39,40615
2010,Females,9,40,40091
2010,Females,9,41,41212
2010,Females,9,42,41705
2010,Females,9,43,42392
2010,Females,9,44,42966
2010,Females,9,45,43429
2010,Females,9,46,43188
2010,Females,9,47,42538
2010,Females,9,48,41159
2010,Females,9,49,40325
2010,Females,9,50,38116
2010,Females,9,51,37478
2010,Females,9,52,36847
2010,Females,9,53,35580
2010,Females,9,54,34273
2010,Females,9,55,33575
2010,Females,9,56,33872
2010,Females,9,57,33533
2010,Females,9,58,33378
2010,Females,9,59,34006
2010,Females,9,60,34922
2010,Females,9,61,36536
2010,Females,9,62,39298
2010,Females,9,63,43043
2010,Females,9,64,33136
2010,Females,9,65,32794
2010,Females,9,66,32902
2010,Females,9,67,30251
2010,Females,9,68,26634
2010,Females,9,69,23841
2010,Females,9,70,24989
2010,Females,9,71,25205
2010,Females,9,72,24742
2010,Females,9,73,23743
2010,Females,9,74,22567
2010,Females,9,75,21625
2010,Females,9,76,20690
2010,Females,9,77,19676
2010,Females,9,78,19606
2010,Females,9,79,19279
2010,Females,9,80,18314
2010,Females,9,81,17050
2010,Females,9,82,15823
2010,Females,9,83,14893
2010,Females,9,84,13841
2010,Females,9,85,12464
2010,Females,9,86,11872
2010,Females,9,87,10848
2010,Females,9,88,9866
2010,Females,9,89,9033
2010,Females,9,90,30021
2010,Females,10,0,24662
2010,Females,10,1,25772
2010,Females,10,2,27862
2010,Females,10,3,28643
2010,Females,10,4,28465
2010,Females,10,5,28729
2010,Females,10,6,29207
2010,Females,10,7,28944
2010,Females,10,8,28444
2010,Females,10,9,30098
2010,Females,10,10,30720
2010,Females,10,11,31972
2010,Females,10,12,32537
2010,Females,10,13,32682
2010,Females,10,14,32281
2010,Females,10,15,32886
2010,Females,10,16,33869
2010,Females,10,17,32922
2010,Females,10,18,31991
2010,Females,10,19,27675
2010,Females,10,20,21743
2010,Females,10,21,22632
2010,Females,10,22,24174
2010,Females,10,23,23283
2010,Females,10,24,22128
2010,Females,10,25,21778
2010,Females,10,26,20553
2010,Females,10,27,20820
2010,Females,10,28,21525
2010,Females,10,29,22458
2010,Females,10,30,24636
2010,Females,10,31,25157
2010,Females,10,32,25189
2010,Females,10,33,26431
2010,Females,10,34,28325
2010,Females,10,35,30961
2010,Females,10,36,33222
2010,Females,10,37,35657
2010,Females,10,38,38194
2010,Females,10,39,40742
2010,Females,10,40,39895
2010,Females,10,41,41360
2010,Females,10,42,42306
2010,Females,10,43,43504
2010,Females,10,44,44178
2010,Females,10,45,45156
2010,Females,10,46,45328
2010,Females,10,47,44042
2010,Females,10,48,42837
2010,Females,10,49,41652
2010,Females,10,50,39404
2010,Females,10,51,38787
2010,Females,10,52,37914
2010,Females,10,53,36118
2010,Females,10,54,35063
2010,Females,10,55,34219
2010,Females,10,56,34297
2010,Females,10,57,34219
2010,Females,10,58,33684
2010,Females,10,59,34078
2010,Females,10,60,35396
2010,Females,10,61,36886
2010,Females,10,62,39503
2010,Females,10,63,43539
2010,Females,10,64,33385
2010,Females,10,65,32580
2010,Females,10,66,32705
2010,Females,10,67,30036
2010,Females,10,68,26043
2010,Females,10,69,23781
2010,Females,10,70,24850
2010,Females,10,71,25327
2010,Females,10,72,24505
2010,Females,10,73,23837
2010,Females,10,74,23099
2010,Females,10,75,22232
2010,Females,10,76,20737
2010,Females,10,77,19639
2010,Females,10,78,19618
2010,Females,10,79,19367
2010,Females,10,80,18263
2010,Females,10,81,16888
2010,Females,10,82,15665
2010,Females,10,83,14442
2010,Females,10,84,13567
2010,Females,10,85,12115
2010,Females,10,86,11227
2010,Females,10,87,10349
2010,Females,10,88,9509
2010,Females,10,89,8545
2010,Females,10,90,28046
2011,Females,1,0,45111
2011,Females,1,1,44200
2011,Females,1,2,43583
2011,Females,1,3,43084
2011,Females,1,4,41325
2011,Females,1,5,40222
2011,Females,1,6,37853
2011,Females,1,7,36143
2011,Females,1,8,34547
2011,Females,1,9,33385
2011,Females,1,10,34024
2011,Females,1,11,33842
2011,Females,1,12,34638
2011,Females,1,13,34875
2011,Females,1,14,36398
2011,Females,1,15,35380
2011,Females,1,16,34969
2011,Females,1,17,36118
2011,Females,1,18,37844
2011,Females,1,19,40310
2011,Females,1,20,41747
2011,Females,1,21,41676
2011,Females,1,22,43260
2011,Females,1,23,45274
2011,Females,1,24,45744
2011,Females,1,25,46011
2011,Females,1,26,45895
2011,Females,1,27,44741
2011,Females,1,28,44375
2011,Females,1,29,43645
2011,Females,1,30,42718
2011,Females,1,31,41869
2011,Females,1,32,38468
2011,Females,1,33,35153
2011,Females,1,34,33873
2011,Females,1,35,34240
2011,Females,1,36,33600
2011,Females,1,37,33781
2011,Females,1,38,34990
2011,Females,1,39,36041
2011,Females,1,40,36997
2011,Females,1,41,36056
2011,Females,1,42,36515
2011,Females,1,43,35497
2011,Females,1,44,35558
2011,Females,1,45,35009
2011,Females,1,46,35444
2011,Females,1,47,34537
2011,Females,1,48,33981
2011,Females,1,49,33383
2011,Females,1,50,31784
2011,Females,1,51,30544
2011,Females,1,52,29357
2011,Females,1,53,28815
2011,Females,1,54,27836
2011,Females,1,55,26367
2011,Females,1,56,25132
2011,Females,1,57,24891
2011,Females,1,58,24208
2011,Females,1,59,23609
2011,Females,1,60,22972
2011,Females,1,61,23211
2011,Females,1,62,23094
2011,Females,1,63,23934
2011,Females,1,64,25149
2011,Females,1,65,19557
2011,Females,1,66,19047
2011,Females,1,67,18871
2011,Females,1,68,18684
2011,Females,1,69,17354
2011,Females,1,70,16448
2011,Females,1,71,17334
2011,Females,1,72,17279
2011,Females,1,73,17119
2011,Females,1,74,16345
2011,Females,1,75,15873
2011,Females,1,76,15173
2011,Females,1,77,14256
2011,Females,1,78,13750
2011,Females,1,79,13809
2011,Females,1,80,13255
2011,Females,1,81,12656
2011,Females,1,82,11449
2011,Females,1,83,10695
2011,Females,1,84,10079
2011,Females,1,85,9205
2011,Females,1,86,8533
2011,Females,1,87,7714
2011,Females,1,88,6775
2011,Females,1,89,6261
2011,Females,1,90,22495
2011,Females,2,0,41981
2011,Females,2,1,40922
2011,Females,2,2,39970
2011,Females,2,3,39835
2011,Females,2,4,37469
2011,Females,2,5,36565
2011,Females,2,6,34424
2011,Females,2,7,33194
2011,Females,2,8,31674
2011,Females,2,9,31275
2011,Females,2,10,31632
2011,Females,2,11,32110
2011,Females,2,12,32424
2011,Females,2,13,32691
2011,Females,2,14,34008
2011,Females,2,15,33375
2011,Females,2,16,32873
2011,Females,2,17,34462
2011,Females,2,18,35827
2011,Females,2,19,41020
2011,Females,2,20,43578
2011,Females,2,21,43373
2011,Females,2,22,44000
2011,Females,2,23,46283
2011,Females,2,24,46896
2011,Females,2,25,47514
2011,Females,2,26,48330
2011,Females,2,27,47380
2011,Females,2,28,47543
2011,Females,2,29,47122
2011,Females,2,30,46045
2011,Females,2,31,45185
2011,Females,2,32,41774
2011,Females,2,33,38136
2011,Females,2,34,36581
2011,Females,2,35,37039
2011,Females,2,36,36740
2011,Females,2,37,36051
2011,Females,2,38,37334
2011,Females,2,39,38026
2011,Females,2,40,39012
2011,Females,2,41,38025
2011,Females,2,42,38136
2011,Females,2,43,37777
2011,Females,2,44,37459
2011,Females,2,45,37533
2011,Females,2,46,37199
2011,Females,2,47,36094
2011,Females,2,48,35523
2011,Females,2,49,34474
2011,Females,2,50,33318
2011,Females,2,51,31799
2011,Females,2,52,30740
2011,Females,2,53,29279
2011,Females,2,54,28405
2011,Females,2,55,27239
2011,Females,2,56,25974
2011,Females,2,57,25619
2011,Females,2,58,24892
2011,Females,2,59,23985
2011,Females,2,60,23733
2011,Females,2,61,24299
2011,Females,2,62,24262
2011,Females,2,63,24775
2011,Females,2,64,26695
2011,Females,2,65,20892
2011,Females,2,66,20084
2011,Females,2,67,20093
2011,Females,2,68,19562
2011,Females,2,69,18150
2011,Females,2,70,16903
2011,Females,2,71,17795
2011,Females,2,72,17773
2011,Females,2,73,17361
2011,Females,2,74,16796
2011,Females,2,75,16122
2011,Females,2,76,15696
2011,Females,2,77,14687
2011,Females,2,78,14488
2011,Females,2,79,14519
2011,Females,2,80,14344
2011,Females,2,81,13535
2011,Females,2,82,12503
2011,Females,2,83,11537
2011,Females,2,84,10992
2011,Females,2,85,10311
2011,Females,2,86,9407
2011,Females,2,87,8432
2011,Females,2,88,7648
2011,Females,2,89,7117
2011,Females,2,90,25040
2011,Females,3,0,38949
2011,Females,3,1,37670
2011,Females,3,2,36519
2011,Females,3,3,36067
2011,Females,3,4,34579
2011,Females,3,5,33495
2011,Females,3,6,31089
2011,Females,3,7,29850
2011,Females,3,8,28944
2011,Females,3,9,28022
2011,Females,3,10,28601
2011,Females,3,11,28951
2011,Females,3,12,29911
2011,Females,3,13,30251
2011,Females,3,14,31341
2011,Females,3,15,31340
2011,Females,3,16,30943
2011,Females,3,17,31998
2011,Females,3,18,34329
2011,Females,3,19,41882
2011,Females,3,20,45392
2011,Females,3,21,45046
2011,Females,3,22,44134
2011,Females,3,23,46232
2011,Females,3,24,46490
2011,Females,3,25,47460
2011,Females,3,26,48093
2011,Females,3,27,47285
2011,Females,3,28,47811
2011,Females,3,29,47555
2011,Females,3,30,45980
2011,Females,3,31,45473
2011,Females,3,32,42271
2011,Females,3,33,38298
2011,Females,3,34,36707
2011,Females,3,35,36864
2011,Females,3,36,36348
2011,Females,3,37,36132
2011,Females,3,38,37047
2011,Females,3,39,37902
2011,Females,3,40,38623
2011,Females,3,41,37711
2011,Females,3,42,38413
2011,Females,3,43,37649
2011,Females,3,44,37794
2011,Females,3,45,37777
2011,Females,3,46,37443
2011,Females,3,47,37018
2011,Females,3,48,36208
2011,Females,3,49,35019
2011,Females,3,50,33757
2011,Females,3,51,32518
2011,Females,3,52,31395
2011,Females,3,53,30753
2011,Females,3,54,29431
2011,Females,3,55,28317
2011,Females,3,56,27354
2011,Females,3,57,27234
2011,Females,3,58,26251
2011,Females,3,59,25760
2011,Females,3,60,25662
2011,Females,3,61,26116
2011,Females,3,62,26347
2011,Females,3,63,27509
2011,Females,3,64,29101
2011,Females,3,65,22884
2011,Females,3,66,22286
2011,Females,3,67,22176
2011,Females,3,68,21156
2011,Females,3,69,19435
2011,Females,3,70,17924
2011,Females,3,71,18891
2011,Females,3,72,18841
2011,Females,3,73,18642
2011,Females,3,74,17969
2011,Females,3,75,17318
2011,Females,3,76,16880
2011,Females,3,77,15874
2011,Females,3,78,15529
2011,Females,3,79,15399
2011,Females,3,80,15122
2011,Females,3,81,14263
2011,Females,3,82,13362
2011,Females,3,83,12407
2011,Females,3,84,11429
2011,Females,3,85,10967
2011,Females,3,86,9977
2011,Females,3,87,9250
2011,Females,3,88,8332
2011,Females,3,89,7717
2011,Females,3,90,27677
2011,Females,4,0,35315
2011,Females,4,1,34348
2011,Females,4,2,33271
2011,Females,4,3,33151
2011,Females,4,4,31171
2011,Females,4,5,30421
2011,Females,4,6,28812
2011,Females,4,7,28290
2011,Females,4,8,26754
2011,Females,4,9,26402
2011,Females,4,10,26654
2011,Females,4,11,27390
2011,Females,4,12,28797
2011,Females,4,13,29087
2011,Females,4,14,29672
2011,Females,4,15,30024
2011,Females,4,16,30300
2011,Females,4,17,31006
2011,Females,4,18,32735
2011,Females,4,19,39816
2011,Females,4,20,44416
2011,Females,4,21,44058
2011,Females,4,22,42414
2011,Females,4,23,42531
2011,Females,4,24,42036
2011,Females,4,25,43398
2011,Females,4,26,43826
2011,Females,4,27,43295
2011,Females,4,28,43635
2011,Females,4,29,43338
2011,Females,4,30,43480
2011,Females,4,31,42935
2011,Females,4,32,40542
2011,Females,4,33,36816
2011,Females,4,34,35642
2011,Females,4,35,35588
2011,Females,4,36,35369
2011,Females,4,37,35706
2011,Females,4,38,36518
2011,Females,4,39,38071
2011,Females,4,40,38773
2011,Females,4,41,37355
2011,Females,4,42,38507
2011,Females,4,43,37967
2011,Females,4,44,38218
2011,Females,4,45,38266
2011,Females,4,46,38566
2011,Females,4,47,37747
2011,Females,4,48,37037
2011,Females,4,49,36375
2011,Females,4,50,34901
2011,Females,4,51,33960
2011,Females,4,52,33106
2011,Females,4,53,32239
2011,Females,4,54,31268
2011,Females,4,55,30039
2011,Females,4,56,28866
2011,Females,4,57,29273
2011,Females,4,58,28706
2011,Females,4,59,27968
2011,Females,4,60,28183
2011,Females,4,61,29144
2011,Females,4,62,29573
2011,Females,4,63,31059
2011,Females,4,64,33181
2011,Females,4,65,26365
2011,Females,4,66,25380
2011,Females,4,67,25130
2011,Females,4,68,23625
2011,Females,4,69,21922
2011,Females,4,70,20209
2011,Females,4,71,20809
2011,Females,4,72,20674
2011,Females,4,73,20082
2011,Females,4,74,19305
2011,Females,4,75,18694
2011,Females,4,76,18060
2011,Females,4,77,17044
2011,Females,4,78,16760
2011,Females,4,79,16493
2011,Females,4,80,16462
2011,Females,4,81,15460
2011,Females,4,82,14358
2011,Females,4,83,13463
2011,Females,4,84,12500
2011,Females,4,85,11749
2011,Females,4,86,10901
2011,Females,4,87,9897
2011,Females,4,88,8897
2011,Females,4,89,8245
2011,Females,4,90,29942
2011,Females,5,0,31911
2011,Females,5,1,31424
2011,Females,5,2,30516
2011,Females,5,3,30530
2011,Females,5,4,28948
2011,Females,5,5,28629
2011,Females,5,6,27484
2011,Females,5,7,27134
2011,Females,5,8,25956
2011,Females,5,9,25786
2011,Females,5,10,26375
2011,Females,5,11,27205
2011,Females,5,12,28316
2011,Females,5,13,28508
2011,Females,5,14,29569
2011,Females,5,15,29579
2011,Females,5,16,29561
2011,Females,5,17,30342
2011,Females,5,18,31184
2011,Females,5,19,33818
2011,Females,5,20,36611
2011,Females,5,21,36835
2011,Females,5,22,36598
2011,Females,5,23,37200
2011,Females,5,24,37531
2011,Females,5,25,37791
2011,Females,5,26,38741
2011,Females,5,27,37845
2011,Females,5,28,38920
2011,Females,5,29,38934
2011,Females,5,30,39145
2011,Females,5,31,38876
2011,Females,5,32,37067
2011,Females,5,33,34045
2011,Females,5,34,33373
2011,Females,5,35,34039
2011,Females,5,36,34159
2011,Females,5,37,34473
2011,Females,5,38,35786
2011,Females,5,39,37610
2011,Females,5,40,38845
2011,Females,5,41,37537
2011,Females,5,42,38870
2011,Females,5,43,38771
2011,Females,5,44,38989
2011,Females,5,45,39319
2011,Females,5,46,39557
2011,Females,5,47,39284
2011,Females,5,48,38398
2011,Females,5,49,37612
2011,Females,5,50,36419
2011,Females,5,51,35137
2011,Females,5,52,34732
2011,Females,5,53,33749
2011,Females,5,54,32661
2011,Females,5,55,31832
2011,Females,5,56,30830
2011,Females,5,57,31265
2011,Females,5,58,31203
2011,Females,5,59,30295
2011,Females,5,60,30609
2011,Females,5,61,31519
2011,Females,5,62,31718
2011,Females,5,63,33812
2011,Females,5,64,37260
2011,Females,5,65,28998
2011,Females,5,66,28318
2011,Females,5,67,28038
2011,Females,5,68,26484
2011,Females,5,69,23912
2011,Females,5,70,21649
2011,Females,5,71,22722
2011,Females,5,72,22550
2011,Females,5,73,22145
2011,Females,5,74,21122
2011,Females,5,75,20524
2011,Females,5,76,19533
2011,Females,5,77,18629
2011,Females,5,78,18028
2011,Females,5,79,18137
2011,Females,5,80,17458
2011,Females,5,81,16735
2011,Females,5,82,15504
2011,Females,5,83,14210
2011,Females,5,84,13295
2011,Females,5,85,12522
2011,Females,5,86,11552
2011,Females,5,87,10530
2011,Females,5,88,9708
2011,Females,5,89,8792
2011,Females,5,90,32564
2011,Females,6,0,30780
2011,Females,6,1,30476
2011,Females,6,2,29660
2011,Females,6,3,30048
2011,Females,6,4,28810
2011,Females,6,5,28544
2011,Females,6,6,27223
2011,Females,6,7,26582
2011,Females,6,8,26052
2011,Females,6,9,25497
2011,Females,6,10,26488
2011,Females,6,11,27427
2011,Females,6,12,28157
2011,Females,6,13,28743
2011,Females,6,14,29546
2011,Females,6,15,29459
2011,Females,6,16,29840
2011,Females,6,17,30990
2011,Females,6,18,30812
2011,Females,6,19,29970
2011,Females,6,20,31147
2011,Females,6,21,31258
2011,Females,6,22,32391
2011,Females,6,23,33907
2011,Females,6,24,34145
2011,Females,6,25,34855
2011,Females,6,26,35125
2011,Females,6,27,35092
2011,Females,6,28,35796
2011,Females,6,29,36592
2011,Females,6,30,37064
2011,Females,6,31,36883
2011,Females,6,32,35739
2011,Females,6,33,33511
2011,Females,6,34,32829
2011,Females,6,35,32943
2011,Females,6,36,34281
2011,Females,6,37,35031
2011,Females,6,38,36634
2011,Females,6,39,37768
2011,Females,6,40,39541
2011,Females,6,41,38630
2011,Females,6,42,39611
2011,Females,6,43,39696
2011,Females,6,44,40364
2011,Females,6,45,41073
2011,Females,6,46,40672
2011,Females,6,47,40569
2011,Females,6,48,39837
2011,Females,6,49,39014
2011,Females,6,50,37424
2011,Females,6,51,36159
2011,Females,6,52,35859
2011,Females,6,53,35008
2011,Females,6,54,34099
2011,Females,6,55,33252
2011,Females,6,56,32251
2011,Females,6,57,32517
2011,Females,6,58,32296
2011,Females,6,59,31743
2011,Females,6,60,32243
2011,Females,6,61,32964
2011,Females,6,62,33936
2011,Females,6,63,36726
2011,Females,6,64,39786
2011,Females,6,65,31071
2011,Females,6,66,30377
2011,Females,6,67,30303
2011,Females,6,68,28286
2011,Females,6,69,25408
2011,Females,6,70,22780
2011,Females,6,71,23839
2011,Females,6,72,23758
2011,Females,6,73,22922
2011,Females,6,74,22080
2011,Females,6,75,21459
2011,Females,6,76,20713
2011,Females,6,77,19244
2011,Females,6,78,18882
2011,Females,6,79,18559
2011,Females,6,80,18088
2011,Females,6,81,17143
2011,Females,6,82,16350
2011,Females,6,83,14816
2011,Females,6,84,13778
2011,Females,6,85,12931
2011,Females,6,86,11974
2011,Females,6,87,10942
2011,Females,6,88,10087
2011,Females,6,89,9125
2011,Females,6,90,33924
2011,Females,7,0,28035
2011,Females,7,1,27931
2011,Females,7,2,27864
2011,Females,7,3,28400
2011,Females,7,4,27790
2011,Females,7,5,27348
2011,Females,7,6,26600
2011,Females,7,7,26518
2011,Females,7,8,25949
2011,Females,7,9,25598
2011,Females,7,10,26542
2011,Females,7,11,27438
2011,Females,7,12,28122
2011,Females,7,13,28643
2011,Females,7,14,29819
2011,Females,7,15,29765
2011,Females,7,16,29942
2011,Females,7,17,31160
2011,Females,7,18,30517
2011,Females,7,19,30486
2011,Females,7,20,30754
2011,Females,7,21,30568
2011,Females,7,22,30677
2011,Females,7,23,31364
2011,Females,7,24,30696
2011,Females,7,25,30712
2011,Females,7,26,31114
2011,Females,7,27,31067
2011,Females,7,28,31745
2011,Females,7,29,32290
2011,Females,7,30,33585
2011,Females,7,31,34023
2011,Females,7,32,32972
2011,Females,7,33,31317
2011,Females,7,34,30966
2011,Females,7,35,32010
2011,Females,7,36,33056
2011,Females,7,37,34217
2011,Females,7,38,35881
2011,Females,7,39,37542
2011,Females,7,40,39214
2011,Females,7,41,38844
2011,Females,7,42,39827
2011,Females,7,43,40300
2011,Females,7,44,40915
2011,Females,7,45,41394
2011,Females,7,46,41668
2011,Females,7,47,41630
2011,Females,7,48,40257
2011,Females,7,49,39715
2011,Females,7,50,38655
2011,Females,7,51,37524
2011,Females,7,52,36437
2011,Females,7,53,35991
2011,Females,7,54,34900
2011,Females,7,55,33776
2011,Females,7,56,32604
2011,Females,7,57,33401
2011,Females,7,58,33291
2011,Females,7,59,32425
2011,Females,7,60,33271
2011,Females,7,61,34001
2011,Females,7,62,35647
2011,Females,7,63,38130
2011,Females,7,64,41406
2011,Females,7,65,32240
2011,Females,7,66,31218
2011,Females,7,67,31816
2011,Females,7,68,29243
2011,Females,7,69,26366
2011,Females,7,70,23381
2011,Females,7,71,24463
2011,Females,7,72,24411
2011,Females,7,73,23901
2011,Females,7,74,23034
2011,Females,7,75,21741
2011,Females,7,76,21121
2011,Females,7,77,19822
2011,Females,7,78,19302
2011,Females,7,79,18815
2011,Females,7,80,18441
2011,Females,7,81,17652
2011,Females,7,82,15996
2011,Females,7,83,14941
2011,Females,7,84,13726
2011,Females,7,85,12876
2011,Females,7,86,11836
2011,Females,7,87,10940
2011,Females,7,88,10042
2011,Females,7,89,9120
2011,Females,7,90,34156
2011,Females,8,0,28093
2011,Females,8,1,27743
2011,Females,8,2,28134
2011,Females,8,3,28544
2011,Females,8,4,28153
2011,Females,8,5,27983
2011,Females,8,6,27160
2011,Females,8,7,27016
2011,Females,8,8,26320
2011,Females,8,9,25954
2011,Females,8,10,27059
2011,Females,8,11,27928
2011,Females,8,12,28777
2011,Females,8,13,29523
2011,Females,8,14,29907
2011,Females,8,15,29828
2011,Females,8,16,29926
2011,Females,8,17,31419
2011,Females,8,18,30844
2011,Females,8,19,29414
2011,Females,8,20,28781
2011,Females,8,21,28856
2011,Females,8,22,29395
2011,Females,8,23,29919
2011,Females,8,24,29254
2011,Females,8,25,29063
2011,Females,8,26,29307
2011,Females,8,27,29548
2011,Females,8,28,30295
2011,Females,8,29,30556
2011,Females,8,30,31880
2011,Females,8,31,32388
2011,Females,8,32,32325
2011,Females,8,33,30553
2011,Females,8,34,30688
2011,Females,8,35,31732
2011,Females,8,36,33428
2011,Females,8,37,34662
2011,Females,8,38,36357
2011,Females,8,39,38048
2011,Females,8,40,40111
2011,Females,8,41,38921
2011,Females,8,42,40587
2011,Females,8,43,40773
2011,Females,8,44,41686
2011,Females,8,45,41878
2011,Females,8,46,42258
2011,Females,8,47,41947
2011,Females,8,48,41278
2011,Females,8,49,40227
2011,Females,8,50,38650
2011,Females,8,51,37264
2011,Females,8,52,36519
2011,Females,8,53,36174
2011,Females,8,54,34684
2011,Females,8,55,33694
2011,Females,8,56,33067
2011,Females,8,57,33499
2011,Females,8,58,33111
2011,Females,8,59,32650
2011,Females,8,60,33120
2011,Females,8,61,34538
2011,Females,8,62,35708
2011,Females,8,63,38275
2011,Females,8,64,42515
2011,Females,8,65,32415
2011,Females,8,66,31952
2011,Females,8,67,31705
2011,Females,8,68,29513
2011,Females,8,69,26182
2011,Females,8,70,23520
2011,Females,8,71,24472
2011,Females,8,72,24550
2011,Females,8,73,23872
2011,Females,8,74,22950
2011,Females,8,75,22131
2011,Females,8,76,20832
2011,Females,8,77,19972
2011,Females,8,78,19236
2011,Females,8,79,18874
2011,Females,8,80,18033
2011,Females,8,81,17859
2011,Females,8,82,16158
2011,Females,8,83,14829
2011,Females,8,84,13943
2011,Females,8,85,12891
2011,Females,8,86,11970
2011,Females,8,87,10727
2011,Females,8,88,9834
2011,Females,8,89,8947
2011,Females,8,90,33548
2011,Females,9,0,26677
2011,Females,9,1,26971
2011,Females,9,2,27296
2011,Females,9,3,28319
2011,Females,9,4,28502
2011,Females,9,5,28640
2011,Females,9,6,27521
2011,Females,9,7,27763
2011,Females,9,8,27214
2011,Females,9,9,26715
2011,Females,9,10,27788
2011,Females,9,11,28729
2011,Females,9,12,29868
2011,Females,9,13,30187
2011,Females,9,14,30800
2011,Females,9,15,31059
2011,Females,9,16,31923
2011,Females,9,17,32768
2011,Females,9,18,32270
2011,Females,9,19,31345
2011,Females,9,20,27073
2011,Females,9,21,25223
2011,Females,9,22,26777
2011,Females,9,23,27271
2011,Females,9,24,26285
2011,Females,9,25,25949
2011,Females,9,26,25675
2011,Females,9,27,25653
2011,Females,9,28,26874
2011,Females,9,29,27531
2011,Females,9,30,28811
2011,Females,9,31,30199
2011,Females,9,32,30136
2011,Females,9,33,29086
2011,Females,9,34,29786
2011,Females,9,35,31185
2011,Females,9,36,32952
2011,Females,9,37,34440
2011,Females,9,38,36583
2011,Females,9,39,38806
2011,Females,9,40,40973
2011,Females,9,41,40232
2011,Females,9,42,41199
2011,Females,9,43,41648
2011,Females,9,44,42414
2011,Females,9,45,43055
2011,Females,9,46,43338
2011,Females,9,47,43108
2011,Females,9,48,42430
2011,Females,9,49,41105
2011,Females,9,50,39998
2011,Females,9,51,37939
2011,Females,9,52,37521
2011,Females,9,53,36754
2011,Females,9,54,35587
2011,Females,9,55,34207
2011,Females,9,56,33352
2011,Females,9,57,33748
2011,Females,9,58,33475
2011,Females,9,59,33283
2011,Females,9,60,33835
2011,Females,9,61,34805
2011,Females,9,62,36349
2011,Females,9,63,39072
2011,Females,9,64,42893
2011,Females,9,65,32918
2011,Females,9,66,32524
2011,Females,9,67,32704
2011,Females,9,68,30061
2011,Females,9,69,26445
2011,Females,9,70,23615
2011,Females,9,71,24812
2011,Females,9,72,24987
2011,Females,9,73,24426
2011,Females,9,74,23435
2011,Females,9,75,22155
2011,Females,9,76,21314
2011,Females,9,77,20325
2011,Females,9,78,19128
2011,Females,9,79,19077
2011,Females,9,80,18590
2011,Females,9,81,17689
2011,Females,9,82,16274
2011,Females,9,83,15098
2011,Females,9,84,14023
2011,Females,9,85,12954
2011,Females,9,86,11491
2011,Females,9,87,10912
2011,Females,9,88,9868
2011,Females,9,89,8815
2011,Females,9,90,32662
2011,Females,10,0,24358
2011,Females,10,1,25563
2011,Females,10,2,26749
2011,Females,10,3,28751
2011,Females,10,4,29532
2011,Females,10,5,28946
2011,Females,10,6,29040
2011,Females,10,7,29433
2011,Females,10,8,29086
2011,Females,10,9,28584
2011,Females,10,10,30212
2011,Females,10,11,30961
2011,Females,10,12,32099
2011,Females,10,13,32498
2011,Females,10,14,32614
2011,Females,10,15,32416
2011,Females,10,16,33124
2011,Females,10,17,34026
2011,Females,10,18,32040
2011,Females,10,19,26831
2011,Females,10,20,22514
2011,Females,10,21,21826
2011,Females,10,22,23899
2011,Females,10,23,24549
2011,Females,10,24,22829
2011,Females,10,25,21221
2011,Females,10,26,21236
2011,Females,10,27,20315
2011,Females,10,28,21120
2011,Females,10,29,22089
2011,Females,10,30,23746
2011,Females,10,31,25388
2011,Females,10,32,26081
2011,Females,10,33,26063
2011,Females,10,34,27397
2011,Females,10,35,29291
2011,Females,10,36,31814
2011,Females,10,37,33845
2011,Females,10,38,36081
2011,Females,10,39,38674
2011,Females,10,40,41380
2011,Females,10,41,40132
2011,Females,10,42,41689
2011,Females,10,43,42377
2011,Females,10,44,43447
2011,Females,10,45,44111
2011,Females,10,46,45064
2011,Females,10,47,45148
2011,Females,10,48,43790
2011,Females,10,49,42607
2011,Females,10,50,41421
2011,Females,10,51,39093
2011,Females,10,52,38420
2011,Females,10,53,37673
2011,Females,10,54,35935
2011,Females,10,55,34793
2011,Females,10,56,33875
2011,Females,10,57,33956
2011,Females,10,58,34022
2011,Females,10,59,33320
2011,Females,10,60,33829
2011,Females,10,61,35113
2011,Females,10,62,36671
2011,Females,10,63,39167
2011,Females,10,64,43376
2011,Females,10,65,33142
2011,Females,10,66,32399
2011,Females,10,67,32558
2011,Females,10,68,29853
2011,Females,10,69,25905
2011,Females,10,70,23618
2011,Females,10,71,24681
2011,Females,10,72,25025
2011,Females,10,73,24230
2011,Females,10,74,23524
2011,Females,10,75,22735
2011,Females,10,76,21837
2011,Females,10,77,20293
2011,Females,10,78,19257
2011,Females,10,79,19105
2011,Females,10,80,18729
2011,Females,10,81,17689
2011,Females,10,82,16230
2011,Females,10,83,14868
2011,Females,10,84,13639
2011,Females,10,85,12522
2011,Females,10,86,11266
2011,Females,10,87,10315
2011,Females,10,88,9465
2011,Females,10,89,8509
2011,Females,10,90,30603
2012,Females,1,0,46869
2012,Females,1,1,44902
2012,Females,1,2,43988
2012,Females,1,3,43339
2012,Females,1,4,42712
2012,Females,1,5,40631
2012,Females,1,6,39938
2012,Females,1,7,37695
2012,Females,1,8,35710
2012,Females,1,9,34393
2012,Females,1,10,33069
2012,Females,1,11,34094
2012,Females,1,12,33789
2012,Females,1,13,34568
2012,Females,1,14,34597
2012,Females,1,15,35908
2012,Females,1,16,35240
2012,Females,1,17,35233
2012,Females,1,18,37011
2012,Females,1,19,38390
2012,Females,1,20,42638
2012,Females,1,21,43377
2012,Females,1,22,42697
2012,Females,1,23,42972
2012,Females,1,24,44513
2012,Females,1,25,46495
2012,Females,1,26,46210
2012,Females,1,27,45456
2012,Females,1,28,44127
2012,Females,1,29,43563
2012,Females,1,30,43497
2012,Females,1,31,42047
2012,Females,1,32,41595
2012,Females,1,33,37906
2012,Females,1,34,34545
2012,Females,1,35,33484
2012,Females,1,36,33994
2012,Females,1,37,33381
2012,Females,1,38,33642
2012,Females,1,39,34664
2012,Females,1,40,35371
2012,Females,1,41,36737
2012,Females,1,42,35910
2012,Females,1,43,36433
2012,Females,1,44,35191
2012,Females,1,45,35457
2012,Females,1,46,35086
2012,Females,1,47,35249
2012,Females,1,48,34355
2012,Females,1,49,33772
2012,Females,1,50,33145
2012,Females,1,51,31568
2012,Females,1,52,30397
2012,Females,1,53,29167
2012,Females,1,54,28656
2012,Females,1,55,27570
2012,Females,1,56,26282
2012,Females,1,57,24900
2012,Females,1,58,24723
2012,Females,1,59,23995
2012,Females,1,60,23318
2012,Females,1,61,22701
2012,Females,1,62,22985
2012,Females,1,63,22875
2012,Females,1,64,23459
2012,Females,1,65,24756
2012,Females,1,66,19312
2012,Females,1,67,18587
2012,Females,1,68,18464
2012,Females,1,69,18232
2012,Females,1,70,17012
2012,Females,1,71,16107
2012,Females,1,72,16889
2012,Females,1,73,16669
2012,Females,1,74,16588
2012,Females,1,75,15854
2012,Females,1,76,15358
2012,Females,1,77,14539
2012,Females,1,78,13576
2012,Females,1,79,13034
2012,Females,1,80,13057
2012,Females,1,81,12424
2012,Females,1,82,11740
2012,Females,1,83,10644
2012,Females,1,84,9877
2012,Females,1,85,9180
2012,Females,1,86,8395
2012,Females,1,87,7584
2012,Females,1,88,6780
2012,Females,1,89,5879
2012,Females,1,90,23275
2012,Females,2,0,43541
2012,Females,2,1,41544
2012,Females,2,2,40436
2012,Females,2,3,39849
2012,Females,2,4,39538
2012,Females,2,5,37246
2012,Females,2,6,36546
2012,Females,2,7,34560
2012,Females,2,8,32975
2012,Females,2,9,31644
2012,Females,2,10,31264
2012,Females,2,11,31553
2012,Females,2,12,32113
2012,Females,2,13,32301
2012,Females,2,14,32862
2012,Females,2,15,34098
2012,Females,2,16,33683
2012,Females,2,17,33492
2012,Females,2,18,35722
2012,Females,2,19,38942
2012,Females,2,20,42807
2012,Females,2,21,44483
2012,Females,2,22,44165
2012,Females,2,23,45542
2012,Females,2,24,47279
2012,Females,2,25,47986
2012,Females,2,26,48272
2012,Females,2,27,48557
2012,Females,2,28,47345
2012,Females,2,29,47068
2012,Females,2,30,46262
2012,Females,2,31,45265
2012,Females,2,32,44548
2012,Females,2,33,41247
2012,Females,2,34,37567
2012,Females,2,35,36144
2012,Females,2,36,36696
2012,Females,2,37,36294
2012,Females,2,38,35972
2012,Females,2,39,37074
2012,Females,2,40,37427
2012,Females,2,41,38734
2012,Females,2,42,37951
2012,Females,2,43,37938
2012,Females,2,44,37736
2012,Females,2,45,37533
2012,Females,2,46,37585
2012,Females,2,47,37159
2012,Females,2,48,36114
2012,Females,2,49,35361
2012,Females,2,50,34459
2012,Females,2,51,33091
2012,Females,2,52,31697
2012,Females,2,53,30643
2012,Females,2,54,29263
2012,Females,2,55,28280
2012,Females,2,56,27154
2012,Females,2,57,25606
2012,Females,2,58,25695
2012,Females,2,59,24694
2012,Females,2,60,23907
2012,Females,2,61,23652
2012,Females,2,62,23957
2012,Females,2,63,23904
2012,Females,2,64,24492
2012,Females,2,65,26213
2012,Females,2,66,20527
2012,Females,2,67,19896
2012,Females,2,68,19809
2012,Females,2,69,19187
2012,Females,2,70,17737
2012,Females,2,71,16559
2012,Females,2,72,17442
2012,Females,2,73,17316
2012,Females,2,74,16908
2012,Females,2,75,16267
2012,Females,2,76,15640
2012,Females,2,77,15027
2012,Females,2,78,14199
2012,Females,2,79,13847
2012,Females,2,80,13780
2012,Females,2,81,13509
2012,Females,2,82,12665
2012,Females,2,83,11636
2012,Females,2,84,10644
2012,Females,2,85,10097
2012,Females,2,86,9380
2012,Females,2,87,8410
2012,Females,2,88,7485
2012,Females,2,89,6627
2012,Females,2,90,25898
2012,Females,3,0,40105
2012,Females,3,1,38396
2012,Females,3,2,37493
2012,Females,3,3,36293
2012,Females,3,4,35973
2012,Females,3,5,34510
2012,Females,3,6,33359
2012,Females,3,7,31196
2012,Females,3,8,29853
2012,Females,3,9,28771
2012,Females,3,10,28281
2012,Females,3,11,28590
2012,Females,3,12,29020
2012,Females,3,13,30066
2012,Females,3,14,30370
2012,Females,3,15,31664
2012,Females,3,16,31399
2012,Females,3,17,31489
2012,Females,3,18,33851
2012,Females,3,19,39771
2012,Females,3,20,44156
2012,Females,3,21,45206
2012,Females,3,22,45321
2012,Females,3,23,45927
2012,Females,3,24,47773
2012,Females,3,25,47387
2012,Females,3,26,47917
2012,Females,3,27,48472
2012,Females,3,28,47653
2012,Females,3,29,47893
2012,Females,3,30,46484
2012,Females,3,31,45613
2012,Females,3,32,44642
2012,Females,3,33,41901
2012,Females,3,34,37956
2012,Females,3,35,36227
2012,Females,3,36,36195
2012,Females,3,37,35851
2012,Females,3,38,35727
2012,Females,3,39,36908
2012,Females,3,40,37442
2012,Females,3,41,38174
2012,Females,3,42,37720
2012,Females,3,43,38243
2012,Females,3,44,37707
2012,Females,3,45,37820
2012,Females,3,46,37695
2012,Females,3,47,37379
2012,Females,3,48,36959
2012,Females,3,49,35999
2012,Females,3,50,34926
2012,Females,3,51,33665
2012,Females,3,52,32529
2012,Females,3,53,31266
2012,Females,3,54,30638
2012,Females,3,55,29293
2012,Females,3,56,28425
2012,Females,3,57,27175
2012,Females,3,58,27005
2012,Females,3,59,26284
2012,Females,3,60,25557
2012,Females,3,61,25457
2012,Females,3,62,25895
2012,Females,3,63,26182
2012,Females,3,64,27336
2012,Females,3,65,28870
2012,Females,3,66,22649
2012,Females,3,67,21935
2012,Females,3,68,21979
2012,Females,3,69,20895
2012,Females,3,70,19120
2012,Females,3,71,17661
2012,Females,3,72,18613
2012,Females,3,73,18284
2012,Females,3,74,18256
2012,Females,3,75,17575
2012,Females,3,76,16891
2012,Females,3,77,16292
2012,Females,3,78,15243
2012,Females,3,79,14881
2012,Females,3,80,14761
2012,Females,3,81,14390
2012,Females,3,82,13582
2012,Females,3,83,12648
2012,Females,3,84,11511
2012,Females,3,85,10617
2012,Females,3,86,10114
2012,Females,3,87,9051
2012,Females,3,88,8272
2012,Females,3,89,7298
2012,Females,3,90,28912
2012,Females,4,0,36711
2012,Females,4,1,35366
2012,Females,4,2,34070
2012,Females,4,3,33074
2012,Females,4,4,32975
2012,Females,4,5,31380
2012,Females,4,6,30469
2012,Females,4,7,28921
2012,Females,4,8,28342
2012,Females,4,9,27056
2012,Females,4,10,26293
2012,Females,4,11,26899
2012,Females,4,12,27634
2012,Females,4,13,28932
2012,Females,4,14,29198
2012,Females,4,15,30135
2012,Females,4,16,30338
2012,Females,4,17,30479
2012,Females,4,18,32251
2012,Females,4,19,38018
2012,Females,4,20,44084
2012,Females,4,21,44176
2012,Females,4,22,42240
2012,Females,4,23,42950
2012,Females,4,24,44208
2012,Females,4,25,42737
2012,Females,4,26,43640
2012,Females,4,27,44084
2012,Females,4,28,43324
2012,Females,4,29,43804
2012,Females,4,30,43324
2012,Females,4,31,43162
2012,Females,4,32,42525
2012,Females,4,33,40013
2012,Females,4,34,36651
2012,Females,4,35,35149
2012,Females,4,36,35378
2012,Females,4,37,35403
2012,Females,4,38,35218
2012,Females,4,39,36239
2012,Females,4,40,37635
2012,Females,4,41,38618
2012,Females,4,42,37230
2012,Females,4,43,38322
2012,Females,4,44,38003
2012,Females,4,45,38113
2012,Females,4,46,38264
2012,Females,4,47,38558
2012,Females,4,48,37639
2012,Females,4,49,36949
2012,Females,4,50,36530
2012,Females,4,51,35033
2012,Females,4,52,33851
2012,Females,4,53,33034
2012,Females,4,54,32177
2012,Females,4,55,31501
2012,Females,4,56,29855
2012,Females,4,57,28920
2012,Females,4,58,29298
2012,Females,4,59,28559
2012,Females,4,60,27877
2012,Females,4,61,28056
2012,Females,4,62,28981
2012,Females,4,63,29287
2012,Females,4,64,30866
2012,Females,4,65,32835
2012,Females,4,66,26028
2012,Females,4,67,25137
2012,Females,4,68,24858
2012,Females,4,69,23380
2012,Females,4,70,21688
2012,Females,4,71,19828
2012,Females,4,72,20377
2012,Females,4,73,20359
2012,Females,4,74,19768
2012,Females,4,75,18849
2012,Females,4,76,18276
2012,Females,4,77,17710
2012,Females,4,78,16520
2012,Females,4,79,15985
2012,Females,4,80,15880
2012,Females,4,81,15751
2012,Females,4,82,14787
2012,Females,4,83,13512
2012,Females,4,84,12602
2012,Females,4,85,11523
2012,Females,4,86,10706
2012,Females,4,87,9859
2012,Females,4,88,8899
2012,Females,4,89,7842
2012,Females,4,90,31325
2012,Females,5,0,32734
2012,Females,5,1,31926
2012,Females,5,2,31518
2012,Females,5,3,30528
2012,Females,5,4,30515
2012,Females,5,5,29435
2012,Females,5,6,28738
2012,Females,5,7,27767
2012,Females,5,8,27080
2012,Females,5,9,25979
2012,Females,5,10,26038
2012,Females,5,11,26425
2012,Females,5,12,27518
2012,Females,5,13,28438
2012,Females,5,14,28686
2012,Females,5,15,29787
2012,Females,5,16,29749
2012,Females,5,17,29853
2012,Females,5,18,30707
2012,Females,5,19,32850
2012,Females,5,20,35746
2012,Females,5,21,36963
2012,Females,5,22,37096
2012,Females,5,23,37168
2012,Females,5,24,38214
2012,Females,5,25,37515
2012,Females,5,26,38325
2012,Females,5,27,38879
2012,Females,5,28,38234
2012,Females,5,29,39235
2012,Females,5,30,38698
2012,Females,5,31,38960
2012,Females,5,32,38878
2012,Females,5,33,36903
2012,Females,5,34,34026
2012,Females,5,35,32889
2012,Females,5,36,33733
2012,Females,5,37,34119
2012,Females,5,38,34359
2012,Females,5,39,35658
2012,Females,5,40,37575
2012,Females,5,41,38700
2012,Females,5,42,37649
2012,Females,5,43,38933
2012,Females,5,44,38814
2012,Females,5,45,39033
2012,Females,5,46,39257
2012,Females,5,47,39575
2012,Females,5,48,39400
2012,Females,5,49,38497
2012,Females,5,50,37598
2012,Females,5,51,36504
2012,Females,5,52,35260
2012,Females,5,53,34750
2012,Females,5,54,33828
2012,Females,5,55,32598
2012,Females,5,56,31856
2012,Females,5,57,30929
2012,Females,5,58,31174
2012,Females,5,59,31194
2012,Females,5,60,30209
2012,Females,5,61,30465
2012,Females,5,62,31479
2012,Females,5,63,31754
2012,Females,5,64,33704
2012,Females,5,65,37196
2012,Females,5,66,28754
2012,Females,5,67,28132
2012,Females,5,68,27829
2012,Females,5,69,26155
2012,Females,5,70,23657
2012,Females,5,71,21379
2012,Females,5,72,22420
2012,Females,5,73,22244
2012,Females,5,74,21785
2012,Females,5,75,20666
2012,Females,5,76,20083
2012,Females,5,77,18989
2012,Females,5,78,18177
2012,Females,5,79,17509
2012,Females,5,80,17382
2012,Females,5,81,16750
2012,Females,5,82,15890
2012,Females,5,83,14558
2012,Females,5,84,13269
2012,Females,5,85,12387
2012,Females,5,86,11461
2012,Females,5,87,10362
2012,Females,5,88,9558
2012,Females,5,89,8607
2012,Females,5,90,33775
2012,Females,6,0,31269
2012,Females,6,1,30968
2012,Females,6,2,30278
2012,Females,6,3,29860
2012,Females,6,4,30355
2012,Females,6,5,29134
2012,Females,6,6,28579
2012,Females,6,7,27313
2012,Females,6,8,27078
2012,Females,6,9,26286
2012,Females,6,10,25807
2012,Females,6,11,26613
2012,Females,6,12,27493
2012,Females,6,13,28332
2012,Females,6,14,29186
2012,Females,6,15,29949
2012,Females,6,16,29494
2012,Females,6,17,29832
2012,Females,6,18,30565
2012,Females,6,19,28964
2012,Females,6,20,30468
2012,Females,6,21,31987
2012,Females,6,22,32182
2012,Females,6,23,33482
2012,Females,6,24,34816
2012,Females,6,25,34587
2012,Females,6,26,34953
2012,Females,6,27,35779
2012,Females,6,28,35585
2012,Females,6,29,36427
2012,Females,6,30,36580
2012,Females,6,31,37107
2012,Females,6,32,37367
2012,Females,6,33,35893
2012,Females,6,34,33693
2012,Females,6,35,32765
2012,Females,6,36,33139
2012,Females,6,37,34266
2012,Females,6,38,34943
2012,Females,6,39,36578
2012,Females,6,40,38057
2012,Females,6,41,39570
2012,Females,6,42,38803
2012,Females,6,43,39264
2012,Females,6,44,39915
2012,Females,6,45,40487
2012,Females,6,46,40950
2012,Females,6,47,40968
2012,Females,6,48,40803
2012,Females,6,49,39841
2012,Females,6,50,39169
2012,Females,6,51,37569
2012,Females,6,52,36281
2012,Females,6,53,35931
2012,Females,6,54,34843
2012,Females,6,55,34178
2012,Females,6,56,33116
2012,Females,6,57,32344
2012,Females,6,58,32557
2012,Females,6,59,32316
2012,Females,6,60,31670
2012,Females,6,61,32166
2012,Females,6,62,33066
2012,Females,6,63,33968
2012,Females,6,64,36568
2012,Females,6,65,39537
2012,Females,6,66,30939
2012,Females,6,67,30347
2012,Females,6,68,30119
2012,Females,6,69,27934
2012,Females,6,70,25079
2012,Females,6,71,22498
2012,Females,6,72,23522
2012,Females,6,73,23433
2012,Females,6,74,22537
2012,Females,6,75,21729
2012,Females,6,76,21014
2012,Females,6,77,20244
2012,Females,6,78,18738
2012,Females,6,79,18351
2012,Females,6,80,17974
2012,Females,6,81,17414
2012,Females,6,82,16443
2012,Females,6,83,15388
2012,Females,6,84,13945
2012,Females,6,85,12882
2012,Females,6,86,11989
2012,Females,6,87,11035
2012,Females,6,88,9934
2012,Females,6,89,9081
2012,Females,6,90,35488
2012,Females,7,0,28694
2012,Females,7,1,28625
2012,Females,7,2,28427
2012,Females,7,3,28217
2012,Females,7,4,28635
2012,Females,7,5,27956
2012,Females,7,6,27647
2012,Females,7,7,26735
2012,Females,7,8,26724
2012,Females,7,9,26229
2012,Females,7,10,25811
2012,Females,7,11,26773
2012,Females,7,12,27546
2012,Females,7,13,28527
2012,Females,7,14,28984
2012,Females,7,15,29918
2012,Females,7,16,29983
2012,Females,7,17,29684
2012,Females,7,18,30576
2012,Females,7,19,29227
2012,Females,7,20,30718
2012,Females,7,21,31186
2012,Females,7,22,30915
2012,Females,7,23,31029
2012,Females,7,24,31637
2012,Females,7,25,30777
2012,Females,7,26,30964
2012,Females,7,27,31408
2012,Females,7,28,31279
2012,Females,7,29,32139
2012,Females,7,30,32951
2012,Females,7,31,33964
2012,Females,7,32,34294
2012,Females,7,33,33188
2012,Females,7,34,31423
2012,Females,7,35,31220
2012,Females,7,36,32038
2012,Females,7,37,33066
2012,Females,7,38,34328
2012,Females,7,39,36159
2012,Females,7,40,37727
2012,Females,7,41,39356
2012,Females,7,42,38972
2012,Females,7,43,39900
2012,Females,7,44,40079
2012,Females,7,45,41079
2012,Females,7,46,41209
2012,Females,7,47,41778
2012,Females,7,48,41780
2012,Females,7,49,40486
2012,Females,7,50,39618
2012,Females,7,51,38597
2012,Females,7,52,37497
2012,Females,7,53,36361
2012,Females,7,54,35990
2012,Females,7,55,34987
2012,Females,7,56,33623
2012,Females,7,57,32660
2012,Females,7,58,33299
2012,Females,7,59,33145
2012,Females,7,60,32460
2012,Females,7,61,33309
2012,Females,7,62,33993
2012,Females,7,63,35482
2012,Females,7,64,37913
2012,Females,7,65,41325
2012,Females,7,66,32093
2012,Females,7,67,31119
2012,Females,7,68,31426
2012,Females,7,69,29081
2012,Females,7,70,26195
2012,Females,7,71,23174
2012,Females,7,72,24335
2012,Females,7,73,24054
2012,Females,7,74,23489
2012,Females,7,75,22693
2012,Females,7,76,21339
2012,Females,7,77,20681
2012,Females,7,78,19390
2012,Females,7,79,18787
2012,Females,7,80,18250
2012,Females,7,81,17677
2012,Females,7,82,16835
2012,Females,7,83,15270
2012,Females,7,84,14121
2012,Females,7,85,12809
2012,Females,7,86,11896
2012,Females,7,87,10888
2012,Females,7,88,9902
2012,Females,7,89,8951
2012,Females,7,90,35802
2012,Females,8,0,28134
2012,Females,8,1,28684
2012,Females,8,2,28321
2012,Females,8,3,28446
2012,Females,8,4,28906
2012,Females,8,5,28409
2012,Females,8,6,28393
2012,Females,8,7,27072
2012,Females,8,8,27447
2012,Females,8,9,26660
2012,Females,8,10,25999
2012,Females,8,11,27296
2012,Females,8,12,28175
2012,Females,8,13,28972
2012,Females,8,14,29456
2012,Females,8,15,30003
2012,Females,8,16,29811
2012,Females,8,17,30121
2012,Females,8,18,30886
2012,Females,8,19,28742
2012,Females,8,20,28488
2012,Females,8,21,29392
2012,Females,8,22,29613
2012,Females,8,23,29618
2012,Females,8,24,29780
2012,Females,8,25,29616
2012,Females,8,26,29473
2012,Females,8,27,29664
2012,Females,8,28,29807
2012,Females,8,29,30795
2012,Females,8,30,31037
2012,Females,8,31,32625
2012,Females,8,32,32818
2012,Females,8,33,32781
2012,Females,8,34,30759
2012,Females,8,35,31131
2012,Females,8,36,31860
2012,Females,8,37,33385
2012,Females,8,38,34850
2012,Females,8,39,36486
2012,Females,8,40,38550
2012,Females,8,41,40599
2012,Females,8,42,38927
2012,Females,8,43,40718
2012,Females,8,44,40975
2012,Females,8,45,41583
2012,Females,8,46,42016
2012,Females,8,47,42401
2012,Females,8,48,41833
2012,Females,8,49,41329
2012,Females,8,50,40279
2012,Females,8,51,38723
2012,Females,8,52,37074
2012,Females,8,53,36522
2012,Females,8,54,36276
2012,Females,8,55,34450
2012,Females,8,56,33695
2012,Females,8,57,33050
2012,Females,8,58,33311
2012,Females,8,59,32928
2012,Females,8,60,32564
2012,Females,8,61,33127
2012,Females,8,62,34401
2012,Females,8,63,35660
2012,Females,8,64,38306
2012,Females,8,65,42279
2012,Females,8,66,32299
2012,Females,8,67,31642
2012,Females,8,68,31481
2012,Females,8,69,29425
2012,Females,8,70,26063
2012,Females,8,71,23328
2012,Females,8,72,24100
2012,Females,8,73,24297
2012,Females,8,74,23732
2012,Females,8,75,22450
2012,Females,8,76,21749
2012,Females,8,77,20468
2012,Females,8,78,19447
2012,Females,8,79,18824
2012,Females,8,80,18295
2012,Females,8,81,17352
2012,Females,8,82,17062
2012,Females,8,83,15454
2012,Females,8,84,14089
2012,Females,8,85,12947
2012,Females,8,86,11887
2012,Females,8,87,10866
2012,Females,8,88,9721
2012,Females,8,89,8888
2012,Females,8,90,35300
2012,Females,9,0,26968
2012,Females,9,1,27461
2012,Females,9,2,27931
2012,Females,9,3,27671
2012,Females,9,4,28908
2012,Females,9,5,28965
2012,Females,9,6,28675
2012,Females,9,7,27931
2012,Females,9,8,28034
2012,Females,9,9,27531
2012,Females,9,10,27078
2012,Females,9,11,28004
2012,Females,9,12,29009
2012,Females,9,13,30078
2012,Females,9,14,30643
2012,Females,9,15,30939
2012,Females,9,16,31192
2012,Females,9,17,31980
2012,Females,9,18,32370
2012,Females,9,19,30272
2012,Females,9,20,26840
2012,Females,9,21,26772
2012,Females,9,22,26808
2012,Females,9,23,26945
2012,Females,9,24,26914
2012,Females,9,25,25942
2012,Females,9,26,25941
2012,Females,9,27,26004
2012,Females,9,28,26246
2012,Females,9,29,27101
2012,Females,9,30,28388
2012,Females,9,31,29709
2012,Females,9,32,30918
2012,Females,9,33,30793
2012,Females,9,34,29466
2012,Females,9,35,30203
2012,Females,9,36,31634
2012,Females,9,37,33291
2012,Females,9,38,34919
2012,Females,9,39,36797
2012,Females,9,40,39211
2012,Females,9,41,41179
2012,Females,9,42,40054
2012,Females,9,43,41741
2012,Females,9,44,41611
2012,Females,9,45,42187
2012,Females,9,46,43125
2012,Females,9,47,43074
2012,Females,9,48,42993
2012,Females,9,49,42491
2012,Females,9,50,40921
2012,Females,9,51,39818
2012,Females,9,52,37787
2012,Females,9,53,37433
2012,Females,9,54,36727
2012,Females,9,55,35619
2012,Females,9,56,33974
2012,Females,9,57,33116
2012,Females,9,58,33645
2012,Females,9,59,33488
2012,Females,9,60,33011
2012,Females,9,61,33637
2012,Females,9,62,34591
2012,Females,9,63,36235
2012,Females,9,64,39050
2012,Females,9,65,42802
2012,Females,9,66,32855
2012,Females,9,67,32294
2012,Females,9,68,32616
2012,Females,9,69,29922
2012,Females,9,70,26168
2012,Females,9,71,23442
2012,Females,9,72,24576
2012,Females,9,73,24762
2012,Females,9,74,24077
2012,Females,9,75,23122
2012,Females,9,76,21766
2012,Females,9,77,20995
2012,Females,9,78,19855
2012,Females,9,79,18642
2012,Females,9,80,18521
2012,Females,9,81,18005
2012,Females,9,82,16947
2012,Females,9,83,15554
2012,Females,9,84,14290
2012,Females,9,85,13102
2012,Females,9,86,12023
2012,Females,9,87,10590
2012,Females,9,88,9906
2012,Females,9,89,8774
2012,Females,9,90,34506
2012,Females,10,0,24637
2012,Females,10,1,25787
2012,Females,10,2,27027
2012,Females,10,3,28114
2012,Females,10,4,29722
2012,Females,10,5,30000
2012,Females,10,6,29586
2012,Females,10,7,29312
2012,Females,10,8,29877
2012,Females,10,9,29325
2012,Females,10,10,29004
2012,Females,10,11,30667
2012,Females,10,12,31238
2012,Females,10,13,32365
2012,Females,10,14,32380
2012,Females,10,15,32448
2012,Females,10,16,32290
2012,Females,10,17,32526
2012,Females,10,18,32598
2012,Females,10,19,26256
2012,Females,10,20,22640
2012,Females,10,21,23159
2012,Females,10,22,23874
2012,Females,10,23,23859
2012,Females,10,24,23333
2012,Females,10,25,21733
2012,Females,10,26,20840
2012,Females,10,27,20919
2012,Females,10,28,20368
2012,Females,10,29,21463
2012,Females,10,30,23443
2012,Females,10,31,24955
2012,Females,10,32,26508
2012,Females,10,33,27232
2012,Females,10,34,27094
2012,Females,10,35,28587
2012,Females,10,36,30339
2012,Females,10,37,32527
2012,Females,10,38,34571
2012,Females,10,39,36660
2012,Females,10,40,39642
2012,Females,10,41,41717
2012,Females,10,42,40444
2012,Females,10,43,41713
2012,Females,10,44,42431
2012,Females,10,45,43548
2012,Females,10,46,43970
2012,Females,10,47,44835
2012,Females,10,48,44954
2012,Females,10,49,43682
2012,Females,10,50,42383
2012,Females,10,51,41123
2012,Females,10,52,38896
2012,Females,10,53,38248
2012,Females,10,54,37347
2012,Females,10,55,35542
2012,Females,10,56,34623
2012,Females,10,57,33630
2012,Females,10,58,33742
2012,Females,10,59,33811
2012,Females,10,60,33175
2012,Females,10,61,33660
2012,Females,10,62,35062
2012,Females,10,63,36439
2012,Females,10,64,38846
2012,Females,10,65,43136
2012,Females,10,66,32932
2012,Females,10,67,32276
2012,Females,10,68,32325
2012,Females,10,69,29630
2012,Females,10,70,25719
2012,Females,10,71,23398
2012,Females,10,72,24411
2012,Females,10,73,24859
2012,Females,10,74,23969
2012,Females,10,75,23187
2012,Females,10,76,22317
2012,Females,10,77,21541
2012,Females,10,78,19847
2012,Females,10,79,18901
2012,Females,10,80,18511
2012,Females,10,81,18104
2012,Females,10,82,16961
2012,Females,10,83,15463
2012,Females,10,84,13989
2012,Females,10,85,12896
2012,Females,10,86,11612
2012,Females,10,87,10416
2012,Females,10,88,9294
2012,Females,10,89,8316
2012,Females,10,90,32552
2013,Females,1,0,45023
2013,Females,1,1,46855
2013,Females,1,2,44810
2013,Females,1,3,43784
2013,Females,1,4,43052
2013,Females,1,5,42023
2013,Females,1,6,40444
2013,Females,1,7,39794
2013,Females,1,8,37501
2013,Females,1,9,35487
2013,Females,1,10,34541
2013,Females,1,11,32984
2013,Females,1,12,33974
2013,Females,1,13,33829
2013,Females,1,14,34651
2013,Females,1,15,34400
2013,Females,1,16,35908
2013,Females,1,17,35320
2013,Females,1,18,35470
2013,Females,1,19,36909
2013,Females,1,20,40525
2013,Females,1,21,42687
2013,Females,1,22,43467
2013,Females,1,23,42742
2013,Females,1,24,43477
2013,Females,1,25,46548
2013,Females,1,26,46374
2013,Females,1,27,45932
2013,Females,1,28,45100
2013,Females,1,29,43796
2013,Females,1,30,43584
2013,Females,1,31,42883
2013,Females,1,32,41534
2013,Females,1,33,40923
2013,Females,1,34,37561
2013,Females,1,35,34251
2013,Females,1,36,33086
2013,Females,1,37,33831
2013,Females,1,38,33127
2013,Females,1,39,33477
2013,Females,1,40,34277
2013,Females,1,41,35168
2013,Females,1,42,36691
2013,Females,1,43,35677
2013,Females,1,44,36302
2013,Females,1,45,35191
2013,Females,1,46,35291
2013,Females,1,47,34965
2013,Females,1,48,35020
2013,Females,1,49,34239
2013,Females,1,50,33625
2013,Females,1,51,32920
2013,Females,1,52,31191
2013,Females,1,53,30226
2013,Females,1,54,28973
2013,Females,1,55,28422
2013,Females,1,56,27410
2013,Females,1,57,26030
2013,Females,1,58,24728
2013,Females,1,59,24414
2013,Females,1,60,23878
2013,Females,1,61,22945
2013,Females,1,62,22486
2013,Females,1,63,22550
2013,Females,1,64,22618
2013,Females,1,65,23038
2013,Females,1,66,24160
2013,Females,1,67,18903
2013,Females,1,68,18236
2013,Females,1,69,17985
2013,Females,1,70,17852
2013,Females,1,71,16563
2013,Females,1,72,15644
2013,Females,1,73,16407
2013,Females,1,74,16137
2013,Females,1,75,16060
2013,Females,1,76,15214
2013,Females,1,77,14672
2013,Females,1,78,13848
2013,Females,1,79,12862
2013,Females,1,80,12280
2013,Females,1,81,12210
2013,Females,1,82,11536
2013,Females,1,83,10840
2013,Females,1,84,9732
2013,Females,1,85,8970
2013,Females,1,86,8184
2013,Females,1,87,7385
2013,Females,1,88,6661
2013,Females,1,89,5777
2013,Females,1,90,22992
2013,Females,2,0,42390
2013,Females,2,1,43275
2013,Females,2,2,41492
2013,Females,2,3,40183
2013,Females,2,4,39610
2013,Females,2,5,39542
2013,Females,2,6,37335
2013,Females,2,7,36547
2013,Females,2,8,34568
2013,Females,2,9,32854
2013,Females,2,10,31804
2013,Females,2,11,31278
2013,Females,2,12,31548
2013,Females,2,13,32124
2013,Females,2,14,32415
2013,Females,2,15,32759
2013,Females,2,16,34126
2013,Females,2,17,33870
2013,Females,2,18,34129
2013,Females,2,19,37586
2013,Females,2,20,41465
2013,Females,2,21,43632
2013,Females,2,22,45322
2013,Females,2,23,45324
2013,Females,2,24,46534
2013,Females,2,25,48321
2013,Females,2,26,48726
2013,Females,2,27,48665
2013,Females,2,28,48628
2013,Females,2,29,47203
2013,Females,2,30,46981
2013,Females,2,31,45973
2013,Females,2,32,44808
2013,Females,2,33,43896
2013,Females,2,34,40700
2013,Females,2,35,37556
2013,Females,2,36,35788
2013,Females,2,37,36145
2013,Females,2,38,36013
2013,Females,2,39,35722
2013,Females,2,40,36341
2013,Females,2,41,37346
2013,Females,2,42,38631
2013,Females,2,43,37741
2013,Females,2,44,37823
2013,Females,2,45,37739
2013,Females,2,46,37429
2013,Females,2,47,37612
2013,Females,2,48,37146
2013,Females,2,49,36080
2013,Females,2,50,35324
2013,Females,2,51,34312
2013,Females,2,52,32981
2013,Females,2,53,31690
2013,Females,2,54,30441
2013,Females,2,55,29201
2013,Females,2,56,28072
2013,Females,2,57,27069
2013,Females,2,58,25485
2013,Females,2,59,25469
2013,Females,2,60,24538
2013,Females,2,61,23812
2013,Females,2,62,23313
2013,Females,2,63,23660
2013,Females,2,64,23715
2013,Females,2,65,24116
2013,Females,2,66,25880
2013,Females,2,67,20222
2013,Females,2,68,19606
2013,Females,2,69,19529
2013,Females,2,70,18822
2013,Females,2,71,17462
2013,Females,2,72,16165
2013,Females,2,73,17002
2013,Females,2,74,16869
2013,Females,2,75,16423
2013,Females,2,76,15742
2013,Females,2,77,15157
2013,Females,2,78,14424
2013,Females,2,79,13555
2013,Females,2,80,13167
2013,Females,2,81,12969
2013,Females,2,82,12685
2013,Females,2,83,11788
2013,Females,2,84,10661
2013,Females,2,85,9709
2013,Females,2,86,9043
2013,Females,2,87,8419
2013,Females,2,88,7437
2013,Females,2,89,6433
2013,Females,2,90,25800
2013,Females,3,0,39088
2013,Females,3,1,39683
2013,Females,3,2,37889
2013,Females,3,3,37266
2013,Females,3,4,35924
2013,Females,3,5,35800
2013,Females,3,6,34359
2013,Females,3,7,33322
2013,Females,3,8,31093
2013,Females,3,9,30025
2013,Females,3,10,28880
2013,Females,3,11,28471
2013,Females,3,12,28688
2013,Females,3,13,29100
2013,Females,3,14,30348
2013,Females,3,15,30708
2013,Females,3,16,31781
2013,Females,3,17,31671
2013,Females,3,18,32656
2013,Females,3,19,38074
2013,Females,3,20,42066
2013,Females,3,21,44414
2013,Females,3,22,45661
2013,Females,3,23,46428
2013,Females,3,24,47006
2013,Females,3,25,47961
2013,Females,3,26,47914
2013,Females,3,27,48239
2013,Females,3,28,48688
2013,Females,3,29,47427
2013,Females,3,30,47320
2013,Females,3,31,45926
2013,Females,3,32,45074
2013,Females,3,33,44203
2013,Females,3,34,41361
2013,Females,3,35,37418
2013,Females,3,36,35930
2013,Females,3,37,35778
2013,Females,3,38,35504
2013,Females,3,39,35398
2013,Females,3,40,36553
2013,Females,3,41,37208
2013,Females,3,42,38000
2013,Females,3,43,37623
2013,Females,3,44,38104
2013,Females,3,45,37809
2013,Females,3,46,37732
2013,Females,3,47,37536
2013,Females,3,48,37343
2013,Females,3,49,36885
2013,Females,3,50,36116
2013,Females,3,51,34896
2013,Females,3,52,33682
2013,Females,3,53,32487
2013,Females,3,54,31273
2013,Females,3,55,30638
2013,Females,3,56,29273
2013,Females,3,57,28339
2013,Females,3,58,27082
2013,Females,3,59,26907
2013,Females,3,60,26026
2013,Females,3,61,25446
2013,Females,3,62,25330
2013,Females,3,63,25697
2013,Females,3,64,26011
2013,Females,3,65,27027
2013,Females,3,66,28563
2013,Females,3,67,22445
2013,Females,3,68,21669
2013,Females,3,69,21634
2013,Females,3,70,20397
2013,Females,3,71,18925
2013,Females,3,72,17340
2013,Females,3,73,18220
2013,Females,3,74,17947
2013,Females,3,75,17885
2013,Females,3,76,17038
2013,Females,3,77,16312
2013,Females,3,78,15860
2013,Females,3,79,14619
2013,Females,3,80,14234
2013,Females,3,81,14042
2013,Females,3,82,13504
2013,Females,3,83,12725
2013,Females,3,84,11726
2013,Females,3,85,10635
2013,Females,3,86,9691
2013,Females,3,87,9134
2013,Females,3,88,8049
2013,Females,3,89,7157
2013,Females,3,90,29099
2013,Females,4,0,35633
2013,Females,4,1,36277
2013,Females,4,2,35096
2013,Females,4,3,33708
2013,Females,4,4,32908
2013,Females,4,5,33121
2013,Females,4,6,31329
2013,Females,4,7,30404
2013,Females,4,8,28795
2013,Females,4,9,28379
2013,Females,4,10,27079
2013,Females,4,11,26407
2013,Females,4,12,27110
2013,Females,4,13,27854
2013,Females,4,14,28775
2013,Females,4,15,29525
2013,Females,4,16,30421
2013,Females,4,17,30461
2013,Females,4,18,31425
2013,Females,4,19,36985
2013,Females,4,20,41939
2013,Females,4,21,43724
2013,Females,4,22,43332
2013,Females,4,23,42159
2013,Females,4,24,43598
2013,Females,4,25,43783
2013,Females,4,26,43230
2013,Females,4,27,43975
2013,Females,4,28,44094
2013,Females,4,29,43436
2013,Females,4,30,43409
2013,Females,4,31,42889
2013,Females,4,32,42746
2013,Females,4,33,41955
2013,Females,4,34,39526
2013,Females,4,35,35935
2013,Females,4,36,34785
2013,Females,4,37,35153
2013,Females,4,38,35124
2013,Females,4,39,35023
2013,Females,4,40,35929
2013,Females,4,41,37499
2013,Females,4,42,38459
2013,Females,4,43,37181
2013,Females,4,44,38354
2013,Females,4,45,37929
2013,Females,4,46,38071
2013,Females,4,47,38269
2013,Females,4,48,38551
2013,Females,4,49,37667
2013,Females,4,50,36967
2013,Females,4,51,36626
2013,Females,4,52,35022
2013,Females,4,53,33784
2013,Females,4,54,32868
2013,Females,4,55,32161
2013,Females,4,56,31435
2013,Females,4,57,29785
2013,Females,4,58,28876
2013,Females,4,59,29250
2013,Females,4,60,28493
2013,Females,4,61,27686
2013,Females,4,62,27985
2013,Females,4,63,28762
2013,Females,4,64,29175
2013,Females,4,65,30670
2013,Females,4,66,32620
2013,Females,4,67,25853
2013,Females,4,68,24908
2013,Females,4,69,24595
2013,Females,4,70,23038
2013,Females,4,71,21364
2013,Females,4,72,19610
2013,Females,4,73,19988
2013,Females,4,74,19884
2013,Females,4,75,19355
2013,Females,4,76,18430
2013,Females,4,77,17814
2013,Females,4,78,17093
2013,Females,4,79,15975
2013,Females,4,80,15405
2013,Females,4,81,15187
2013,Females,4,82,14975
2013,Females,4,83,13963
2013,Females,4,84,12729
2013,Females,4,85,11513
2013,Females,4,86,10524
2013,Females,4,87,9679
2013,Females,4,88,8889
2013,Females,4,89,7809
2013,Females,4,90,31769
2013,Females,5,0,32077
2013,Females,5,1,32751
2013,Females,5,2,32041
2013,Females,5,3,31368
2013,Females,5,4,30604
2013,Females,5,5,30782
2013,Females,5,6,29648
2013,Females,5,7,28876
2013,Females,5,8,27869
2013,Females,5,9,27210
2013,Females,5,10,26090
2013,Females,5,11,26158
2013,Females,5,12,26703
2013,Females,5,13,27617
2013,Females,5,14,28562
2013,Females,5,15,28966
2013,Females,5,16,30009
2013,Females,5,17,29740
2013,Females,5,18,30433
2013,Females,5,19,33083
2013,Females,5,20,34995
2013,Females,5,21,36349
2013,Females,5,22,37273
2013,Females,5,23,37567
2013,Females,5,24,37892
2013,Females,5,25,38465
2013,Females,5,26,37930
2013,Females,5,27,38693
2013,Females,5,28,39113
2013,Females,5,29,38389
2013,Females,5,30,39068
2013,Females,5,31,38679
2013,Females,5,32,38784
2013,Females,5,33,38823
2013,Females,5,34,36761
2013,Females,5,35,33634
2013,Females,5,36,32622
2013,Females,5,37,33650
2013,Females,5,38,33916
2013,Females,5,39,34168
2013,Females,5,40,35499
2013,Females,5,41,37427
2013,Females,5,42,38674
2013,Females,5,43,37476
2013,Females,5,44,38796
2013,Females,5,45,38950
2013,Females,5,46,39077
2013,Females,5,47,39239
2013,Females,5,48,39639
2013,Females,5,49,39361
2013,Females,5,50,38674
2013,Females,5,51,37662
2013,Females,5,52,36533
2013,Females,5,53,35179
2013,Females,5,54,34704
2013,Females,5,55,33858
2013,Females,5,56,32616
2013,Females,5,57,31893
2013,Females,5,58,30871
2013,Females,5,59,31239
2013,Females,5,60,31192
2013,Females,5,61,30088
2013,Females,5,62,30528
2013,Females,5,63,31431
2013,Females,5,64,31669
2013,Females,5,65,33505
2013,Females,5,66,37045
2013,Females,5,67,28612
2013,Females,5,68,27910
2013,Females,5,69,27531
2013,Females,5,70,25860
2013,Females,5,71,23374
2013,Females,5,72,21044
2013,Females,5,73,22004
2013,Females,5,74,21832
2013,Females,5,75,21310
2013,Females,5,76,20175
2013,Females,5,77,19632
2013,Females,5,78,18509
2013,Females,5,79,17630
2013,Females,5,80,16807
2013,Females,5,81,16639
2013,Females,5,82,15985
2013,Females,5,83,15080
2013,Females,5,84,13547
2013,Females,5,85,12358
2013,Females,5,86,11459
2013,Females,5,87,10523
2013,Females,5,88,9316
2013,Females,5,89,8446
2013,Females,5,90,34495
2013,Females,6,0,30389
2013,Females,6,1,31550
2013,Females,6,2,30887
2013,Females,6,3,30410
2013,Females,6,4,29950
2013,Females,6,5,30351
2013,Females,6,6,29232
2013,Females,6,7,28734
2013,Females,6,8,27594
2013,Females,6,9,27226
2013,Females,6,10,26316
2013,Females,6,11,25954
2013,Females,6,12,26812
2013,Females,6,13,27610
2013,Females,6,14,28511
2013,Females,6,15,29421
2013,Females,6,16,30032
2013,Females,6,17,29648
2013,Females,6,18,29682
2013,Females,6,19,29195
2013,Females,6,20,30132
2013,Females,6,21,31492
2013,Females,6,22,33031
2013,Females,6,23,33332
2013,Females,6,24,34093
2013,Females,6,25,35073
2013,Females,6,26,35072
2013,Females,6,27,35404
2013,Females,6,28,36091
2013,Females,6,29,35755
2013,Females,6,30,36624
2013,Females,6,31,36756
2013,Females,6,32,37041
2013,Females,6,33,37376
2013,Females,6,34,35936
2013,Females,6,35,33215
2013,Females,6,36,32600
2013,Females,6,37,32996
2013,Females,6,38,34221
2013,Females,6,39,34823
2013,Females,6,40,36623
2013,Females,6,41,38079
2013,Females,6,42,39618
2013,Females,6,43,38752
2013,Females,6,44,39376
2013,Females,6,45,40021
2013,Females,6,46,40608
2013,Females,6,47,41106
2013,Females,6,48,41057
2013,Females,6,49,40868
2013,Females,6,50,39886
2013,Females,6,51,39294
2013,Females,6,52,37651
2013,Females,6,53,36331
2013,Females,6,54,36006
2013,Females,6,55,34857
2013,Females,6,56,34206
2013,Females,6,57,33087
2013,Females,6,58,32358
2013,Females,6,59,32569
2013,Females,6,60,32003
2013,Females,6,61,31701
2013,Females,6,62,32090
2013,Females,6,63,32967
2013,Females,6,64,33780
2013,Females,6,65,36438
2013,Females,6,66,39432
2013,Females,6,67,30701
2013,Females,6,68,29985
2013,Females,6,69,29848
2013,Females,6,70,27634
2013,Females,6,71,24852
2013,Females,6,72,22190
2013,Females,6,73,23231
2013,Females,6,74,23089
2013,Females,6,75,22129
2013,Females,6,76,21394
2013,Females,6,77,20620
2013,Females,6,78,19738
2013,Females,6,79,18096
2013,Females,6,80,17777
2013,Females,6,81,17373
2013,Females,6,82,16614
2013,Females,6,83,15609
2013,Females,6,84,14563
2013,Females,6,85,13039
2013,Females,6,86,11921
2013,Females,6,87,10950
2013,Females,6,88,9877
2013,Females,6,89,8829
2013,Females,6,90,36614
2013,Females,7,0,27779
2013,Females,7,1,28910
2013,Females,7,2,29046
2013,Females,7,3,28661
2013,Females,7,4,28595
2013,Females,7,5,29010
2013,Females,7,6,28283
2013,Females,7,7,27795
2013,Females,7,8,26919
2013,Females,7,9,26909
2013,Females,7,10,26285
2013,Females,7,11,25961
2013,Females,7,12,26980
2013,Females,7,13,27668
2013,Females,7,14,28755
2013,Females,7,15,29240
2013,Females,7,16,29988
2013,Females,7,17,29923
2013,Females,7,18,29610
2013,Females,7,19,30406
2013,Females,7,20,29124
2013,Females,7,21,31040
2013,Females,7,22,31686
2013,Females,7,23,31093
2013,Females,7,24,31057
2013,Females,7,25,31522
2013,Females,7,26,30991
2013,Females,7,27,31250
2013,Females,7,28,31744
2013,Females,7,29,31736
2013,Females,7,30,32347
2013,Females,7,31,33351
2013,Females,7,32,34389
2013,Females,7,33,34712
2013,Females,7,34,33567
2013,Females,7,35,31672
2013,Females,7,36,31517
2013,Females,7,37,32197
2013,Females,7,38,33279
2013,Females,7,39,34608
2013,Females,7,40,36245
2013,Females,7,41,37824
2013,Females,7,42,39495
2013,Females,7,43,39182
2013,Females,7,44,39985
2013,Females,7,45,40110
2013,Females,7,46,41200
2013,Females,7,47,41231
2013,Females,7,48,41756
2013,Females,7,49,41937
2013,Females,7,50,40525
2013,Females,7,51,39555
2013,Females,7,52,38598
2013,Females,7,53,37456
2013,Females,7,54,36395
2013,Females,7,55,36038
2013,Females,7,56,34934
2013,Females,7,57,33574
2013,Females,7,58,32655
2013,Females,7,59,33417
2013,Females,7,60,33258
2013,Females,7,61,32532
2013,Females,7,62,33209
2013,Females,7,63,33953
2013,Females,7,64,35368
2013,Females,7,65,37798
2013,Females,7,66,41020
2013,Females,7,67,31896
2013,Females,7,68,30857
2013,Females,7,69,31240
2013,Females,7,70,28821
2013,Females,7,71,25853
2013,Females,7,72,22974
2013,Females,7,73,24037
2013,Females,7,74,23695
2013,Females,7,75,23117
2013,Females,7,76,22278
2013,Females,7,77,20772
2013,Females,7,78,20111
2013,Females,7,79,18799
2013,Females,7,80,18169
2013,Females,7,81,17562
2013,Females,7,82,16835
2013,Females,7,83,15971
2013,Females,7,84,14370
2013,Females,7,85,13009
2013,Females,7,86,11942
2013,Females,7,87,10788
2013,Females,7,88,9934
2013,Females,7,89,8829
2013,Females,7,90,36365
2013,Females,8,0,27250
2013,Females,8,1,28848
2013,Females,8,2,29075
2013,Females,8,3,28853
2013,Females,8,4,28830
2013,Females,8,5,29321
2013,Females,8,6,28648
2013,Females,8,7,28554
2013,Females,8,8,27516
2013,Females,8,9,27707
2013,Females,8,10,26833
2013,Females,8,11,26190
2013,Females,8,12,27385
2013,Females,8,13,28423
2013,Females,8,14,29135
2013,Females,8,15,29516
2013,Females,8,16,30073
2013,Females,8,17,30016
2013,Females,8,18,29830
2013,Females,8,19,29293
2013,Females,8,20,27812
2013,Females,8,21,29209
2013,Females,8,22,29997
2013,Females,8,23,30105
2013,Females,8,24,29777
2013,Females,8,25,30186
2013,Females,8,26,29903
2013,Females,8,27,29830
2013,Females,8,28,30159
2013,Females,8,29,30252
2013,Females,8,30,30915
2013,Females,8,31,31846
2013,Females,8,32,33270
2013,Females,8,33,33383
2013,Females,8,34,33118
2013,Females,8,35,30957
2013,Females,8,36,31537
2013,Females,8,37,32267
2013,Females,8,38,33606
2013,Females,8,39,34965
2013,Females,8,40,36918
2013,Females,8,41,38617
2013,Females,8,42,40602
2013,Females,8,43,38944
2013,Females,8,44,40718
2013,Females,8,45,40858
2013,Females,8,46,41673
2013,Females,8,47,42124
2013,Females,8,48,42383
2013,Females,8,49,41930
2013,Females,8,50,41381
2013,Females,8,51,40264
2013,Females,8,52,38858
2013,Females,8,53,37105
2013,Females,8,54,36550
2013,Females,8,55,36117
2013,Females,8,56,34355
2013,Females,8,57,33510
2013,Females,8,58,32989
2013,Females,8,59,33220
2013,Females,8,60,32937
2013,Females,8,61,32577
2013,Females,8,62,33026
2013,Females,8,63,34347
2013,Females,8,64,35375
2013,Females,8,65,38196
2013,Females,8,66,41924
2013,Females,8,67,32107
2013,Females,8,68,31427
2013,Females,8,69,31277
2013,Females,8,70,29234
2013,Females,8,71,25830
2013,Females,8,72,23088
2013,Females,8,73,23834
2013,Females,8,74,24045
2013,Females,8,75,23293
2013,Females,8,76,22023
2013,Females,8,77,21283
2013,Females,8,78,19983
2013,Females,8,79,18953
2013,Females,8,80,18217
2013,Females,8,81,17620
2013,Females,8,82,16682
2013,Females,8,83,16237
2013,Females,8,84,14581
2013,Females,8,85,13185
2013,Females,8,86,11944
2013,Females,8,87,10983
2013,Females,8,88,9780
2013,Females,8,89,8687
2013,Females,8,90,36450
2013,Females,9,0,26014
2013,Females,9,1,27788
2013,Females,9,2,28367
2013,Females,9,3,28615
2013,Females,9,4,28305
2013,Females,9,5,29297
2013,Females,9,6,29201
2013,Females,9,7,28977
2013,Females,9,8,28098
2013,Females,9,9,28323
2013,Females,9,10,27660
2013,Females,9,11,27390
2013,Females,9,12,28301
2013,Females,9,13,29228
2013,Females,9,14,30395
2013,Females,9,15,30875
2013,Females,9,16,31158
2013,Females,9,17,31336
2013,Females,9,18,31766
2013,Females,9,19,30730
2013,Females,9,20,25823
2013,Females,9,21,26719
2013,Females,9,22,27908
2013,Females,9,23,27487
2013,Females,9,24,26852
2013,Females,9,25,27013
2013,Females,9,26,26067
2013,Females,9,27,26150
2013,Females,9,28,26520
2013,Females,9,29,26682
2013,Females,9,30,27745
2013,Females,9,31,29120
2013,Females,9,32,30472
2013,Females,9,33,31774
2013,Females,9,34,31430
2013,Females,9,35,30333
2013,Females,9,36,30837
2013,Females,9,37,32018
2013,Females,9,38,33816
2013,Females,9,39,35222
2013,Females,9,40,37465
2013,Females,9,41,39575
2013,Females,9,42,41338
2013,Females,9,43,40138
2013,Females,9,44,41803
2013,Females,9,45,41463
2013,Females,9,46,42231
2013,Females,9,47,43214
2013,Females,9,48,43164
2013,Females,9,49,42914
2013,Females,9,50,42350
2013,Females,9,51,40944
2013,Females,9,52,39662
2013,Females,9,53,37644
2013,Females,9,54,37363
2013,Females,9,55,36684
2013,Females,9,56,35400
2013,Females,9,57,33975
2013,Females,9,58,33010
2013,Females,9,59,33552
2013,Females,9,60,33251
2013,Females,9,61,32848
2013,Females,9,62,33479
2013,Females,9,63,34579
2013,Females,9,64,36162
2013,Females,9,65,39019
2013,Females,9,66,42703
2013,Females,9,67,32741
2013,Females,9,68,32156
2013,Females,9,69,32432
2013,Females,9,70,29755
2013,Females,9,71,25926
2013,Females,9,72,23267
2013,Females,9,73,24282
2013,Females,9,74,24412
2013,Females,9,75,23700
2013,Females,9,76,22713
2013,Females,9,77,21369
2013,Females,9,78,20433
2013,Females,9,79,19322
2013,Females,9,80,18121
2013,Females,9,81,17889
2013,Females,9,82,17273
2013,Females,9,83,16129
2013,Females,9,84,14712
2013,Females,9,85,13395
2013,Females,9,86,12236
2013,Females,9,87,11019
2013,Females,9,88,9623
2013,Females,9,89,8840
2013,Females,9,90,35745
2013,Females,10,0,23597
2013,Females,10,1,26083
2013,Females,10,2,27187
2013,Females,10,3,28329
2013,Females,10,4,29205
2013,Females,10,5,30471
2013,Females,10,6,30478
2013,Females,10,7,30137
2013,Females,10,8,29757
2013,Females,10,9,30290
2013,Females,10,10,29714
2013,Females,10,11,29346
2013,Females,10,12,30950
2013,Females,10,13,31432
2013,Females,10,14,32444
2013,Females,10,15,32075
2013,Females,10,16,32365
2013,Females,10,17,32396
2013,Females,10,18,31646
2013,Females,10,19,27453
2013,Females,10,20,21983
2013,Females,10,21,22866
2013,Females,10,22,24655
2013,Females,10,23,24323
2013,Females,10,24,23202
2013,Females,10,25,22586
2013,Females,10,26,21332
2013,Females,10,27,20696
2013,Females,10,28,20892
2013,Females,10,29,21172
2013,Females,10,30,22849
2013,Females,10,31,24273
2013,Females,10,32,26294
2013,Females,10,33,27814
2013,Females,10,34,28499
2013,Females,10,35,28601
2013,Females,10,36,29570
2013,Females,10,37,31193
2013,Females,10,38,33387
2013,Females,10,39,35268
2013,Females,10,40,37581
2013,Females,10,41,39948
2013,Females,10,42,42015
2013,Females,10,43,40827
2013,Females,10,44,41854
2013,Females,10,45,42454
2013,Females,10,46,43480
2013,Females,10,47,43913
2013,Females,10,48,44800
2013,Females,10,49,44810
2013,Females,10,50,43168
2013,Females,10,51,42100
2013,Females,10,52,40857
2013,Females,10,53,38551
2013,Females,10,54,38034
2013,Females,10,55,37027
2013,Females,10,56,35416
2013,Females,10,57,34377
2013,Females,10,58,33332
2013,Females,10,59,33459
2013,Females,10,60,33741
2013,Females,10,61,32870
2013,Females,10,62,33526
2013,Females,10,63,34863
2013,Females,10,64,36291
2013,Females,10,65,38692
2013,Females,10,66,42959
2013,Females,10,67,32733
2013,Females,10,68,32139
2013,Females,10,69,32137
2013,Females,10,70,29536
2013,Females,10,71,25537
2013,Females,10,72,23162
2013,Females,10,73,24186
2013,Females,10,74,24631
2013,Females,10,75,23628
2013,Females,10,76,22888
2013,Females,10,77,21881
2013,Females,10,78,21069
2013,Females,10,79,19359
2013,Females,10,80,18352
2013,Females,10,81,17913
2013,Females,10,82,17359
2013,Females,10,83,16200
2013,Females,10,84,14588
2013,Females,10,85,13162
2013,Females,10,86,11913
2013,Females,10,87,10698
2013,Females,10,88,9433
2013,Females,10,89,8328
2013,Females,10,90,33768
2014,Females,1,0,44217
2014,Females,1,1,45239
2014,Females,1,2,46751
2014,Females,1,3,44672
2014,Females,1,4,43471
2014,Females,1,5,42659
2014,Females,1,6,41981
2014,Females,1,7,40250
2014,Females,1,8,39667
2014,Females,1,9,37295
2014,Females,1,10,35796
2014,Females,1,11,34488
2014,Females,1,12,33052
2014,Females,1,13,34073
2014,Females,1,14,33997
2014,Females,1,15,34392
2014,Females,1,16,34610
2014,Females,1,17,36353
2014,Females,1,18,35633
2014,Females,1,19,36111
2014,Females,1,20,39752
2014,Females,1,21,40729
2014,Females,1,22,43110
2014,Females,1,23,44029
2014,Females,1,24,43379
2014,Females,1,25,45772
2014,Females,1,26,46724
2014,Females,1,27,46122
2014,Females,1,28,45569
2014,Females,1,29,44740
2014,Females,1,30,44080
2014,Females,1,31,43222
2014,Females,1,32,42496
2014,Females,1,33,40938
2014,Females,1,34,40614
2014,Females,1,35,37580
2014,Females,1,36,34095
2014,Females,1,37,32980
2014,Females,1,38,33644
2014,Females,1,39,32802
2014,Females,1,40,33148
2014,Females,1,41,34129
2014,Females,1,42,35056
2014,Females,1,43,36567
2014,Females,1,44,35629
2014,Females,1,45,36255
2014,Females,1,46,35141
2014,Females,1,47,35212
2014,Females,1,48,34830
2014,Females,1,49,35063
2014,Females,1,50,34242
2014,Females,1,51,33588
2014,Females,1,52,32757
2014,Females,1,53,31107
2014,Females,1,54,30015
2014,Females,1,55,28814
2014,Females,1,56,28254
2014,Females,1,57,27239
2014,Females,1,58,25741
2014,Females,1,59,24518
2014,Females,1,60,24411
2014,Females,1,61,23653
2014,Females,1,62,22670
2014,Females,1,63,22167
2014,Females,1,64,22172
2014,Females,1,65,22225
2014,Females,1,66,22654
2014,Females,1,67,23704
2014,Females,1,68,18557
2014,Females,1,69,17876
2014,Females,1,70,17548
2014,Females,1,71,17388
2014,Females,1,72,16135
2014,Females,1,73,15245
2014,Females,1,74,15880
2014,Females,1,75,15573
2014,Females,1,76,15384
2014,Females,1,77,14613
2014,Females,1,78,13963
2014,Females,1,79,13217
2014,Females,1,80,12215
2014,Females,1,81,11521
2014,Females,1,82,11391
2014,Females,1,83,10757
2014,Females,1,84,10091
2014,Females,1,85,8885
2014,Females,1,86,8117
2014,Females,1,87,7354
2014,Females,1,88,6523
2014,Females,1,89,5859
2014,Females,1,90,23485
2014,Females,2,0,41164
2014,Females,2,1,42219
2014,Females,2,2,43131
2014,Females,2,3,41482
2014,Females,2,4,40084
2014,Females,2,5,39627
2014,Females,2,6,39571
2014,Females,2,7,37365
2014,Females,2,8,36559
2014,Females,2,9,34537
2014,Females,2,10,33036
2014,Females,2,11,31990
2014,Females,2,12,31297
2014,Females,2,13,31655
2014,Females,2,14,32151
2014,Females,2,15,32461
2014,Females,2,16,33114
2014,Females,2,17,34323
2014,Females,2,18,34545
2014,Females,2,19,35987
2014,Females,2,20,40557
2014,Females,2,21,41831
2014,Females,2,22,44404
2014,Females,2,23,46033
2014,Females,2,24,46298
2014,Females,2,25,47771
2014,Females,2,26,48976
2014,Females,2,27,49111
2014,Females,2,28,48808
2014,Females,2,29,48544
2014,Females,2,30,46995
2014,Females,2,31,46642
2014,Females,2,32,45289
2014,Females,2,33,44075
2014,Females,2,34,43305
2014,Females,2,35,40497
2014,Females,2,36,37207
2014,Females,2,37,35556
2014,Females,2,38,35876
2014,Females,2,39,35924
2014,Females,2,40,35110
2014,Females,2,41,36192
2014,Females,2,42,37158
2014,Females,2,43,38407
2014,Females,2,44,37540
2014,Females,2,45,37892
2014,Females,2,46,37568
2014,Females,2,47,37316
2014,Females,2,48,37472
2014,Females,2,49,37127
2014,Females,2,50,36093
2014,Females,2,51,35071
2014,Females,2,52,34297
2014,Females,2,53,32852
2014,Females,2,54,31573
2014,Females,2,55,30380
2014,Females,2,56,29059
2014,Females,2,57,27884
2014,Females,2,58,26927
2014,Females,2,59,25397
2014,Females,2,60,25324
2014,Females,2,61,24385
2014,Females,2,62,23611
2014,Females,2,63,23079
2014,Females,2,64,23503
2014,Females,2,65,23456
2014,Females,2,66,23814
2014,Females,2,67,25537
2014,Females,2,68,19980
2014,Females,2,69,19251
2014,Females,2,70,19108
2014,Females,2,71,18371
2014,Females,2,72,17067
2014,Females,2,73,15807
2014,Females,2,74,16565
2014,Females,2,75,16380
2014,Females,2,76,15996
2014,Females,2,77,15250
2014,Females,2,78,14554
2014,Females,2,79,13918
2014,Females,2,80,12902
2014,Females,2,81,12545
2014,Females,2,82,12301
2014,Females,2,83,11903
2014,Females,2,84,11005
2014,Females,2,85,9848
2014,Females,2,86,8918
2014,Females,2,87,8145
2014,Females,2,88,7508
2014,Females,2,89,6477
2014,Females,2,90,26669
2014,Females,3,0,38544
2014,Females,3,1,38750
2014,Females,3,2,39446
2014,Females,3,3,37622
2014,Females,3,4,36990
2014,Females,3,5,36036
2014,Females,3,6,35824
2014,Females,3,7,34361
2014,Females,3,8,33234
2014,Females,3,9,31174
2014,Females,3,10,30069
2014,Females,3,11,28862
2014,Females,3,12,28572
2014,Females,3,13,28831
2014,Females,3,14,29306
2014,Females,3,15,30779
2014,Females,3,16,30880
2014,Females,3,17,32064
2014,Females,3,18,32932
2014,Females,3,19,37271
2014,Females,3,20,41463
2014,Females,3,21,43008
2014,Females,3,22,45747
2014,Females,3,23,47363
2014,Females,3,24,47912
2014,Females,3,25,47273
2014,Females,3,26,48568
2014,Females,3,27,48411
2014,Females,3,28,48475
2014,Females,3,29,48596
2014,Females,3,30,46811
2014,Females,3,31,46571
2014,Females,3,32,45289
2014,Females,3,33,44357
2014,Females,3,34,43794
2014,Females,3,35,40556
2014,Females,3,36,37081
2014,Females,3,37,35406
2014,Females,3,38,35528
2014,Females,3,39,35200
2014,Females,3,40,35100
2014,Females,3,41,36377
2014,Females,3,42,37039
2014,Females,3,43,37882
2014,Females,3,44,37526
2014,Females,3,45,38107
2014,Females,3,46,37802
2014,Females,3,47,37692
2014,Females,3,48,37615
2014,Females,3,49,37377
2014,Females,3,50,36914
2014,Females,3,51,36030
2014,Females,3,52,34773
2014,Females,3,53,33797
2014,Females,3,54,32373
2014,Females,3,55,31275
2014,Females,3,56,30514
2014,Females,3,57,29219
2014,Females,3,58,28294
2014,Females,3,59,26958
2014,Females,3,60,26779
2014,Females,3,61,25828
2014,Females,3,62,25253
2014,Females,3,63,25069
2014,Females,3,64,25492
2014,Females,3,65,25754
2014,Females,3,66,26764
2014,Females,3,67,28335
2014,Females,3,68,22218
2014,Females,3,69,21432
2014,Females,3,70,21194
2014,Females,3,71,20132
2014,Females,3,72,18653
2014,Females,3,73,16947
2014,Females,3,74,17768
2014,Females,3,75,17593
2014,Females,3,76,17414
2014,Females,3,77,16570
2014,Females,3,78,15883
2014,Females,3,79,15345
2014,Females,3,80,14164
2014,Females,3,81,13478
2014,Females,3,82,13268
2014,Females,3,83,12680
2014,Females,3,84,11928
2014,Females,3,85,10877
2014,Females,3,86,9721
2014,Females,3,87,8776
2014,Females,3,88,8216
2014,Females,3,89,7187
2014,Females,3,90,29880
2014,Females,4,0,34688
2014,Females,4,1,35424
2014,Females,4,2,36237
2014,Females,4,3,34922
2014,Females,4,4,33548
2014,Females,4,5,33005
2014,Females,4,6,33101
2014,Females,4,7,31482
2014,Females,4,8,30452
2014,Females,4,9,28894
2014,Females,4,10,28420
2014,Females,4,11,27349
2014,Females,4,12,26716
2014,Females,4,13,27319
2014,Females,4,14,27867
2014,Females,4,15,29299
2014,Females,4,16,29771
2014,Females,4,17,30658
2014,Females,4,18,31971
2014,Females,4,19,37177
2014,Females,4,20,41459
2014,Females,4,21,42256
2014,Females,4,22,43024
2014,Females,4,23,43888
2014,Females,4,24,43346
2014,Females,4,25,43252
2014,Females,4,26,44472
2014,Females,4,27,43808
2014,Females,4,28,44117
2014,Females,4,29,44267
2014,Females,4,30,43259
2014,Females,4,31,43177
2014,Females,4,32,42420
2014,Females,4,33,42412
2014,Females,4,34,41569
2014,Females,4,35,38702
2014,Females,4,36,35509
2014,Females,4,37,34435
2014,Females,4,38,35025
2014,Females,4,39,34853
2014,Females,4,40,34755
2014,Females,4,41,35744
2014,Females,4,42,37374
2014,Females,4,43,38324
2014,Females,4,44,37179
2014,Females,4,45,38312
2014,Females,4,46,37917
2014,Females,4,47,38076
2014,Females,4,48,38371
2014,Females,4,49,38657
2014,Females,4,50,37706
2014,Females,4,51,37057
2014,Females,4,52,36706
2014,Females,4,53,35051
2014,Females,4,54,33756
2014,Females,4,55,33041
2014,Females,4,56,32177
2014,Females,4,57,31422
2014,Females,4,58,29813
2014,Females,4,59,28851
2014,Females,4,60,29230
2014,Females,4,61,28490
2014,Females,4,62,27557
2014,Females,4,63,27890
2014,Females,4,64,28709
2014,Females,4,65,28894
2014,Females,4,66,30492
2014,Females,4,67,32346
2014,Females,4,68,25609
2014,Females,4,69,24671
2014,Females,4,70,24235
2014,Females,4,71,22804
2014,Females,4,72,20990
2014,Females,4,73,19240
2014,Females,4,74,19583
2014,Females,4,75,19494
2014,Females,4,76,18988
2014,Females,4,77,17966
2014,Females,4,78,17342
2014,Females,4,79,16539
2014,Females,4,80,15358
2014,Females,4,81,14805
2014,Females,4,82,14429
2014,Females,4,83,14240
2014,Females,4,84,13173
2014,Females,4,85,11832
2014,Females,4,86,10605
2014,Females,4,87,9603
2014,Females,4,88,8756
2014,Females,4,89,7851
2014,Females,4,90,32878
2014,Females,5,0,31470
2014,Females,5,1,32102
2014,Females,5,2,32682
2014,Females,5,3,32073
2014,Females,5,4,31556
2014,Females,5,5,30706
2014,Females,5,6,31064
2014,Females,5,7,29637
2014,Females,5,8,29002
2014,Females,5,9,28032
2014,Females,5,10,27396
2014,Females,5,11,26231
2014,Females,5,12,26316
2014,Females,5,13,26885
2014,Females,5,14,27678
2014,Females,5,15,28879
2014,Females,5,16,29110
2014,Females,5,17,30241
2014,Females,5,18,30305
2014,Females,5,19,32178
2014,Females,5,20,34625
2014,Females,5,21,35468
2014,Females,5,22,36819
2014,Females,5,23,38201
2014,Females,5,24,38120
2014,Females,5,25,38046
2014,Females,5,26,38898
2014,Females,5,27,38292
2014,Females,5,28,39173
2014,Females,5,29,39544
2014,Females,5,30,38092
2014,Females,5,31,39018
2014,Females,5,32,38426
2014,Females,5,33,38795
2014,Females,5,34,38451
2014,Females,5,35,36533
2014,Females,5,36,33395
2014,Females,5,37,32597
2014,Females,5,38,33377
2014,Females,5,39,34036
2014,Females,5,40,34104
2014,Females,5,41,35427
2014,Females,5,42,37378
2014,Females,5,43,38542
2014,Females,5,44,37397
2014,Females,5,45,38939
2014,Females,5,46,38889
2014,Females,5,47,39192
2014,Females,5,48,39421
2014,Females,5,49,39753
2014,Females,5,50,39514
2014,Females,5,51,38667
2014,Females,5,52,37748
2014,Females,5,53,36524
2014,Females,5,54,35256
2014,Females,5,55,34739
2014,Females,5,56,33920
2014,Females,5,57,32652
2014,Females,5,58,31952
2014,Females,5,59,30852
2014,Females,5,60,31152
2014,Females,5,61,31221
2014,Females,5,62,30073
2014,Females,5,63,30566
2014,Females,5,64,31240
2014,Females,5,65,31512
2014,Females,5,66,33363
2014,Females,5,67,36751
2014,Females,5,68,28362
2014,Females,5,69,27605
2014,Females,5,70,27303
2014,Females,5,71,25531
2014,Females,5,72,23017
2014,Females,5,73,20751
2014,Females,5,74,21623
2014,Females,5,75,21433
2014,Females,5,76,20831
2014,Females,5,77,19731
2014,Females,5,78,19174
2014,Females,5,79,17949
2014,Females,5,80,17000
2014,Females,5,81,16213
2014,Females,5,82,15910
2014,Females,5,83,15193
2014,Females,5,84,14237
2014,Females,5,85,12721
2014,Females,5,86,11451
2014,Females,5,87,10492
2014,Females,5,88,9479
2014,Females,5,89,8289
2014,Females,5,90,35470
2014,Females,6,0,30073
2014,Females,6,1,30634
2014,Females,6,2,31733
2014,Females,6,3,31113
2014,Females,6,4,30648
2014,Females,6,5,30023
2014,Females,6,6,30367
2014,Females,6,7,29453
2014,Females,6,8,28770
2014,Females,6,9,27825
2014,Females,6,10,27247
2014,Females,6,11,26577
2014,Females,6,12,26134
2014,Females,6,13,27031
2014,Females,6,14,27948
2014,Females,6,15,28816
2014,Females,6,16,29516
2014,Females,6,17,30141
2014,Females,6,18,29300
2014,Females,6,19,28311
2014,Females,6,20,29985
2014,Females,6,21,30814
2014,Females,6,22,32812
2014,Females,6,23,34107
2014,Females,6,24,34127
2014,Females,6,25,34817
2014,Females,6,26,35780
2014,Females,6,27,35543
2014,Females,6,28,35765
2014,Females,6,29,36540
2014,Females,6,30,35836
2014,Females,6,31,36746
2014,Females,6,32,36999
2014,Females,6,33,37322
2014,Females,6,34,37229
2014,Females,6,35,35391
2014,Females,6,36,33135
2014,Females,6,37,32694
2014,Females,6,38,33054
2014,Females,6,39,34127
2014,Females,6,40,35051
2014,Females,6,41,36712
2014,Females,6,42,38234
2014,Females,6,43,39566
2014,Females,6,44,38775
2014,Females,6,45,39520
2014,Females,6,46,40108
2014,Females,6,47,40711
2014,Females,6,48,41236
2014,Females,6,49,41124
2014,Females,6,50,40993
2014,Females,6,51,40080
2014,Females,6,52,39487
2014,Females,6,53,37608
2014,Females,6,54,36444
2014,Females,6,55,36002
2014,Females,6,56,34939
2014,Females,6,57,34250
2014,Females,6,58,33106
2014,Females,6,59,32378
2014,Females,6,60,32466
2014,Females,6,61,32070
2014,Females,6,62,31615
2014,Females,6,63,31955
2014,Females,6,64,32870
2014,Females,6,65,33830
2014,Females,6,66,36263
2014,Females,6,67,39213
2014,Females,6,68,30456
2014,Females,6,69,29765
2014,Females,6,70,29639
2014,Females,6,71,27351
2014,Females,6,72,24543
2014,Females,6,73,21884
2014,Females,6,74,22938
2014,Females,6,75,22699
2014,Females,6,76,21713
2014,Females,6,77,20962
2014,Females,6,78,20182
2014,Females,6,79,19107
2014,Females,6,80,17546
2014,Females,6,81,17235
2014,Females,6,82,16711
2014,Females,6,83,15878
2014,Females,6,84,14761
2014,Females,6,85,13767
2014,Females,6,86,12103
2014,Females,6,87,11015
2014,Females,6,88,10033
2014,Females,6,89,8836
2014,Females,6,90,37938
2014,Females,7,0,27387
2014,Females,7,1,28400
2014,Females,7,2,29345
2014,Females,7,3,29608
2014,Females,7,4,29171
2014,Females,7,5,29029
2014,Females,7,6,29366
2014,Females,7,7,28607
2014,Females,7,8,28105
2014,Females,7,9,27189
2014,Females,7,10,26946
2014,Females,7,11,26501
2014,Females,7,12,26077
2014,Females,7,13,27335
2014,Females,7,14,27921
2014,Females,7,15,28957
2014,Females,7,16,29577
2014,Females,7,17,30029
2014,Females,7,18,29919
2014,Females,7,19,29155
2014,Females,7,20,30035
2014,Females,7,21,29815
2014,Females,7,22,31579
2014,Females,7,23,31847
2014,Females,7,24,31298
2014,Females,7,25,31192
2014,Females,7,26,31906
2014,Females,7,27,31604
2014,Females,7,28,32006
2014,Females,7,29,32271
2014,Females,7,30,32214
2014,Females,7,31,32922
2014,Females,7,32,33612
2014,Females,7,33,34870
2014,Females,7,34,34917
2014,Females,7,35,33945
2014,Females,7,36,31863
2014,Females,7,37,31604
2014,Females,7,38,32305
2014,Females,7,39,33506
2014,Females,7,40,34752
2014,Females,7,41,36390
2014,Females,7,42,37957
2014,Females,7,43,39640
2014,Females,7,44,39216
2014,Females,7,45,40125
2014,Females,7,46,40215
2014,Females,7,47,41265
2014,Females,7,48,41203
2014,Females,7,49,41921
2014,Females,7,50,41889
2014,Females,7,51,40667
2014,Females,7,52,39591
2014,Females,7,53,38711
2014,Females,7,54,37541
2014,Females,7,55,36492
2014,Females,7,56,36010
2014,Females,7,57,35077
2014,Females,7,58,33553
2014,Females,7,59,32533
2014,Females,7,60,33231
2014,Females,7,61,33177
2014,Females,7,62,32544
2014,Females,7,63,33218
2014,Females,7,64,33925
2014,Females,7,65,35215
2014,Females,7,66,37541
2014,Females,7,67,40791
2014,Females,7,68,31707
2014,Females,7,69,30690
2014,Females,7,70,31085
2014,Females,7,71,28584
2014,Females,7,72,25527
2014,Females,7,73,22651
2014,Females,7,74,23740
2014,Females,7,75,23343
2014,Females,7,76,22636
2014,Females,7,77,21808
2014,Females,7,78,20390
2014,Females,7,79,19622
2014,Females,7,80,18169
2014,Females,7,81,17523
2014,Females,7,82,16845
2014,Females,7,83,16054
2014,Females,7,84,14953
2014,Females,7,85,13381
2014,Females,7,86,12188
2014,Females,7,87,10956
2014,Females,7,88,9803
2014,Females,7,89,8995
2014,Females,7,90,37831
2014,Females,8,0,27018
2014,Females,8,1,27780
2014,Females,8,2,29487
2014,Females,8,3,29514
2014,Females,8,4,29289
2014,Females,8,5,29274
2014,Females,8,6,29587
2014,Females,8,7,29007
2014,Females,8,8,28885
2014,Females,8,9,27810
2014,Females,8,10,27856
2014,Females,8,11,26961
2014,Females,8,12,26525
2014,Females,8,13,27584
2014,Females,8,14,28595
2014,Females,8,15,29324
2014,Females,8,16,29756
2014,Females,8,17,30347
2014,Females,8,18,30146
2014,Females,8,19,28419
2014,Females,8,20,28273
2014,Females,8,21,28558
2014,Females,8,22,29561
2014,Females,8,23,30518
2014,Females,8,24,29937
2014,Females,8,25,29892
2014,Females,8,26,30390
2014,Females,8,27,30254
2014,Females,8,28,30198
2014,Females,8,29,30602
2014,Females,8,30,30332
2014,Females,8,31,31283
2014,Females,8,32,32675
2014,Females,8,33,33630
2014,Females,8,34,33881
2014,Females,8,35,33326
2014,Females,8,36,31486
2014,Females,8,37,31944
2014,Females,8,38,32522
2014,Females,8,39,33569
2014,Females,8,40,35310
2014,Females,8,41,36961
2014,Females,8,42,38744
2014,Females,8,43,40802
2014,Females,8,44,39107
2014,Females,8,45,40647
2014,Females,8,46,40808
2014,Females,8,47,41748
2014,Females,8,48,42271
2014,Females,8,49,42436
2014,Females,8,50,42055
2014,Females,8,51,41450
2014,Females,8,52,40185
2014,Females,8,53,38798
2014,Females,8,54,37131
2014,Females,8,55,36392
2014,Females,8,56,36033
2014,Females,8,57,34427
2014,Females,8,58,33568
2014,Females,8,59,32915
2014,Females,8,60,33141
2014,Females,8,61,32832
2014,Females,8,62,32627
2014,Females,8,63,33057
2014,Females,8,64,34286
2014,Females,8,65,35250
2014,Females,8,66,37929
2014,Females,8,67,41771
2014,Females,8,68,31880
2014,Females,8,69,31183
2014,Females,8,70,31063
2014,Females,8,71,29041
2014,Females,8,72,25700
2014,Females,8,73,22890
2014,Females,8,74,23460
2014,Females,8,75,23621
2014,Females,8,76,22953
2014,Females,8,77,21560
2014,Females,8,78,20823
2014,Females,8,79,19571
2014,Females,8,80,18552
2014,Females,8,81,17585
2014,Females,8,82,16949
2014,Females,8,83,15887
2014,Females,8,84,15540
2014,Females,8,85,13725
2014,Females,8,86,12315
2014,Females,8,87,11002
2014,Females,8,88,10055
2014,Females,8,89,8889
2014,Females,8,90,37996
2014,Females,9,0,25911
2014,Females,9,1,26811
2014,Females,9,2,28468
2014,Females,9,3,29071
2014,Females,9,4,29186
2014,Females,9,5,28821
2014,Females,9,6,29655
2014,Females,9,7,29490
2014,Females,9,8,29448
2014,Females,9,9,28397
2014,Females,9,10,28540
2014,Females,9,11,27783
2014,Females,9,12,27670
2014,Females,9,13,28414
2014,Females,9,14,29570
2014,Females,9,15,30570
2014,Females,9,16,30948
2014,Females,9,17,31444
2014,Females,9,18,31294
2014,Females,9,19,30454
2014,Females,9,20,26872
2014,Females,9,21,25561
2014,Females,9,22,27457
2014,Females,9,23,27890
2014,Females,9,24,27021
2014,Females,9,25,26782
2014,Females,9,26,26976
2014,Females,9,27,26271
2014,Females,9,28,26343
2014,Females,9,29,27027
2014,Females,9,30,27464
2014,Females,9,31,28422
2014,Females,9,32,29943
2014,Females,9,33,31313
2014,Females,9,34,32510
2014,Females,9,35,32424
2014,Females,9,36,30949
2014,Females,9,37,31221
2014,Females,9,38,32528
2014,Females,9,39,34247
2014,Females,9,40,35715
2014,Females,9,41,37610
2014,Females,9,42,39840
2014,Females,9,43,41527
2014,Females,9,44,40240
2014,Females,9,45,41552
2014,Females,9,46,41668
2014,Females,9,47,42217
2014,Females,9,48,43120
2014,Females,9,49,42971
2014,Females,9,50,42838
2014,Females,9,51,42311
2014,Females,9,52,40799
2014,Females,9,53,39614
2014,Females,9,54,37522
2014,Females,9,55,37209
2014,Females,9,56,36675
2014,Females,9,57,35260
2014,Females,9,58,33844
2014,Females,9,59,33063
2014,Females,9,60,33445
2014,Females,9,61,33177
2014,Females,9,62,32819
2014,Females,9,63,33430
2014,Females,9,64,34581
2014,Females,9,65,36083
2014,Females,9,66,38898
2014,Females,9,67,42597
2014,Females,9,68,32560
2014,Females,9,69,32048
2014,Females,9,70,32168
2014,Females,9,71,29500
2014,Females,9,72,25659
2014,Females,9,73,23004
2014,Females,9,74,24036
2014,Females,9,75,24092
2014,Females,9,76,23402
2014,Females,9,77,22233
2014,Females,9,78,20882
2014,Females,9,79,19965
2014,Females,9,80,18704
2014,Females,9,81,17526
2014,Females,9,82,17243
2014,Females,9,83,16441
2014,Females,9,84,15252
2014,Females,9,85,13789
2014,Females,9,86,12434
2014,Females,9,87,11213
2014,Females,9,88,10070
2014,Females,9,89,8606
2014,Females,9,90,37371
2014,Females,10,0,23391
2014,Females,10,1,24998
2014,Females,10,2,27692
2014,Females,10,3,28454
2014,Females,10,4,29551
2014,Females,10,5,29994
2014,Females,10,6,31003
2014,Females,10,7,30964
2014,Females,10,8,30574
2014,Females,10,9,30058
2014,Females,10,10,30681
2014,Females,10,11,30112
2014,Females,10,12,29630
2014,Females,10,13,31084
2014,Females,10,14,31484
2014,Females,10,15,32247
2014,Females,10,16,32124
2014,Females,10,17,32508
2014,Females,10,18,31344
2014,Females,10,19,26499
2014,Females,10,20,22685
2014,Females,10,21,22685
2014,Females,10,22,24301
2014,Females,10,23,24849
2014,Females,10,24,23649
2014,Females,10,25,22351
2014,Females,10,26,22029
2014,Females,10,27,21131
2014,Females,10,28,20805
2014,Females,10,29,21379
2014,Females,10,30,22492
2014,Females,10,31,23864
2014,Females,10,32,25495
2014,Females,10,33,27551
2014,Females,10,34,29279
2014,Females,10,35,30318
2014,Females,10,36,29702
2014,Females,10,37,30636
2014,Females,10,38,32076
2014,Females,10,39,34265
2014,Females,10,40,36233
2014,Females,10,41,38067
2014,Females,10,42,40253
2014,Females,10,43,42263
2014,Females,10,44,40925
2014,Females,10,45,41839
2014,Females,10,46,42529
2014,Females,10,47,43463
2014,Females,10,48,43805
2014,Females,10,49,44646
2014,Females,10,50,44464
2014,Females,10,51,42942
2014,Females,10,52,41943
2014,Females,10,53,40608
2014,Females,10,54,38308
2014,Females,10,55,37625
2014,Females,10,56,36841
2014,Females,10,57,35065
2014,Females,10,58,34111
2014,Females,10,59,33176
2014,Females,10,60,33387
2014,Females,10,61,33467
2014,Females,10,62,32792
2014,Females,10,63,33421
2014,Females,10,64,34786
2014,Females,10,65,36186
2014,Females,10,66,38595
2014,Females,10,67,42722
2014,Females,10,68,32618
2014,Females,10,69,31918
2014,Females,10,70,31944
2014,Females,10,71,29369
2014,Females,10,72,25303
2014,Females,10,73,22955
2014,Females,10,74,23912
2014,Females,10,75,24233
2014,Females,10,76,23279
2014,Females,10,77,22517
2014,Females,10,78,21407
2014,Females,10,79,20495
2014,Females,10,80,18823
2014,Females,10,81,17758
2014,Females,10,82,17221
2014,Females,10,83,16559
2014,Females,10,84,15359
2014,Females,10,85,13810
2014,Females,10,86,12340
2014,Females,10,87,11067
2014,Females,10,88,9730
2014,Females,10,89,8500
2014,Females,10,90,35322
2015,Females,1,0,43981
2015,Females,1,1,44485
2015,Females,1,2,45355
2015,Females,1,3,46836
2015,Females,1,4,44571
2015,Females,1,5,43170
2015,Females,1,6,42499
2015,Females,1,7,41975
2015,Females,1,8,40097
2015,Females,1,9,39750
2015,Females,1,10,37676
2015,Females,1,11,35709
2015,Females,1,12,34481
2015,Females,1,13,33150
2015,Females,1,14,34217
2015,Females,1,15,33956
2015,Females,1,16,34625
2015,Females,1,17,35197
2015,Females,1,18,36763
2015,Females,1,19,36361
2015,Females,1,20,38772
2015,Females,1,21,40243
2015,Females,1,22,41635
2015,Females,1,23,43792
2015,Females,1,24,44843
2015,Females,1,25,46329
2015,Females,1,26,46475
2015,Females,1,27,46952
2015,Females,1,28,46287
2015,Females,1,29,45604
2015,Females,1,30,45201
2015,Females,1,31,43706
2015,Females,1,32,43164
2015,Females,1,33,42232
2015,Females,1,34,40707
2015,Females,1,35,40560
2015,Females,1,36,37462
2015,Females,1,37,33943
2015,Females,1,38,32827
2015,Females,1,39,33711
2015,Females,1,40,32687
2015,Females,1,41,33189
2015,Females,1,42,34123
2015,Females,1,43,34996
2015,Females,1,44,36579
2015,Females,1,45,35656
2015,Females,1,46,36211
2015,Females,1,47,35149
2015,Females,1,48,35308
2015,Females,1,49,34748
2015,Females,1,50,35024
2015,Females,1,51,34165
2015,Females,1,52,33563
2015,Females,1,53,32695
2015,Females,1,54,30898
2015,Females,1,55,29919
2015,Females,1,56,28750
2015,Females,1,57,28066
2015,Females,1,58,27085
2015,Females,1,59,25563
2015,Females,1,60,24474
2015,Females,1,61,24081
2015,Females,1,62,23380
2015,Females,1,63,22440
2015,Females,1,64,21889
2015,Females,1,65,21869
2015,Females,1,66,21786
2015,Females,1,67,22198
2015,Females,1,68,23311
2015,Females,1,69,18150
2015,Females,1,70,17451
2015,Females,1,71,17245
2015,Females,1,72,16966
2015,Females,1,73,15665
2015,Females,1,74,14767
2015,Females,1,75,15394
2015,Females,1,76,14986
2015,Females,1,77,14782
2015,Females,1,78,13909
2015,Females,1,79,13306
2015,Females,1,80,12493
2015,Females,1,81,11407
2015,Females,1,82,10727
2015,Females,1,83,10512
2015,Females,1,84,9857
2015,Females,1,85,9266
2015,Females,1,86,7919
2015,Females,1,87,7099
2015,Females,1,88,6400
2015,Females,1,89,5577
2015,Females,1,90,23257
2015,Females,2,0,40820
2015,Females,2,1,41078
2015,Females,2,2,42051
2015,Females,2,3,42814
2015,Females,2,4,41406
2015,Females,2,5,40127
2015,Females,2,6,39669
2015,Females,2,7,39472
2015,Females,2,8,37365
2015,Females,2,9,36509
2015,Females,2,10,34791
2015,Females,2,11,33070
2015,Females,2,12,32026
2015,Females,2,13,31530
2015,Females,2,14,31817
2015,Females,2,15,32355
2015,Females,2,16,32788
2015,Females,2,17,33514
2015,Females,2,18,35130
2015,Females,2,19,36655
2015,Females,2,20,39539
2015,Females,2,21,41985
2015,Females,2,22,43475
2015,Females,2,23,45796
2015,Females,2,24,47652
2015,Females,2,25,48418
2015,Females,2,26,49046
2015,Females,2,27,49697
2015,Females,2,28,49408
2015,Females,2,29,49052
2015,Females,2,30,48554
2015,Females,2,31,46962
2015,Females,2,32,46216
2015,Females,2,33,44991
2015,Females,2,34,43841
2015,Females,2,35,43180
2015,Females,2,36,40198
2015,Females,2,37,36925
2015,Females,2,38,35352
2015,Females,2,39,35651
2015,Females,2,40,35265
2015,Females,2,41,35005
2015,Females,2,42,36086
2015,Females,2,43,37079
2015,Females,2,44,38297
2015,Females,2,45,37650
2015,Females,2,46,37818
2015,Females,2,47,37522
2015,Females,2,48,37272
2015,Females,2,49,37599
2015,Females,2,50,37069
2015,Females,2,51,36133
2015,Females,2,52,34978
2015,Females,2,53,34202
2015,Females,2,54,32924
2015,Females,2,55,31611
2015,Females,2,56,30232
2015,Females,2,57,29094
2015,Females,2,58,27787
2015,Females,2,59,26834
2015,Females,2,60,25244
2015,Females,2,61,25167
2015,Females,2,62,24111
2015,Females,2,63,23543
2015,Females,2,64,22868
2015,Females,2,65,23250
2015,Females,2,66,23178
2015,Females,2,67,23422
2015,Females,2,68,25143
2015,Females,2,69,19625
2015,Females,2,70,18864
2015,Females,2,71,18695
2015,Females,2,72,18056
2015,Females,2,73,16659
2015,Females,2,74,15415
2015,Females,2,75,16078
2015,Females,2,76,15847
2015,Females,2,77,15373
2015,Females,2,78,14700
2015,Females,2,79,13910
2015,Females,2,80,13235
2015,Females,2,81,12284
2015,Females,2,82,11859
2015,Females,2,83,11466
2015,Females,2,84,10989
2015,Females,2,85,10136
2015,Females,2,86,8940
2015,Females,2,87,8030
2015,Females,2,88,7230
2015,Females,2,89,6502
2015,Females,2,90,26309
2015,Females,3,0,37963
2015,Females,3,1,38407
2015,Females,3,2,38557
2015,Females,3,3,39384
2015,Females,3,4,37468
2015,Females,3,5,36921
2015,Females,3,6,36095
2015,Females,3,7,35759
2015,Females,3,8,34424
2015,Females,3,9,33160
2015,Females,3,10,31206
2015,Females,3,11,30098
2015,Females,3,12,28979
2015,Females,3,13,28753
2015,Females,3,14,28979
2015,Females,3,15,29533
2015,Females,3,16,30898
2015,Females,3,17,31345
2015,Females,3,18,33292
2015,Females,3,19,37859
2015,Females,3,20,41141
2015,Females,3,21,43115
2015,Females,3,22,44209
2015,Females,3,23,47768
2015,Females,3,24,49080
2015,Females,3,25,48053
2015,Females,3,26,48016
2015,Females,3,27,49435
2015,Females,3,28,49223
2015,Females,3,29,48712
2015,Females,3,30,48190
2015,Females,3,31,46339
2015,Females,3,32,46054
2015,Females,3,33,44866
2015,Females,3,34,43814
2015,Females,3,35,43181
2015,Females,3,36,40147
2015,Females,3,37,36834
2015,Females,3,38,35340
2015,Females,3,39,35436
2015,Females,3,40,35066
2015,Females,3,41,34874
2015,Females,3,42,36302
2015,Females,3,43,36948
2015,Females,3,44,37847
2015,Females,3,45,37445
2015,Females,3,46,38072
2015,Females,3,47,37883
2015,Females,3,48,37565
2015,Females,3,49,37667
2015,Females,3,50,37413
2015,Females,3,51,36869
2015,Females,3,52,35911
2015,Females,3,53,34805
2015,Females,3,54,33724
2015,Females,3,55,32325
2015,Females,3,56,31325
2015,Females,3,57,30530
2015,Females,3,58,29135
2015,Females,3,59,28199
2015,Females,3,60,26707
2015,Females,3,61,26772
2015,Females,3,62,25728
2015,Females,3,63,25139
2015,Females,3,64,24947
2015,Females,3,65,25264
2015,Females,3,66,25463
2015,Females,3,67,26580
2015,Females,3,68,28008
2015,Females,3,69,21978
2015,Females,3,70,21146
2015,Females,3,71,20835
2015,Females,3,72,19833
2015,Females,3,73,18287
2015,Females,3,74,16641
2015,Females,3,75,17381
2015,Females,3,76,17105
2015,Females,3,77,16949
2015,Females,3,78,15978
2015,Females,3,79,15399
2015,Females,3,80,14744
2015,Females,3,81,13431
2015,Females,3,82,12749
2015,Females,3,83,12347
2015,Females,3,84,11802
2015,Females,3,85,10975
2015,Females,3,86,9919
2015,Females,3,87,8814
2015,Females,3,88,7792
2015,Females,3,89,7159
2015,Females,3,90,29704
2015,Females,4,0,34575
2015,Females,4,1,34547
2015,Females,4,2,35151
2015,Females,4,3,36033
2015,Females,4,4,34779
2015,Females,4,5,33500
2015,Females,4,6,32951
2015,Females,4,7,33104
2015,Females,4,8,31564
2015,Females,4,9,30475
2015,Females,4,10,28763
2015,Females,4,11,28533
2015,Females,4,12,27459
2015,Females,4,13,26951
2015,Females,4,14,27308
2015,Females,4,15,28183
2015,Females,4,16,29443
2015,Females,4,17,30077
2015,Females,4,18,32514
2015,Females,4,19,37996
2015,Females,4,20,41216
2015,Females,4,21,41645
2015,Females,4,22,41751
2015,Females,4,23,43593
2015,Females,4,24,44628
2015,Females,4,25,42920
2015,Females,4,26,43913
2015,Females,4,27,45061
2015,Females,4,28,44217
2015,Females,4,29,44321
2015,Females,4,30,43884
2015,Females,4,31,42893
2015,Females,4,32,42774
2015,Females,4,33,41977
2015,Females,4,34,42000
2015,Females,4,35,40816
2015,Females,4,36,38326
2015,Females,4,37,35410
2015,Females,4,38,34240
2015,Females,4,39,34632
2015,Females,4,40,34557
2015,Females,4,41,34598
2015,Females,4,42,35703
2015,Females,4,43,37313
2015,Females,4,44,38228
2015,Females,4,45,37264
2015,Females,4,46,38397
2015,Females,4,47,38077
2015,Females,4,48,38190
2015,Females,4,49,38481
2015,Females,4,50,38757
2015,Females,4,51,37763
2015,Females,4,52,37194
2015,Females,4,53,36714
2015,Females,4,54,34990
2015,Females,4,55,33834
2015,Females,4,56,33020
2015,Females,4,57,32191
2015,Females,4,58,31488
2015,Females,4,59,29864
2015,Females,4,60,28783
2015,Females,4,61,29206
2015,Females,4,62,28377
2015,Females,4,63,27520
2015,Females,4,64,27782
2015,Females,4,65,28545
2015,Females,4,66,28687
2015,Females,4,67,30222
2015,Females,4,68,32102
2015,Females,4,69,25358
2015,Females,4,70,24283
2015,Females,4,71,23961
2015,Females,4,72,22473
2015,Females,4,73,20619
2015,Females,4,74,18867
2015,Females,4,75,19072
2015,Females,4,76,19061
2015,Females,4,77,18493
2015,Females,4,78,17525
2015,Females,4,79,16866
2015,Females,4,80,15903
2015,Females,4,81,14779
2015,Females,4,82,14054
2015,Females,4,83,13660
2015,Females,4,84,13312
2015,Females,4,85,12104
2015,Females,4,86,10863
2015,Females,4,87,9606
2015,Females,4,88,8546
2015,Females,4,89,7640
2015,Females,4,90,32769
2015,Females,5,0,31621
2015,Females,5,1,31744
2015,Females,5,2,32161
2015,Females,5,3,32612
2015,Females,5,4,32077
2015,Females,5,5,31828
2015,Females,5,6,30877
2015,Females,5,7,31193
2015,Females,5,8,29809
2015,Females,5,9,29179
2015,Females,5,10,28094
2015,Females,5,11,27669
2015,Females,5,12,26552
2015,Females,5,13,26481
2015,Females,5,14,27078
2015,Females,5,15,27942
2015,Females,5,16,28959
2015,Females,5,17,29229
2015,Females,5,18,30893
2015,Females,5,19,32745
2015,Females,5,20,34123
2015,Females,5,21,35379
2015,Females,5,22,36161
2015,Females,5,23,37717
2015,Females,5,24,39288
2015,Females,5,25,38180
2015,Females,5,26,38796
2015,Females,5,27,39537
2015,Females,5,28,38855
2015,Females,5,29,39462
2015,Females,5,30,39475
2015,Females,5,31,38302
2015,Females,5,32,39136
2015,Females,5,33,38293
2015,Females,5,34,38747
2015,Females,5,35,38286
2015,Females,5,36,36274
2015,Females,5,37,33217
2015,Females,5,38,32577
2015,Females,5,39,33470
2015,Females,5,40,33857
2015,Females,5,41,34107
2015,Females,5,42,35423
2015,Females,5,43,37339
2015,Females,5,44,38474
2015,Females,5,45,37665
2015,Females,5,46,38828
2015,Females,5,47,39059
2015,Females,5,48,39265
2015,Females,5,49,39573
2015,Females,5,50,39739
2015,Females,5,51,39731
2015,Females,5,52,38690
2015,Females,5,53,37781
2015,Females,5,54,36662
2015,Females,5,55,35341
2015,Females,5,56,34706
2015,Females,5,57,33921
2015,Females,5,58,32837
2015,Females,5,59,32005
2015,Females,5,60,30793
2015,Females,5,61,31172
2015,Females,5,62,31250
2015,Females,5,63,30080
2015,Females,5,64,30554
2015,Females,5,65,31117
2015,Females,5,66,31436
2015,Females,5,67,33192
2015,Females,5,68,36528
2015,Females,5,69,28026
2015,Females,5,70,27362
2015,Females,5,71,26926
2015,Females,5,72,25188
2015,Females,5,73,22745
2015,Females,5,74,20361
2015,Females,5,75,21227
2015,Females,5,76,20934
2015,Females,5,77,20253
2015,Females,5,78,19136
2015,Females,5,79,18543
2015,Females,5,80,17270
2015,Females,5,81,16237
2015,Females,5,82,15441
2015,Females,5,83,15100
2015,Females,5,84,14227
2015,Females,5,85,13120
2015,Females,5,86,11701
2015,Females,5,87,10341
2015,Females,5,88,9403
2015,Females,5,89,8401
2015,Females,5,90,35264
2015,Females,6,0,30057
2015,Females,6,1,30353
2015,Females,6,2,30982
2015,Females,6,3,31923
2015,Females,6,4,31276
2015,Females,6,5,30930
2015,Females,6,6,30236
2015,Females,6,7,30700
2015,Females,6,8,29663
2015,Females,6,9,29008
2015,Females,6,10,27936
2015,Females,6,11,27551
2015,Females,6,12,26738
2015,Females,6,13,26372
2015,Females,6,14,27128
2015,Females,6,15,28264
2015,Females,6,16,29030
2015,Females,6,17,29679
2015,Females,6,18,29921
2015,Females,6,19,27908
2015,Females,6,20,29004
2015,Females,6,21,30789
2015,Females,6,22,31929
2015,Females,6,23,34112
2015,Females,6,24,35187
2015,Females,6,25,34865
2015,Females,6,26,35497
2015,Females,6,27,36498
2015,Females,6,28,36095
2015,Females,6,29,36443
2015,Females,6,30,36650
2015,Females,6,31,36190
2015,Females,6,32,36861
2015,Females,6,33,37159
2015,Females,6,34,37318
2015,Females,6,35,36885
2015,Females,6,36,35555
2015,Females,6,37,33305
2015,Females,6,38,32641
2015,Females,6,39,33169
2015,Females,6,40,34304
2015,Females,6,41,35101
2015,Females,6,42,36897
2015,Females,6,43,38321
2015,Females,6,44,39745
2015,Females,6,45,38837
2015,Females,6,46,39745
2015,Females,6,47,40077
2015,Females,6,48,40922
2015,Females,6,49,41168
2015,Females,6,50,41379
2015,Females,6,51,41121
2015,Females,6,52,40239
2015,Females,6,53,39584
2015,Females,6,54,37834
2015,Females,6,55,36462
2015,Females,6,56,36087
2015,Females,6,57,35010
2015,Females,6,58,34311
2015,Females,6,59,33110
2015,Females,6,60,32412
2015,Females,6,61,32510
2015,Females,6,62,32095
2015,Females,6,63,31512
2015,Females,6,64,32008
2015,Females,6,65,32749
2015,Females,6,66,33618
2015,Females,6,67,36076
2015,Females,6,68,38941
2015,Females,6,69,30239
2015,Females,6,70,29425
2015,Females,6,71,29308
2015,Females,6,72,26998
2015,Females,6,73,24160
2015,Females,6,74,21530
2015,Females,6,75,22569
2015,Females,6,76,22239
2015,Females,6,77,21213
2015,Females,6,78,20444
2015,Females,6,79,19445
2015,Females,6,80,18425
2015,Females,6,81,16838
2015,Females,6,82,16494
2015,Females,6,83,15890
2015,Females,6,84,14890
2015,Females,6,85,13851
2015,Females,6,86,12591
2015,Females,6,87,11044
2015,Females,6,88,9770
2015,Females,6,89,8853
2015,Females,6,90,37804
2015,Females,7,0,27795
2015,Females,7,1,27766
2015,Females,7,2,28730
2015,Females,7,3,29802
2015,Females,7,4,29940
2015,Females,7,5,29578
2015,Females,7,6,29324
2015,Females,7,7,29614
2015,Females,7,8,28837
2015,Females,7,9,28357
2015,Females,7,10,27248
2015,Females,7,11,27192
2015,Females,7,12,26729
2015,Females,7,13,26309
2015,Females,7,14,27542
2015,Females,7,15,28262
2015,Females,7,16,29185
2015,Females,7,17,29602
2015,Females,7,18,30004
2015,Females,7,19,28971
2015,Females,7,20,29024
2015,Females,7,21,30599
2015,Females,7,22,30488
2015,Females,7,23,31783
2015,Females,7,24,32047
2015,Females,7,25,31526
2015,Females,7,26,31691
2015,Females,7,27,32597
2015,Females,7,28,32051
2015,Females,7,29,32456
2015,Females,7,30,32873
2015,Females,7,31,32641
2015,Females,7,32,33280
2015,Females,7,33,34035
2015,Females,7,34,35056
2015,Females,7,35,35240
2015,Females,7,36,34258
2015,Females,7,37,32215
2015,Females,7,38,31606
2015,Females,7,39,32493
2015,Females,7,40,33722
2015,Females,7,41,34845
2015,Females,7,42,36460
2015,Females,7,43,37982
2015,Females,7,44,39858
2015,Females,7,45,39338
2015,Females,7,46,40235
2015,Females,7,47,40343
2015,Females,7,48,41435
2015,Females,7,49,41310
2015,Females,7,50,42049
2015,Females,7,51,42138
2015,Females,7,52,40679
2015,Females,7,53,39676
2015,Females,7,54,38738
2015,Females,7,55,37524
2015,Females,7,56,36587
2015,Females,7,57,36016
2015,Females,7,58,35081
2015,Females,7,59,33539
2015,Females,7,60,32499
2015,Females,7,61,33263
2015,Females,7,62,33263
2015,Females,7,63,32501
2015,Females,7,64,33086
2015,Females,7,65,33914
2015,Females,7,66,35041
2015,Females,7,67,37269
2015,Females,7,68,40575
2015,Females,7,69,31433
2015,Females,7,70,30448
2015,Females,7,71,30695
2015,Females,7,72,28211
2015,Females,7,73,25177
2015,Females,7,74,22334
2015,Females,7,75,23336
2015,Females,7,76,22852
2015,Females,7,77,22157
2015,Females,7,78,21254
2015,Females,7,79,19839
2015,Females,7,80,18979
2015,Females,7,81,17462
2015,Females,7,82,16745
2015,Females,7,83,15996
2015,Females,7,84,14974
2015,Females,7,85,13915
2015,Females,7,86,12394
2015,Females,7,87,11182
2015,Females,7,88,9873
2015,Females,7,89,8701
2015,Females,7,90,37926
2015,Females,8,0,27438
2015,Females,8,1,27445
2015,Females,8,2,28573
2015,Females,8,3,30175
2015,Females,8,4,30100
2015,Females,8,5,29844
2015,Females,8,6,29672
2015,Females,8,7,29937
2015,Females,8,8,29348
2015,Females,8,9,29148
2015,Females,8,10,27986
2015,Females,8,11,28240
2015,Females,8,12,27256
2015,Females,8,13,26721
2015,Females,8,14,27762
2015,Females,8,15,28790
2015,Females,8,16,29560
2015,Females,8,17,30073
2015,Females,8,18,30131
2015,Females,8,19,27585
2015,Females,8,20,27136
2015,Females,8,21,28576
2015,Females,8,22,28720
2015,Females,8,23,30053
2015,Females,8,24,30594
2015,Females,8,25,30020
2015,Females,8,26,30087
2015,Females,8,27,30739
2015,Females,8,28,30525
2015,Females,8,29,30702
2015,Females,8,30,31001
2015,Females,8,31,31007
2015,Females,8,32,32034
2015,Females,8,33,33341
2015,Females,8,34,34088
2015,Females,8,35,34196
2015,Females,8,36,33714
2015,Females,8,37,31843
2015,Females,8,38,32348
2015,Females,8,39,32872
2015,Females,8,40,34208
2015,Females,8,41,35433
2015,Females,8,42,37070
2015,Females,8,43,38941
2015,Females,8,44,40964
2015,Females,8,45,39174
2015,Females,8,46,40825
2015,Females,8,47,40940
2015,Females,8,48,41740
2015,Females,8,49,42410
2015,Females,8,50,42407
2015,Females,8,51,42040
2015,Females,8,52,41498
2015,Females,8,53,40182
2015,Females,8,54,38731
2015,Females,8,55,36843
2015,Females,8,56,36274
2015,Females,8,57,35967
2015,Females,8,58,34368
2015,Females,8,59,33548
2015,Females,8,60,32913
2015,Females,8,61,33159
2015,Females,8,62,32732
2015,Females,8,63,32548
2015,Females,8,64,32903
2015,Females,8,65,34258
2015,Females,8,66,35096
2015,Females,8,67,37851
2015,Females,8,68,41542
2015,Females,8,69,31773
2015,Females,8,70,31028
2015,Females,8,71,30784
2015,Females,8,72,28748
2015,Females,8,73,25301
2015,Females,8,74,22542
2015,Females,8,75,23121
2015,Females,8,76,23247
2015,Females,8,77,22406
2015,Females,8,78,21141
2015,Females,8,79,20172
2015,Females,8,80,18973
2015,Females,8,81,17788
2015,Females,8,82,16780
2015,Females,8,83,16197
2015,Females,8,84,15017
2015,Females,8,85,14561
2015,Females,8,86,12717
2015,Females,8,87,11296
2015,Females,8,88,9942
2015,Females,8,89,8959
2015,Females,8,90,38083
2015,Females,9,0,25533
2015,Females,9,1,26745
2015,Females,9,2,27683
2015,Females,9,3,29247
2015,Females,9,4,29773
2015,Females,9,5,29700
2015,Females,9,6,29214
2015,Females,9,7,30144
2015,Females,9,8,29737
2015,Females,9,9,29766
2015,Females,9,10,28546
2015,Females,9,11,28759
2015,Females,9,12,28175
2015,Females,9,13,27790
2015,Females,9,14,29003
2015,Females,9,15,29926
2015,Females,9,16,30780
2015,Females,9,17,31202
2015,Females,9,18,31384
2015,Females,9,19,30218
2015,Females,9,20,25910
2015,Females,9,21,26376
2015,Females,9,22,26582
2015,Females,9,23,27818
2015,Females,9,24,27644
2015,Females,9,25,26966
2015,Females,9,26,26661
2015,Females,9,27,27108
2015,Females,9,28,26736
2015,Females,9,29,27095
2015,Females,9,30,27814
2015,Females,9,31,28118
2015,Females,9,32,29224
2015,Females,9,33,30851
2015,Females,9,34,31964
2015,Females,9,35,33431
2015,Females,9,36,33250
2015,Females,9,37,31410
2015,Females,9,38,31718
2015,Females,9,39,32891
2015,Females,9,40,34836
2015,Females,9,41,35996
2015,Females,9,42,37854
2015,Females,9,43,40068
2015,Females,9,44,41605
2015,Females,9,45,39946
2015,Females,9,46,41552
2015,Females,9,47,41722
2015,Females,9,48,42280
2015,Females,9,49,43033
2015,Females,9,50,42983
2015,Females,9,51,42808
2015,Females,9,52,42214
2015,Females,9,53,40740
2015,Females,9,54,39497
2015,Females,9,55,37498
2015,Females,9,56,37112
2015,Females,9,57,36546
2015,Females,9,58,35039
2015,Females,9,59,33741
2015,Females,9,60,32981
2015,Females,9,61,33329
2015,Females,9,62,33100
2015,Females,9,63,32672
2015,Females,9,64,33351
2015,Females,9,65,34523
2015,Females,9,66,35898
2015,Females,9,67,38723
2015,Females,9,68,42291
2015,Females,9,69,32369
2015,Females,9,70,31769
2015,Females,9,71,31839
2015,Females,9,72,29192
2015,Females,9,73,25506
2015,Females,9,74,22772
2015,Females,9,75,23724
2015,Females,9,76,23785
2015,Females,9,77,22889
2015,Females,9,78,21753
2015,Females,9,79,20321
2015,Females,9,80,19324
2015,Females,9,81,18110
2015,Females,9,82,16845
2015,Females,9,83,16370
2015,Females,9,84,15547
2015,Females,9,85,14234
2015,Females,9,86,12751
2015,Females,9,87,11349
2015,Females,9,88,10177
2015,Females,9,89,8989
2015,Females,9,90,37571
2015,Females,10,0,22965
2015,Females,10,1,24555
2015,Females,10,2,26300
2015,Females,10,3,28922
2015,Females,10,4,29738
2015,Females,10,5,30233
2015,Females,10,6,30502
2015,Females,10,7,31423
2015,Females,10,8,31309
2015,Females,10,9,30862
2015,Females,10,10,30517
2015,Females,10,11,30959
2015,Females,10,12,30336
2015,Females,10,13,29771
2015,Females,10,14,31122
2015,Females,10,15,31175
2015,Females,10,16,32271
2015,Females,10,17,32168
2015,Females,10,18,31727
2015,Females,10,19,26707
2015,Females,10,20,22282
2015,Females,10,21,22744
2015,Females,10,22,23640
2015,Females,10,23,24298
2015,Females,10,24,23908
2015,Females,10,25,22652
2015,Females,10,26,21675
2015,Females,10,27,21696
2015,Females,10,28,21090
2015,Females,10,29,21148
2015,Females,10,30,22716
2015,Females,10,31,23248
2015,Females,10,32,24948
2015,Females,10,33,26522
2015,Females,10,34,28888
2015,Females,10,35,30965
2015,Females,10,36,31456
2015,Females,10,37,30603
2015,Females,10,38,31506
2015,Females,10,39,32711
2015,Females,10,40,35256
2015,Females,10,41,36761
2015,Females,10,42,38356
2015,Females,10,43,40501
2015,Females,10,44,42288
2015,Females,10,45,40934
2015,Females,10,46,41920
2015,Females,10,47,42293
2015,Females,10,48,43339
2015,Females,10,49,43671
2015,Females,10,50,44307
2015,Females,10,51,44113
2015,Females,10,52,42580
2015,Females,10,53,41555
2015,Females,10,54,40136
2015,Females,10,55,37981
2015,Females,10,56,37316
2015,Females,10,57,36462
2015,Females,10,58,34710
2015,Females,10,59,33867
2015,Females,10,60,33034
2015,Females,10,61,33057
2015,Females,10,62,33269
2015,Females,10,63,32576
2015,Females,10,64,33259
2015,Females,10,65,34509
2015,Females,10,66,35947
2015,Females,10,67,38439
2015,Females,10,68,42364
2015,Females,10,69,32475
2015,Females,10,70,31727
2015,Females,10,71,31780
2015,Females,10,72,29060
2015,Females,10,73,25117
2015,Females,10,74,22621
2015,Females,10,75,23563
2015,Females,10,76,23776
2015,Females,10,77,22931
2015,Females,10,78,21940
2015,Females,10,79,21014
2015,Females,10,80,19832
2015,Females,10,81,18206
2015,Females,10,82,17052
2015,Females,10,83,16389
2015,Females,10,84,15711
2015,Females,10,85,14449
2015,Females,10,86,12884
2015,Females,10,87,11317
2015,Females,10,88,9995
2015,Females,10,89,8681
2015,Females,10,90,35936
2016,Females,1,0,44324
2016,Females,1,1,44189
2016,Females,1,2,44712
2016,Females,1,3,45368
2016,Females,1,4,46706
2016,Females,1,5,44371
2016,Females,1,6,43238
2016,Females,1,7,42759
2016,Females,1,8,41933
2016,Females,1,9,40186
2016,Females,1,10,40122
2016,Females,1,11,37714
2016,Females,1,12,35912
2016,Females,1,13,34468
2016,Females,1,14,33267
2016,Females,1,15,33949
2016,Females,1,16,34235
2016,Females,1,17,34959
2016,Females,1,18,35582
2016,Females,1,19,37024
2016,Females,1,20,39027
2016,Females,1,21,38865
2016,Females,1,22,40906
2016,Females,1,23,42282
2016,Females,1,24,44742
2016,Females,1,25,48024
2016,Females,1,26,46848
2016,Females,1,27,46696
2016,Females,1,28,47220
2016,Females,1,29,46379
2016,Females,1,30,46103
2016,Females,1,31,44843
2016,Females,1,32,43455
2016,Females,1,33,43004
2016,Females,1,34,41948
2016,Females,1,35,40574
2016,Females,1,36,40444
2016,Females,1,37,37271
2016,Females,1,38,33913
2016,Females,1,39,32696
2016,Females,1,40,33531
2016,Females,1,41,32753
2016,Females,1,42,33202
2016,Females,1,43,34279
2016,Females,1,44,34952
2016,Females,1,45,36580
2016,Females,1,46,35654
2016,Females,1,47,36094
2016,Females,1,48,35095
2016,Females,1,49,35333
2016,Females,1,50,34835
2016,Females,1,51,34998
2016,Females,1,52,33987
2016,Females,1,53,33369
2016,Females,1,54,32592
2016,Females,1,55,30859
2016,Females,1,56,29744
2016,Females,1,57,28620
2016,Females,1,58,27979
2016,Females,1,59,27042
2016,Females,1,60,25556
2016,Females,1,61,24304
2016,Females,1,62,23906
2016,Females,1,63,23050
2016,Females,1,64,22200
2016,Females,1,65,21564
2016,Females,1,66,21466
2016,Females,1,67,21443
2016,Females,1,68,21750
2016,Females,1,69,22843
2016,Females,1,70,17803
2016,Females,1,71,17127
2016,Females,1,72,16814
2016,Females,1,73,16369
2016,Females,1,74,15146
2016,Females,1,75,14302
2016,Females,1,76,14837
2016,Females,1,77,14280
2016,Females,1,78,14184
2016,Females,1,79,13242
2016,Females,1,80,12662
2016,Females,1,81,11802
2016,Females,1,82,10748
2016,Females,1,83,10011
2016,Females,1,84,9663
2016,Females,1,85,9044
2016,Females,1,86,8400
2016,Females,1,87,7053
2016,Females,1,88,6264
2016,Females,1,89,5630
2016,Females,1,90,23133
2016,Females,2,0,41206
2016,Females,2,1,40943
2016,Females,2,2,41069
2016,Females,2,3,41953
2016,Females,2,4,42762
2016,Females,2,5,41300
2016,Females,2,6,40101
2016,Females,2,7,39490
2016,Females,2,8,39472
2016,Females,2,9,37181
2016,Females,2,10,36721
2016,Females,2,11,34812
2016,Females,2,12,33271
2016,Females,2,13,32314
2016,Females,2,14,31541
2016,Females,2,15,32027
2016,Females,2,16,32540
2016,Females,2,17,33237
2016,Females,2,18,34186
2016,Females,2,19,37299
2016,Females,2,20,40201
2016,Females,2,21,40720
2016,Females,2,22,43234
2016,Females,2,23,45121
2016,Females,2,24,47544
2016,Females,2,25,48984
2016,Females,2,26,49059
2016,Females,2,27,49470
2016,Females,2,28,50200
2016,Females,2,29,49598
2016,Females,2,30,48889
2016,Females,2,31,48145
2016,Females,2,32,46382
2016,Females,2,33,45698
2016,Females,2,34,44467
2016,Females,2,35,43539
2016,Females,2,36,42797
2016,Females,2,37,39872
2016,Females,2,38,36553
2016,Females,2,39,35121
2016,Females,2,40,35191
2016,Females,2,41,35147
2016,Females,2,42,34928
2016,Females,2,43,35996
2016,Females,2,44,36956
2016,Females,2,45,38453
2016,Females,2,46,37579
2016,Females,2,47,37905
2016,Females,2,48,37518
2016,Females,2,49,37316
2016,Females,2,50,37461
2016,Females,2,51,37049
2016,Females,2,52,35900
2016,Females,2,53,34956
2016,Females,2,54,34072
2016,Females,2,55,32831
2016,Females,2,56,31521
2016,Females,2,57,30156
2016,Females,2,58,28889
2016,Females,2,59,27644
2016,Females,2,60,26670
2016,Females,2,61,24990
2016,Females,2,62,25063
2016,Females,2,63,24009
2016,Females,2,64,23306
2016,Females,2,65,22586
2016,Females,2,66,23057
2016,Females,2,67,22782
2016,Females,2,68,23130
2016,Females,2,69,24780
2016,Females,2,70,19261
2016,Females,2,71,18569
2016,Females,2,72,18308
2016,Females,2,73,17623
2016,Females,2,74,16275
2016,Females,2,75,14926
2016,Females,2,76,15587
2016,Females,2,77,15304
2016,Females,2,78,14819
2016,Females,2,79,14131
2016,Females,2,80,13339
2016,Females,2,81,12596
2016,Females,2,82,11576
2016,Females,2,83,11098
2016,Females,2,84,10637
2016,Females,2,85,10158
2016,Females,2,86,9253
2016,Females,2,87,8085
2016,Females,2,88,7107
2016,Females,2,89,6329
2016,Females,2,90,26738
2016,Females,3,0,38119
2016,Females,3,1,37794
2016,Females,3,2,38029
2016,Females,3,3,38418
2016,Females,3,4,39181
2016,Females,3,5,37532
2016,Females,3,6,36884
2016,Females,3,7,35920
2016,Females,3,8,35716
2016,Females,3,9,34348
2016,Females,3,10,33117
2016,Females,3,11,31283
2016,Females,3,12,30158
2016,Females,3,13,29145
2016,Females,3,14,28843
2016,Females,3,15,29306
2016,Females,3,16,29838
2016,Females,3,17,31255
2016,Females,3,18,32926
2016,Females,3,19,38797
2016,Females,3,20,41425
2016,Females,3,21,42117
2016,Females,3,22,44071
2016,Females,3,23,45678
2016,Females,3,24,48811
2016,Females,3,25,48670
2016,Females,3,26,48833
2016,Females,3,27,48470
2016,Females,3,28,49810
2016,Females,3,29,49333
2016,Females,3,30,48011
2016,Females,3,31,47727
2016,Females,3,32,46006
2016,Females,3,33,45602
2016,Females,3,34,44181
2016,Females,3,35,43049
2016,Females,3,36,42567
2016,Females,3,37,39642
2016,Females,3,38,36465
2016,Females,3,39,35106
2016,Females,3,40,35142
2016,Females,3,41,34876
2016,Females,3,42,34909
2016,Females,3,43,36182
2016,Females,3,44,36922
2016,Females,3,45,37897
2016,Females,3,46,37454
2016,Females,3,47,38043
2016,Females,3,48,37888
2016,Females,3,49,37536
2016,Females,3,50,37727
2016,Females,3,51,37520
2016,Females,3,52,36917
2016,Females,3,53,35940
2016,Females,3,54,34744
2016,Females,3,55,33819
2016,Females,3,56,32190
2016,Females,3,57,31053
2016,Females,3,58,30389
2016,Females,3,59,29097
2016,Females,3,60,28046
2016,Females,3,61,26572
2016,Females,3,62,26585
2016,Females,3,63,25590
2016,Females,3,64,24935
2016,Females,3,65,24718
2016,Females,3,66,24998
2016,Females,3,67,25218
2016,Females,3,68,26195
2016,Females,3,69,27659
2016,Females,3,70,21610
2016,Females,3,71,20723
2016,Females,3,72,20508
2016,Females,3,73,19419
2016,Females,3,74,17888
2016,Females,3,75,16366
2016,Females,3,76,16929
2016,Females,3,77,16609
2016,Females,3,78,16405
2016,Females,3,79,15509
2016,Females,3,80,14735
2016,Females,3,81,14024
2016,Females,3,82,12671
2016,Females,3,83,12004
2016,Females,3,84,11513
2016,Females,3,85,10992
2016,Females,3,86,10014
2016,Females,3,87,8981
2016,Females,3,88,7842
2016,Females,3,89,6949
2016,Females,3,90,30130
2016,Females,4,0,34904
2016,Females,4,1,34509
2016,Females,4,2,34359
2016,Females,4,3,34952
2016,Females,4,4,35739
2016,Females,4,5,34845
2016,Females,4,6,33361
2016,Females,4,7,32807
2016,Females,4,8,32890
2016,Females,4,9,31486
2016,Females,4,10,30331
2016,Females,4,11,28746
2016,Females,4,12,28466
2016,Females,4,13,27654
2016,Females,4,14,27047
2016,Females,4,15,27767
2016,Females,4,16,28364
2016,Females,4,17,29883
2016,Females,4,18,31799
2016,Females,4,19,38683
2016,Females,4,20,41789
2016,Females,4,21,41901
2016,Females,4,22,41812
2016,Females,4,23,42508
2016,Females,4,24,44246
2016,Females,4,25,44180
2016,Females,4,26,43671
2016,Females,4,27,44484
2016,Females,4,28,45174
2016,Females,4,29,44121
2016,Females,4,30,44123
2016,Females,4,31,43595
2016,Females,4,32,42613
2016,Females,4,33,42223
2016,Females,4,34,41489
2016,Females,4,35,41218
2016,Females,4,36,40410
2016,Females,4,37,38077
2016,Females,4,38,35116
2016,Females,4,39,33970
2016,Females,4,40,34453
2016,Females,4,41,34332
2016,Females,4,42,34514
2016,Females,4,43,35677
2016,Females,4,44,37292
2016,Females,4,45,38454
2016,Females,4,46,37496
2016,Females,4,47,38260
2016,Females,4,48,38073
2016,Females,4,49,38298
2016,Females,4,50,38445
2016,Females,4,51,38696
2016,Females,4,52,37769
2016,Females,4,53,37223
2016,Females,4,54,36776
2016,Females,4,55,35095
2016,Females,4,56,33922
2016,Females,4,57,33059
2016,Females,4,58,32154
2016,Females,4,59,31418
2016,Females,4,60,29803
2016,Females,4,61,28730
2016,Females,4,62,29230
2016,Females,4,63,28268
2016,Females,4,64,27500
2016,Females,4,65,27567
2016,Females,4,66,28250
2016,Females,4,67,28544
2016,Females,4,68,29916
2016,Females,4,69,31680
2016,Females,4,70,24844
2016,Females,4,71,24033
2016,Females,4,72,23577
2016,Females,4,73,22124
2016,Females,4,74,20266
2016,Females,4,75,18443
2016,Females,4,76,18641
2016,Females,4,77,18604
2016,Females,4,78,17956
2016,Females,4,79,16882
2016,Females,4,80,16249
2016,Females,4,81,15225
2016,Females,4,82,13993
2016,Females,4,83,13334
2016,Females,4,84,12736
2016,Females,4,85,12308
2016,Females,4,86,11216
2016,Females,4,87,10026
2016,Females,4,88,8598
2016,Females,4,89,7597
2016,Females,4,90,33095
2016,Females,5,0,31741
2016,Females,5,1,31616
2016,Females,5,2,31742
2016,Females,5,3,32257
2016,Females,5,4,32798
2016,Females,5,5,32149
2016,Females,5,6,31871
2016,Females,5,7,31068
2016,Females,5,8,31238
2016,Females,5,9,30039
2016,Females,5,10,29178
2016,Females,5,11,28147
2016,Females,5,12,27832
2016,Females,5,13,26778
2016,Females,5,14,26696
2016,Females,5,15,27434
2016,Females,5,16,28263
2016,Females,5,17,29072
2016,Females,5,18,30168
2016,Females,5,19,33533
2016,Females,5,20,34567
2016,Females,5,21,34687
2016,Females,5,22,35660
2016,Females,5,23,36946
2016,Females,5,24,38554
2016,Females,5,25,39162
2016,Females,5,26,38817
2016,Females,5,27,39160
2016,Females,5,28,39884
2016,Females,5,29,39264
2016,Females,5,30,39154
2016,Females,5,31,39415
2016,Females,5,32,38163
2016,Females,5,33,38851
2016,Females,5,34,38156
2016,Females,5,35,38286
2016,Females,5,36,38333
2016,Females,5,37,36045
2016,Females,5,38,33148
2016,Females,5,39,32472
2016,Females,5,40,33370
2016,Females,5,41,33882
2016,Females,5,42,34206
2016,Females,5,43,35422
2016,Females,5,44,37379
2016,Females,5,45,38552
2016,Females,5,46,37603
2016,Females,5,47,38877
2016,Females,5,48,39141
2016,Females,5,49,39402
2016,Females,5,50,39676
2016,Females,5,51,39818
2016,Females,5,52,39811
2016,Females,5,53,38844
2016,Females,5,54,37890
2016,Females,5,55,36553
2016,Females,5,56,35501
2016,Females,5,57,34890
2016,Females,5,58,33972
2016,Females,5,59,32835
2016,Females,5,60,31999
2016,Females,5,61,30789
2016,Females,5,62,31057
2016,Females,5,63,31131
2016,Females,5,64,29914
2016,Females,5,65,30376
2016,Females,5,66,30776
2016,Females,5,67,31297
2016,Females,5,68,32968
2016,Females,5,69,36223
2016,Females,5,70,27814
2016,Females,5,71,27015
2016,Females,5,72,26528
2016,Females,5,73,24780
2016,Females,5,74,22361
2016,Females,5,75,19978
2016,Females,5,76,20751
2016,Females,5,77,20410
2016,Females,5,78,19616
2016,Females,5,79,18547
2016,Females,5,80,17862
2016,Females,5,81,16561
2016,Females,5,82,15582
2016,Females,5,83,14532
2016,Females,5,84,14242
2016,Females,5,85,13243
2016,Females,5,86,12113
2016,Females,5,87,10620
2016,Females,5,88,9308
2016,Females,5,89,8291
2016,Females,5,90,35769
2016,Females,6,0,30692
2016,Females,6,1,30179
2016,Females,6,2,30477
2016,Females,6,3,31112
2016,Females,6,4,31930
2016,Females,6,5,31534
2016,Females,6,6,31039
2016,Females,6,7,30412
2016,Females,6,8,30860
2016,Females,6,9,29726
2016,Females,6,10,28940
2016,Females,6,11,28117
2016,Females,6,12,27711
2016,Females,6,13,26948
2016,Females,6,14,26527
2016,Females,6,15,27491
2016,Females,6,16,28335
2016,Females,6,17,29234
2016,Females,6,18,29513
2016,Females,6,19,27886
2016,Females,6,20,28994
2016,Females,6,21,29787
2016,Females,6,22,31699
2016,Females,6,23,32443
2016,Females,6,24,34688
2016,Females,6,25,35551
2016,Females,6,26,35402
2016,Females,6,27,36047
2016,Females,6,28,36917
2016,Females,6,29,36521
2016,Females,6,30,36590
2016,Females,6,31,36738
2016,Females,6,32,36153
2016,Females,6,33,36892
2016,Females,6,34,37191
2016,Females,6,35,37087
2016,Females,6,36,36903
2016,Females,6,37,35766
2016,Females,6,38,33354
2016,Females,6,39,32742
2016,Females,6,40,33358
2016,Females,6,41,34208
2016,Females,6,42,35205
2016,Females,6,43,36743
2016,Females,6,44,38445
2016,Females,6,45,39864
2016,Females,6,46,38955
2016,Females,6,47,39809
2016,Females,6,48,40235
2016,Females,6,49,40942
2016,Females,6,50,41343
2016,Females,6,51,41427
2016,Females,6,52,41285
2016,Females,6,53,40355
2016,Females,6,54,39581
2016,Females,6,55,37781
2016,Females,6,56,36547
2016,Females,6,57,36125
2016,Females,6,58,35115
2016,Females,6,59,34355
2016,Females,6,60,33012
2016,Females,6,61,32437
2016,Females,6,62,32548
2016,Females,6,63,32048
2016,Females,6,64,31395
2016,Females,6,65,31997
2016,Females,6,66,32556
2016,Females,6,67,33385
2016,Females,6,68,35874
2016,Females,6,69,38619
2016,Females,6,70,29946
2016,Females,6,71,29110
2016,Females,6,72,28898
2016,Females,6,73,26544
2016,Females,6,74,23755
2016,Females,6,75,21060
2016,Females,6,76,22125
2016,Females,6,77,21732
2016,Females,6,78,20693
2016,Females,6,79,19873
2016,Females,6,80,18831
2016,Females,6,81,17807
2016,Females,6,82,16126
2016,Females,6,83,15675
2016,Females,6,84,14991
2016,Females,6,85,14011
2016,Females,6,86,12872
2016,Females,6,87,11658
2016,Females,6,88,9966
2016,Females,6,89,8695
2016,Females,6,90,38526
2016,Females,7,0,28056
2016,Females,7,1,28296
2016,Females,7,2,28389
2016,Females,7,3,29150
2016,Females,7,4,30302
2016,Females,7,5,30388
2016,Females,7,6,29906
2016,Females,7,7,29670
2016,Females,7,8,29969
2016,Females,7,9,29192
2016,Females,7,10,28526
2016,Females,7,11,27419
2016,Females,7,12,27592
2016,Females,7,13,26828
2016,Females,7,14,26678
2016,Females,7,15,27856
2016,Females,7,16,28540
2016,Females,7,17,29394
2016,Females,7,18,29418
2016,Females,7,19,29403
2016,Females,7,20,28861
2016,Females,7,21,29571
2016,Females,7,22,30804
2016,Females,7,23,30627
2016,Females,7,24,31964
2016,Females,7,25,32239
2016,Females,7,26,31929
2016,Females,7,27,32144
2016,Females,7,28,33145
2016,Females,7,29,32504
2016,Females,7,30,33045
2016,Females,7,31,33198
2016,Females,7,32,33002
2016,Females,7,33,33716
2016,Females,7,34,34318
2016,Females,7,35,35427
2016,Females,7,36,35497
2016,Females,7,37,34520
2016,Females,7,38,32217
2016,Females,7,39,31735
2016,Females,7,40,32718
2016,Females,7,41,33928
2016,Females,7,42,35037
2016,Females,7,43,36692
2016,Females,7,44,38203
2016,Females,7,45,39827
2016,Females,7,46,39406
2016,Females,7,47,40286
2016,Females,7,48,40361
2016,Females,7,49,41513
2016,Females,7,50,41451
2016,Females,7,51,42106
2016,Females,7,52,42130
2016,Females,7,53,40805
2016,Females,7,54,39758
2016,Females,7,55,38648
2016,Females,7,56,37470
2016,Females,7,57,36536
2016,Females,7,58,36190
2016,Females,7,59,34993
2016,Females,7,60,33364
2016,Females,7,61,32547
2016,Females,7,62,33225
2016,Females,7,63,33323
2016,Females,7,64,32497
2016,Females,7,65,32865
2016,Females,7,66,33803
2016,Females,7,67,34929
2016,Females,7,68,37121
2016,Females,7,69,40193
2016,Females,7,70,31235
2016,Females,7,71,30041
2016,Females,7,72,30334
2016,Females,7,73,27925
2016,Females,7,74,24859
2016,Females,7,75,21904
2016,Females,7,76,22924
2016,Females,7,77,22435
2016,Females,7,78,21618
2016,Females,7,79,20730
2016,Females,7,80,19146
2016,Females,7,81,18341
2016,Females,7,82,16735
2016,Females,7,83,15921
2016,Females,7,84,15100
2016,Females,7,85,14097
2016,Females,7,86,12828
2016,Females,7,87,11367
2016,Females,7,88,10158
2016,Females,7,89,8686
2016,Females,7,90,38430
2016,Females,8,0,27566
2016,Females,8,1,27923
2016,Females,8,2,28140
2016,Females,8,3,29202
2016,Females,8,4,30773
2016,Females,8,5,30450
2016,Females,8,6,30122
2016,Females,8,7,29854
2016,Females,8,8,30245
2016,Females,8,9,29595
2016,Females,8,10,29458
2016,Females,8,11,28420
2016,Females,8,12,28313
2016,Females,8,13,27528
2016,Females,8,14,26868
2016,Females,8,15,28018
2016,Females,8,16,29053
2016,Females,8,17,29897
2016,Females,8,18,29793
2016,Females,8,19,27964
2016,Females,8,20,26612
2016,Females,8,21,27349
2016,Females,8,22,28764
2016,Females,8,23,28959
2016,Females,8,24,30149
2016,Females,8,25,31007
2016,Females,8,26,30231
2016,Females,8,27,30502
2016,Females,8,28,31153
2016,Females,8,29,31069
2016,Females,8,30,30947
2016,Females,8,31,31511
2016,Females,8,32,31566
2016,Females,8,33,32519
2016,Females,8,34,33765
2016,Females,8,35,34380
2016,Females,8,36,34531
2016,Females,8,37,34109
2016,Females,8,38,32163
2016,Females,8,39,32501
2016,Females,8,40,33137
2016,Females,8,41,34426
2016,Females,8,42,35693
2016,Females,8,43,37137
2016,Females,8,44,39070
2016,Females,8,45,40941
2016,Females,8,46,39355
2016,Females,8,47,40777
2016,Females,8,48,40918
2016,Females,8,49,41696
2016,Females,8,50,42300
2016,Females,8,51,42374
2016,Females,8,52,42137
2016,Females,8,53,41458
2016,Females,8,54,40286
2016,Females,8,55,38726
2016,Females,8,56,36851
2016,Females,8,57,36311
2016,Females,8,58,35948
2016,Females,8,59,34372
2016,Females,8,60,33535
2016,Females,8,61,32856
2016,Females,8,62,33101
2016,Females,8,63,32613
2016,Females,8,64,32507
2016,Females,8,65,32842
2016,Females,8,66,34181
2016,Females,8,67,34907
2016,Females,8,68,37639
2016,Females,8,69,41281
2016,Females,8,70,31537
2016,Females,8,71,30764
2016,Females,8,72,30600
2016,Females,8,73,28417
2016,Females,8,74,24850
2016,Females,8,75,22217
2016,Females,8,76,22788
2016,Females,8,77,22721
2016,Females,8,78,21969
2016,Females,8,79,20602
2016,Females,8,80,19638
2016,Females,8,81,18346
2016,Females,8,82,17095
2016,Females,8,83,16088
2016,Females,8,84,15416
2016,Females,8,85,14114
2016,Females,8,86,13491
2016,Females,8,87,11561
2016,Females,8,88,10188
2016,Females,8,89,8946
2016,Females,8,90,38844
2016,Females,9,0,26044
2016,Females,9,1,26376
2016,Females,9,2,27625
2016,Females,9,3,28456
2016,Females,9,4,30256
2016,Females,9,5,30368
2016,Females,9,6,30260
2016,Females,9,7,29687
2016,Females,9,8,30580
2016,Females,9,9,30256
2016,Females,9,10,30005
2016,Females,9,11,28934
2016,Females,9,12,29125
2016,Females,9,13,28344
2016,Females,9,14,28103
2016,Females,9,15,29214
2016,Females,9,16,30055
2016,Females,9,17,31135
2016,Females,9,18,30878
2016,Females,9,19,29649
2016,Females,9,20,25577
2016,Females,9,21,25388
2016,Females,9,22,26789
2016,Females,9,23,26648
2016,Females,9,24,27387
2016,Females,9,25,27594
2016,Females,9,26,27089
2016,Females,9,27,26830
2016,Females,9,28,27449
2016,Females,9,29,27258
2016,Females,9,30,27715
2016,Females,9,31,28632
2016,Females,9,32,28986
2016,Females,9,33,30014
2016,Females,9,34,31463
2016,Females,9,35,32922
2016,Females,9,36,34186
2016,Females,9,37,33934
2016,Females,9,38,31835
2016,Females,9,39,32161
2016,Females,9,40,33591
2016,Females,9,41,35073
2016,Females,9,42,36212
2016,Females,9,43,38061
2016,Females,9,44,40193
2016,Females,9,45,41427
2016,Females,9,46,40079
2016,Females,9,47,41798
2016,Females,9,48,41629
2016,Females,9,49,42190
2016,Females,9,50,42991
2016,Females,9,51,42988
2016,Females,9,52,42642
2016,Females,9,53,41965
2016,Females,9,54,40579
2016,Females,9,55,39353
2016,Females,9,56,37346
2016,Females,9,57,36981
2016,Females,9,58,36341
2016,Females,9,59,34954
2016,Females,9,60,33596
2016,Females,9,61,32894
2016,Females,9,62,33144
2016,Females,9,63,33056
2016,Females,9,64,32571
2016,Females,9,65,33269
2016,Females,9,66,34388
2016,Females,9,67,35770
2016,Females,9,68,38558
2016,Females,9,69,42040
2016,Females,9,70,32188
2016,Females,9,71,31473
2016,Females,9,72,31581
2016,Females,9,73,28940
2016,Females,9,74,25208
2016,Females,9,75,22515
2016,Females,9,76,23265
2016,Females,9,77,23382
2016,Females,9,78,22384
2016,Females,9,79,21185
2016,Females,9,80,19796
2016,Females,9,81,18631
2016,Females,9,82,17443
2016,Females,9,83,16146
2016,Females,9,84,15510
2016,Females,9,85,14422
2016,Females,9,86,13204
2016,Females,9,87,11676
2016,Females,9,88,10362
2016,Females,9,89,9197
2016,Females,9,90,38765
2016,Females,10,0,23253
2016,Females,10,1,24319
2016,Females,10,2,25886
2016,Females,10,3,27591
2016,Females,10,4,30024
2016,Females,10,5,30569
2016,Females,10,6,30902
2016,Females,10,7,31103
2016,Females,10,8,32032
2016,Females,10,9,31679
2016,Females,10,10,31361
2016,Females,10,11,30930
2016,Females,10,12,31277
2016,Females,10,13,30512
2016,Females,10,14,29806
2016,Females,10,15,30828
2016,Females,10,16,31224
2016,Females,10,17,32240
2016,Females,10,18,31369
2016,Females,10,19,27098
2016,Females,10,20,22073
2016,Females,10,21,22382
2016,Females,10,22,23843
2016,Females,10,23,23672
2016,Females,10,24,23421
2016,Females,10,25,23207
2016,Females,10,26,21860
2016,Females,10,27,21306
2016,Females,10,28,21606
2016,Females,10,29,21300
2016,Females,10,30,22576
2016,Females,10,31,23584
2016,Females,10,32,24382
2016,Females,10,33,26102
2016,Females,10,34,27878
2016,Females,10,35,30428
2016,Females,10,36,31991
2016,Females,10,37,32341
2016,Females,10,38,31458
2016,Females,10,39,32293
2016,Females,10,40,33608
2016,Females,10,41,35817
2016,Females,10,42,37220
2016,Females,10,43,38819
2016,Females,10,44,40752
2016,Females,10,45,42467
2016,Females,10,46,40900
2016,Females,10,47,41951
2016,Females,10,48,42298
2016,Females,10,49,43130
2016,Females,10,50,43266
2016,Females,10,51,44043
2016,Females,10,52,43803
2016,Females,10,53,42273
2016,Females,10,54,41151
2016,Females,10,55,39816
2016,Females,10,56,37699
2016,Females,10,57,36993
2016,Females,10,58,36154
2016,Females,10,59,34404
2016,Females,10,60,33808
2016,Females,10,61,32769
2016,Females,10,62,32850
2016,Females,10,63,33090
2016,Females,10,64,32379
2016,Females,10,65,33125
2016,Females,10,66,34366
2016,Females,10,67,35690
2016,Females,10,68,38165
2016,Females,10,69,42128
2016,Females,10,70,32258
2016,Females,10,71,31475
2016,Females,10,72,31485
2016,Females,10,73,28829
2016,Females,10,74,24807
2016,Females,10,75,22295
2016,Females,10,76,23205
2016,Females,10,77,23393
2016,Females,10,78,22490
2016,Females,10,79,21451
2016,Females,10,80,20433
2016,Females,10,81,19205
2016,Females,10,82,17458
2016,Females,10,83,16278
2016,Females,10,84,15589
2016,Females,10,85,14781
2016,Females,10,86,13483
2016,Females,10,87,11813
2016,Females,10,88,10313
2016,Females,10,89,8921
2016,Females,10,90,37035
2017,Females,1,0,43273
2017,Females,1,1,44459
2017,Females,1,2,44391
2017,Females,1,3,44657
2017,Females,1,4,45337
2017,Females,1,5,46292
2017,Females,1,6,44356
2017,Females,1,7,43103
2017,Females,1,8,42587
2017,Females,1,9,41825
2017,Females,1,10,40462
2017,Females,1,11,40089
2017,Females,1,12,37642
2017,Females,1,13,35927
2017,Females,1,14,34529
2017,Females,1,15,33166
2017,Females,1,16,34036
2017,Females,1,17,34549
2017,Females,1,18,35383
2017,Females,1,19,36007
2017,Females,1,20,39883
2017,Females,1,21,39271
2017,Females,1,22,39122
2017,Females,1,23,41290
2017,Females,1,24,42858
2017,Females,1,25,47700
2017,Females,1,26,47995
2017,Females,1,27,46813
2017,Females,1,28,46604
2017,Females,1,29,47091
2017,Females,1,30,46755
2017,Females,1,31,45668
2017,Females,1,32,44521
2017,Females,1,33,43167
2017,Females,1,34,42696
2017,Females,1,35,41850
2017,Females,1,36,40263
2017,Females,1,37,40156
2017,Females,1,38,36936
2017,Females,1,39,33810
2017,Females,1,40,32551
2017,Females,1,41,33381
2017,Females,1,42,32678
2017,Females,1,43,33134
2017,Females,1,44,34171
2017,Females,1,45,34893
2017,Females,1,46,36454
2017,Females,1,47,35633
2017,Females,1,48,35947
2017,Females,1,49,35124
2017,Females,1,50,35257
2017,Females,1,51,34780
2017,Females,1,52,34835
2017,Females,1,53,33747
2017,Females,1,54,33200
2017,Females,1,55,32366
2017,Females,1,56,30801
2017,Females,1,57,29572
2017,Females,1,58,28425
2017,Females,1,59,27714
2017,Females,1,60,26867
2017,Females,1,61,25285
2017,Females,1,62,24021
2017,Females,1,63,23600
2017,Females,1,64,22712
2017,Females,1,65,21815
2017,Females,1,66,21194
2017,Females,1,67,21105
2017,Females,1,68,21086
2017,Females,1,69,21388
2017,Females,1,70,22386
2017,Females,1,71,17336
2017,Females,1,72,16653
2017,Females,1,73,16410
2017,Females,1,74,15866
2017,Females,1,75,14607
2017,Females,1,76,13752
2017,Females,1,77,14198
2017,Females,1,78,13707
2017,Females,1,79,13472
2017,Females,1,80,12540
2017,Females,1,81,11918
2017,Females,1,82,11029
2017,Females,1,83,9929
2017,Females,1,84,9192
2017,Females,1,85,8770
2017,Females,1,86,8156
2017,Females,1,87,7418
2017,Females,1,88,6238
2017,Females,1,89,5423
2017,Females,1,90,22829
2017,Females,2,0,40334
2017,Females,2,1,41071
2017,Females,2,2,40611
2017,Females,2,3,40634
2017,Females,2,4,41631
2017,Females,2,5,42536
2017,Females,2,6,41130
2017,Females,2,7,39797
2017,Females,2,8,39265
2017,Females,2,9,39298
2017,Females,2,10,37391
2017,Females,2,11,36616
2017,Females,2,12,34738
2017,Females,2,13,33211
2017,Females,2,14,32247
2017,Females,2,15,31607
2017,Females,2,16,32165
2017,Females,2,17,32841
2017,Females,2,18,34014
2017,Females,2,19,36873
2017,Females,2,20,40685
2017,Females,2,21,41207
2017,Females,2,22,41539
2017,Females,2,23,44080
2017,Females,2,24,46007
2017,Females,2,25,48548
2017,Females,2,26,49458
2017,Females,2,27,49065
2017,Females,2,28,49595
2017,Females,2,29,50105
2017,Females,2,30,49028
2017,Females,2,31,48080
2017,Females,2,32,47501
2017,Females,2,33,45855
2017,Females,2,34,45040
2017,Females,2,35,44113
2017,Females,2,36,42920
2017,Females,2,37,42212
2017,Females,2,38,39512
2017,Females,2,39,36186
2017,Females,2,40,34456
2017,Females,2,41,34906
2017,Females,2,42,35112
2017,Females,2,43,34835
2017,Females,2,44,35829
2017,Females,2,45,36953
2017,Females,2,46,38363
2017,Females,2,47,37508
2017,Females,2,48,37733
2017,Females,2,49,37468
2017,Females,2,50,37297
2017,Females,2,51,37323
2017,Females,2,52,36929
2017,Females,2,53,35834
2017,Females,2,54,34884
2017,Females,2,55,33872
2017,Females,2,56,32639
2017,Females,2,57,31339
2017,Females,2,58,30099
2017,Females,2,59,28857
2017,Females,2,60,27592
2017,Females,2,61,26464
2017,Females,2,62,24884
2017,Females,2,63,24789
2017,Females,2,64,23741
2017,Females,2,65,23105
2017,Females,2,66,22247
2017,Females,2,67,22610
2017,Females,2,68,22444
2017,Females,2,69,22748
2017,Females,2,70,24305
2017,Females,2,71,19040
2017,Females,2,72,18194
2017,Females,2,73,17889
2017,Females,2,74,17164
2017,Females,2,75,15651
2017,Females,2,76,14520
2017,Females,2,77,14941
2017,Females,2,78,14758
2017,Females,2,79,14302
2017,Females,2,80,13430
2017,Females,2,81,12684
2017,Females,2,82,11856
2017,Females,2,83,10861
2017,Females,2,84,10328
2017,Females,2,85,9877
2017,Females,2,86,9305
2017,Females,2,87,8334
2017,Females,2,88,7171
2017,Females,2,89,6280
2017,Females,2,90,26791
2017,Females,3,0,37699
2017,Females,3,1,37697
2017,Females,3,2,37290
2017,Females,3,3,37800
2017,Females,3,4,37958
2017,Females,3,5,38935
2017,Females,3,6,37342
2017,Females,3,7,36652
2017,Females,3,8,35778
2017,Females,3,9,35568
2017,Females,3,10,34306
2017,Females,3,11,32912
2017,Females,3,12,31285
2017,Females,3,13,30166
2017,Females,3,14,29173
2017,Females,3,15,29205
2017,Females,3,16,29505
2017,Females,3,17,30040
2017,Females,3,18,32810
2017,Females,3,19,38243
2017,Females,3,20,42297
2017,Females,3,21,42465
2017,Females,3,22,43195
2017,Females,3,23,45625
2017,Females,3,24,46728
2017,Females,3,25,48498
2017,Females,3,26,49280
2017,Females,3,27,48973
2017,Females,3,28,48754
2017,Females,3,29,49631
2017,Females,3,30,48632
2017,Females,3,31,47494
2017,Females,3,32,47075
2017,Females,3,33,45304
2017,Females,3,34,45077
2017,Females,3,35,43407
2017,Females,3,36,42482
2017,Females,3,37,42089
2017,Females,3,38,39182
2017,Females,3,39,36107
2017,Females,3,40,34630
2017,Females,3,41,34903
2017,Females,3,42,34682
2017,Females,3,43,34675
2017,Females,3,44,35955
2017,Females,3,45,37005
2017,Females,3,46,37775
2017,Females,3,47,37403
2017,Females,3,48,37974
2017,Females,3,49,37816
2017,Females,3,50,37506
2017,Females,3,51,37614
2017,Females,3,52,37528
2017,Females,3,53,36786
2017,Females,3,54,35938
2017,Females,3,55,34557
2017,Females,3,56,33671
2017,Females,3,57,32129
2017,Females,3,58,30971
2017,Females,3,59,30316
2017,Females,3,60,28917
2017,Females,3,61,27879
2017,Females,3,62,26528
2017,Females,3,63,26439
2017,Females,3,64,25433
2017,Females,3,65,24652
2017,Females,3,66,24467
2017,Females,3,67,24740
2017,Females,3,68,24986
2017,Females,3,69,25905
2017,Females,3,70,27174
2017,Females,3,71,21177
2017,Females,3,72,20274
2017,Females,3,73,20070
2017,Females,3,74,19095
2017,Females,3,75,17511
2017,Females,3,76,15975
2017,Females,3,77,16468
2017,Females,3,78,15945
2017,Females,3,79,15833
2017,Females,3,80,14980
2017,Females,3,81,14016
2017,Females,3,82,13297
2017,Females,3,83,12000
2017,Females,3,84,11273
2017,Females,3,85,10750
2017,Females,3,86,10019
2017,Females,3,87,9080
2017,Females,3,88,8101
2017,Females,3,89,6890
2017,Females,3,90,29952
2017,Females,4,0,34220
2017,Females,4,1,34779
2017,Females,4,2,34390
2017,Females,4,3,34234
2017,Females,4,4,34907
2017,Females,4,5,35865
2017,Females,4,6,34795
2017,Females,4,7,33355
2017,Females,4,8,32858
2017,Females,4,9,32873
2017,Females,4,10,31411
2017,Females,4,11,30451
2017,Females,4,12,28965
2017,Females,4,13,28606
2017,Females,4,14,27565
2017,Females,4,15,27387
2017,Females,4,16,27929
2017,Females,4,17,28649
2017,Females,4,18,31163
2017,Females,4,19,37443
2017,Females,4,20,41968
2017,Females,4,21,41769
2017,Females,4,22,41464
2017,Females,4,23,42185
2017,Females,4,24,43068
2017,Females,4,25,43451
2017,Females,4,26,44794
2017,Females,4,27,44317
2017,Females,4,28,44582
2017,Females,4,29,45428
2017,Females,4,30,43765
2017,Females,4,31,44000
2017,Females,4,32,43366
2017,Females,4,33,42174
2017,Females,4,34,41845
2017,Females,4,35,40753
2017,Females,4,36,40983
2017,Females,4,37,40237
2017,Females,4,38,37725
2017,Females,4,39,34941
2017,Females,4,40,33700
2017,Females,4,41,34241
2017,Females,4,42,34064
2017,Females,4,43,34432
2017,Females,4,44,35571
2017,Females,4,45,37246
2017,Females,4,46,38486
2017,Females,4,47,37324
2017,Females,4,48,38453
2017,Females,4,49,38076
2017,Females,4,50,38228
2017,Females,4,51,38558
2017,Females,4,52,38704
2017,Females,4,53,37899
2017,Females,4,54,37185
2017,Females,4,55,36878
2017,Females,4,56,35036
2017,Females,4,57,33871
2017,Females,4,58,32881
2017,Females,4,59,32118
2017,Females,4,60,31357
2017,Females,4,61,29876
2017,Females,4,62,28676
2017,Females,4,63,29093
2017,Females,4,64,28077
2017,Females,4,65,27440
2017,Females,4,66,27489
2017,Females,4,67,27999
2017,Females,4,68,28338
2017,Females,4,69,29596
2017,Females,4,70,31096
2017,Females,4,71,24524
2017,Females,4,72,23639
2017,Females,4,73,23160
2017,Females,4,74,21704
2017,Females,4,75,19849
2017,Females,4,76,17951
2017,Females,4,77,18119
2017,Females,4,78,18067
2017,Females,4,79,17302
2017,Females,4,80,16321
2017,Females,4,81,15551
2017,Females,4,82,14559
2017,Females,4,83,13275
2017,Females,4,84,12567
2017,Females,4,85,11739
2017,Females,4,86,11375
2017,Females,4,87,10264
2017,Females,4,88,8915
2017,Females,4,89,7609
2017,Females,4,90,32696
2017,Females,5,0,31009
2017,Females,5,1,31839
2017,Females,5,2,31426
2017,Females,5,3,31759
2017,Females,5,4,32289
2017,Females,5,5,32950
2017,Females,5,6,32248
2017,Females,5,7,31913
2017,Females,5,8,31165
2017,Females,5,9,31419
2017,Females,5,10,29833
2017,Females,5,11,29282
2017,Females,5,12,28297
2017,Females,5,13,28017
2017,Females,5,14,26947
2017,Females,5,15,26888
2017,Females,5,16,27622
2017,Females,5,17,28442
2017,Females,5,18,29907
2017,Females,5,19,32743
2017,Females,5,20,35136
2017,Females,5,21,34788
2017,Females,5,22,35180
2017,Females,5,23,36261
2017,Females,5,24,37272
2017,Females,5,25,38639
2017,Females,5,26,39574
2017,Females,5,27,39312
2017,Females,5,28,39554
2017,Females,5,29,40057
2017,Females,5,30,38924
2017,Females,5,31,38998
2017,Females,5,32,39432
2017,Females,5,33,38015
2017,Females,5,34,38595
2017,Females,5,35,37921
2017,Females,5,36,38226
2017,Females,5,37,37830
2017,Females,5,38,35976
2017,Females,5,39,33102
2017,Females,5,40,32349
2017,Females,5,41,33282
2017,Females,5,42,33710
2017,Females,5,43,34197
2017,Females,5,44,35476
2017,Females,5,45,37379
2017,Females,5,46,38655
2017,Females,5,47,37733
2017,Females,5,48,38958
2017,Females,5,49,39289
2017,Females,5,50,39540
2017,Females,5,51,39762
2017,Females,5,52,39868
2017,Females,5,53,39860
2017,Females,5,54,39048
2017,Females,5,55,37941
2017,Females,5,56,36699
2017,Females,5,57,35571
2017,Females,5,58,34940
2017,Females,5,59,33902
2017,Females,5,60,32704
2017,Females,5,61,31989
2017,Females,5,62,30797
2017,Females,5,63,30921
2017,Females,5,64,31102
2017,Females,5,65,29646
2017,Females,5,66,30177
2017,Females,5,67,30644
2017,Females,5,68,31004
2017,Females,5,69,32632
2017,Females,5,70,35836
2017,Females,5,71,27504
2017,Females,5,72,26664
2017,Females,5,73,26043
2017,Females,5,74,24382
2017,Females,5,75,21996
2017,Females,5,76,19548
2017,Females,5,77,20217
2017,Females,5,78,19819
2017,Females,5,79,19136
2017,Females,5,80,17910
2017,Females,5,81,17085
2017,Females,5,82,15751
2017,Females,5,83,14798
2017,Females,5,84,13694
2017,Females,5,85,13246
2017,Females,5,86,12172
2017,Females,5,87,10935
2017,Females,5,88,9499
2017,Females,5,89,8263
2017,Females,5,90,35668
2017,Females,6,0,29576
2017,Females,6,1,30924
2017,Females,6,2,30496
2017,Females,6,3,30714
2017,Females,6,4,31286
2017,Females,6,5,32100
2017,Females,6,6,31631
2017,Females,6,7,31279
2017,Females,6,8,30580
2017,Females,6,9,30895
2017,Females,6,10,29786
2017,Females,6,11,29264
2017,Females,6,12,28301
2017,Females,6,13,27872
2017,Females,6,14,27309
2017,Females,6,15,26825
2017,Females,6,16,27647
2017,Females,6,17,28668
2017,Females,6,18,28943
2017,Females,6,19,27111
2017,Females,6,20,28813
2017,Females,6,21,29732
2017,Females,6,22,30829
2017,Females,6,23,32451
2017,Females,6,24,33307
2017,Females,6,25,35168
2017,Females,6,26,36125
2017,Females,6,27,36050
2017,Females,6,28,36441
2017,Females,6,29,37256
2017,Females,6,30,36602
2017,Females,6,31,36994
2017,Females,6,32,36900
2017,Females,6,33,36373
2017,Females,6,34,36876
2017,Females,6,35,36991
2017,Females,6,36,37175
2017,Females,6,37,37100
2017,Females,6,38,35683
2017,Females,6,39,33376
2017,Females,6,40,32756
2017,Females,6,41,33431
2017,Females,6,42,34312
2017,Females,6,43,35230
2017,Females,6,44,36697
2017,Females,6,45,38534
2017,Females,6,46,40027
2017,Females,6,47,38944
2017,Females,6,48,39832
2017,Females,6,49,40377
2017,Females,6,50,41083
2017,Females,6,51,41424
2017,Females,6,52,41439
2017,Females,6,53,41503
2017,Females,6,54,40314
2017,Females,6,55,39766
2017,Females,6,56,37893
2017,Females,6,57,36570
2017,Females,6,58,36145
2017,Females,6,59,35163
2017,Females,6,60,34371
2017,Females,6,61,33024
2017,Females,6,62,32330
2017,Females,6,63,32540
2017,Females,6,64,32045
2017,Females,6,65,31253
2017,Females,6,66,31819
2017,Females,6,67,32261
2017,Females,6,68,33140
2017,Females,6,69,35662
2017,Females,6,70,38283
2017,Females,6,71,29620
2017,Females,6,72,28735
2017,Females,6,73,28454
2017,Females,6,74,26173
2017,Females,6,75,23308
2017,Females,6,76,20693
2017,Females,6,77,21619
2017,Females,6,78,21072
2017,Females,6,79,20061
2017,Females,6,80,19185
2017,Females,6,81,18208
2017,Females,6,82,16998
2017,Females,6,83,15349
2017,Females,6,84,14883
2017,Females,6,85,14187
2017,Females,6,86,12973
2017,Females,6,87,11844
2017,Females,6,88,10524
2017,Females,6,89,8923
2017,Females,6,90,38664
2017,Females,7,0,27592
2017,Females,7,1,28506
2017,Females,7,2,28727
2017,Females,7,3,28767
2017,Females,7,4,29706
2017,Females,7,5,31009
2017,Females,7,6,30838
2017,Females,7,7,30264
2017,Females,7,8,29944
2017,Females,7,9,30293
2017,Females,7,10,29314
2017,Females,7,11,28856
2017,Females,7,12,27816
2017,Females,7,13,27836
2017,Females,7,14,27187
2017,Females,7,15,26871
2017,Females,7,16,27987
2017,Females,7,17,28649
2017,Females,7,18,29337
2017,Females,7,19,28505
2017,Females,7,20,29269
2017,Females,7,21,29499
2017,Females,7,22,29723
2017,Females,7,23,31354
2017,Females,7,24,30913
2017,Females,7,25,31887
2017,Females,7,26,32597
2017,Females,7,27,32174
2017,Females,7,28,32551
2017,Females,7,29,33410
2017,Females,7,30,33109
2017,Females,7,31,33421
2017,Females,7,32,33742
2017,Females,7,33,33504
2017,Females,7,34,33975
2017,Females,7,35,34584
2017,Females,7,36,35753
2017,Females,7,37,35870
2017,Females,7,38,34738
2017,Females,7,39,32397
2017,Females,7,40,32091
2017,Females,7,41,32854
2017,Females,7,42,34018
2017,Females,7,43,35095
2017,Females,7,44,36956
2017,Females,7,45,38366
2017,Females,7,46,40056
2017,Females,7,47,39518
2017,Females,7,48,40408
2017,Females,7,49,40364
2017,Females,7,50,41553
2017,Females,7,51,41655
2017,Females,7,52,42192
2017,Females,7,53,42132
2017,Females,7,54,40820
2017,Females,7,55,39840
2017,Females,7,56,38758
2017,Females,7,57,37641
2017,Females,7,58,36508
2017,Females,7,59,36174
2017,Females,7,60,34933
2017,Females,7,61,33394
2017,Females,7,62,32552
2017,Females,7,63,33271
2017,Females,7,64,33373
2017,Females,7,65,32492
2017,Females,7,66,32673
2017,Females,7,67,33642
2017,Females,7,68,34825
2017,Females,7,69,36858
2017,Females,7,70,39982
2017,Females,7,71,30859
2017,Females,7,72,29815
2017,Females,7,73,29928
2017,Females,7,74,27479
2017,Females,7,75,24480
2017,Females,7,76,21513
2017,Females,7,77,22426
2017,Females,7,78,21936
2017,Females,7,79,20997
2017,Females,7,80,19995
2017,Females,7,81,18500
2017,Females,7,82,17524
2017,Females,7,83,15963
2017,Females,7,84,14944
2017,Females,7,85,14052
2017,Females,7,86,13085
2017,Females,7,87,11805
2017,Females,7,88,10291
2017,Females,7,89,9092
2017,Females,7,90,38580
2017,Females,8,0,26968
2017,Females,8,1,28033
2017,Females,8,2,28536
2017,Females,8,3,28745
2017,Females,8,4,29630
2017,Females,8,5,31120
2017,Females,8,6,30778
2017,Females,8,7,30500
2017,Females,8,8,30103
2017,Females,8,9,30543
2017,Females,8,10,29809
2017,Females,8,11,29650
2017,Females,8,12,28696
2017,Females,8,13,28597
2017,Females,8,14,27606
2017,Females,8,15,26981
2017,Females,8,16,28331
2017,Females,8,17,29164
2017,Females,8,18,29676
2017,Females,8,19,27075
2017,Females,8,20,27014
2017,Females,8,21,26964
2017,Females,8,22,27894
2017,Females,8,23,28964
2017,Females,8,24,29099
2017,Females,8,25,30346
2017,Females,8,26,31199
2017,Females,8,27,30596
2017,Females,8,28,30814
2017,Females,8,29,31459
2017,Females,8,30,31333
2017,Females,8,31,31593
2017,Females,8,32,32078
2017,Females,8,33,32199
2017,Females,8,34,33247
2017,Females,8,35,34079
2017,Females,8,36,34819
2017,Females,8,37,34945
2017,Females,8,38,34633
2017,Females,8,39,32306
2017,Females,8,40,32800
2017,Females,8,41,33389
2017,Females,8,42,34755
2017,Females,8,43,35774
2017,Females,8,44,37327
2017,Females,8,45,38978
2017,Females,8,46,40794
2017,Females,8,47,39482
2017,Females,8,48,40688
2017,Females,8,49,40942
2017,Females,8,50,41850
2017,Females,8,51,42251
2017,Females,8,52,42304
2017,Females,8,53,42132
2017,Females,8,54,41378
2017,Females,8,55,39974
2017,Females,8,56,38643
2017,Females,8,57,36762
2017,Females,8,58,36369
2017,Females,8,59,35858
2017,Females,8,60,34302
2017,Females,8,61,33474
2017,Females,8,62,32865
2017,Females,8,63,32921
2017,Females,8,64,32571
2017,Females,8,65,32338
2017,Females,8,66,32661
2017,Females,8,67,34048
2017,Females,8,68,34749
2017,Females,8,69,37314
2017,Females,8,70,41085
2017,Females,8,71,31339
2017,Females,8,72,30391
2017,Females,8,73,30265
2017,Females,8,74,27919
2017,Females,8,75,24471
2017,Females,8,76,21797
2017,Females,8,77,22376
2017,Females,8,78,22205
2017,Females,8,79,21364
2017,Females,8,80,20080
2017,Females,8,81,19027
2017,Females,8,82,17667
2017,Females,8,83,16223
2017,Females,8,84,15155
2017,Females,8,85,14447
2017,Females,8,86,13100
2017,Females,8,87,12337
2017,Females,8,88,10522
2017,Females,8,89,9107
2017,Females,8,90,39238
2017,Females,9,0,25395
2017,Females,9,1,26790
2017,Females,9,2,27136
2017,Females,9,3,28397
2017,Females,9,4,29174
2017,Females,9,5,30825
2017,Females,9,6,30716
2017,Females,9,7,30775
2017,Females,9,8,30077
2017,Females,9,9,31013
2017,Females,9,10,30476
2017,Females,9,11,30309
2017,Females,9,12,29227
2017,Females,9,13,29399
2017,Females,9,14,28807
2017,Females,9,15,28456
2017,Females,9,16,29590
2017,Females,9,17,30443
2017,Females,9,18,31060
2017,Females,9,19,29273
2017,Females,9,20,25580
2017,Females,9,21,25217
2017,Females,9,22,26247
2017,Females,9,23,26942
2017,Females,9,24,26301
2017,Females,9,25,27634
2017,Females,9,26,27657
2017,Females,9,27,27241
2017,Females,9,28,27023
2017,Females,9,29,28084
2017,Females,9,30,27737
2017,Females,9,31,28503
2017,Females,9,32,29260
2017,Females,9,33,29788
2017,Females,9,34,30935
2017,Females,9,35,32543
2017,Females,9,36,33643
2017,Females,9,37,34912
2017,Females,9,38,34340
2017,Females,9,39,32231
2017,Females,9,40,32967
2017,Females,9,41,33842
2017,Females,9,42,35394
2017,Females,9,43,36508
2017,Females,9,44,38174
2017,Females,9,45,40165
2017,Females,9,46,41486
2017,Females,9,47,40066
2017,Females,9,48,41744
2017,Females,9,49,41575
2017,Females,9,50,42021
2017,Females,9,51,42888
2017,Females,9,52,42938
2017,Females,9,53,42464
2017,Females,9,54,41837
2017,Females,9,55,40482
2017,Females,9,56,39209
2017,Females,9,57,37268
2017,Females,9,58,36868
2017,Females,9,59,36188
2017,Females,9,60,34703
2017,Females,9,61,33446
2017,Females,9,62,32682
2017,Females,9,63,33006
2017,Females,9,64,32888
2017,Females,9,65,32541
2017,Females,9,66,33140
2017,Females,9,67,34302
2017,Females,9,68,35514
2017,Females,9,69,38326
2017,Females,9,70,41665
2017,Females,9,71,31982
2017,Females,9,72,31204
2017,Females,9,73,31202
2017,Females,9,74,28594
2017,Females,9,75,24881
2017,Females,9,76,22085
2017,Females,9,77,22855
2017,Females,9,78,22874
2017,Females,9,79,21864
2017,Females,9,80,20541
2017,Females,9,81,19144
2017,Females,9,82,18033
2017,Females,9,83,16596
2017,Females,9,84,15228
2017,Females,9,85,14479
2017,Females,9,86,13409
2017,Females,9,87,12128
2017,Females,9,88,10595
2017,Females,9,89,9140
2017,Females,9,90,39666
2017,Females,10,0,22366
2017,Females,10,1,24663
2017,Females,10,2,25712
2017,Females,10,3,27042
2017,Females,10,4,28836
2017,Females,10,5,30802
2017,Females,10,6,31323
2017,Females,10,7,31444
2017,Females,10,8,31742
2017,Females,10,9,32435
2017,Females,10,10,32211
2017,Females,10,11,31800
2017,Females,10,12,31281
2017,Females,10,13,31533
2017,Females,10,14,30634
2017,Females,10,15,29716
2017,Females,10,16,30877
2017,Females,10,17,31290
2017,Females,10,18,31444
2017,Females,10,19,26537
2017,Females,10,20,22053
2017,Females,10,21,22237
2017,Females,10,22,23492
2017,Females,10,23,23768
2017,Females,10,24,22722
2017,Females,10,25,22488
2017,Females,10,26,22556
2017,Females,10,27,21447
2017,Females,10,28,21308
2017,Females,10,29,21964
2017,Females,10,30,22730
2017,Females,10,31,23358
2017,Females,10,32,24532
2017,Females,10,33,25622
2017,Females,10,34,27102
2017,Females,10,35,29346
2017,Females,10,36,31532
2017,Females,10,37,32972
2017,Females,10,38,33130
2017,Females,10,39,32150
2017,Females,10,40,33220
2017,Females,10,41,34157
2017,Females,10,42,36266
2017,Females,10,43,37418
2017,Females,10,44,39032
2017,Females,10,45,40797
2017,Females,10,46,42506
2017,Females,10,47,40862
2017,Females,10,48,42007
2017,Females,10,49,42127
2017,Females,10,50,42752
2017,Females,10,51,43088
2017,Females,10,52,43752
2017,Females,10,53,43470
2017,Females,10,54,41940
2017,Females,10,55,40894
2017,Females,10,56,39394
2017,Females,10,57,37289
2017,Females,10,58,36752
2017,Females,10,59,35999
2017,Females,10,60,34290
2017,Females,10,61,33355
2017,Females,10,62,32498
2017,Females,10,63,32671
2017,Females,10,64,32783
2017,Females,10,65,32080
2017,Females,10,66,32899
2017,Females,10,67,34207
2017,Females,10,68,35393
2017,Females,10,69,37947
2017,Females,10,70,42001
2017,Females,10,71,32037
2017,Females,10,72,31160
2017,Females,10,73,31252
2017,Females,10,74,28540
2017,Females,10,75,24419
2017,Females,10,76,21945
2017,Females,10,77,22776
2017,Females,10,78,22920
2017,Females,10,79,21820
2017,Females,10,80,20780
2017,Females,10,81,19698
2017,Females,10,82,18421
2017,Females,10,83,16757
2017,Females,10,84,15402
2017,Females,10,85,14608
2017,Females,10,86,13767
2017,Females,10,87,12395
2017,Females,10,88,10733
2017,Females,10,89,9125
2017,Females,10,90,37822
